Trade #,Side,Entry Time,Entry Price,Exit Time,Exit Price,Position Size (USDT),PnL (USDT),PnL (%),Cumulative PnL (USDT)
1,SHORT,2022-01-01T04:21:59.999Z,3716.82,2022-01-01T05:27:59.999Z,3754.60,1000.00,-10.16,-1.0165,-10.16
2,SHORT,2022-01-01T06:51:59.999Z,3715.93,2022-01-01T08:49:59.999Z,3729.23,1000.00,-3.58,-0.3579,-13.74
3,SHORT,2022-01-01T09:42:59.999Z,3710.91,2022-01-01T10:11:59.999Z,3727.37,1000.00,-4.44,-0.4436,-18.18
4,SHORT,2022-01-01T10:16:59.999Z,3713.75,2022-01-01T12:54:59.999Z,3714.07,1000.00,-0.09,-0.0086,-18.27
5,SHORT,2022-01-01T14:27:59.999Z,3708.60,2022-01-01T15:33:59.999Z,3727.56,1000.00,-5.11,-0.5112,-23.38
6,SHORT,2022-01-01T22:11:59.999Z,3745.77,2022-01-01T22:39:59.999Z,3762.90,1000.00,-4.57,-0.4573,-27.95
7,SHORT,2022-01-01T23:14:59.999Z,3747.08,2022-01-01T23:35:59.999Z,3759.79,1000.00,-3.39,-0.3392,-31.34
8,SHORT,2022-01-02T01:19:59.999Z,3751.10,2022-01-02T03:39:59.999Z,3756.70,1000.00,-1.49,-0.1493,-32.84
9,SHORT,2022-01-02T03:48:59.999Z,3747.21,2022-01-02T03:59:59.999Z,3758.55,1000.00,-3.03,-0.3026,-35.86
10,SHORT,2022-01-02T04:45:59.999Z,3730.58,2022-01-02T06:48:59.999Z,3746.48,1000.00,-4.26,-0.4262,-40.12
11,SHORT,2022-01-02T06:58:59.999Z,3738.38,2022-01-02T07:33:59.999Z,3747.29,1000.00,-2.38,-0.2383,-42.51
12,SHORT,2022-01-02T08:08:59.999Z,3737.66,2022-01-02T09:20:59.999Z,3743.32,1000.00,-1.51,-0.1514,-44.02
13,SHORT,2022-01-02T10:59:59.999Z,3743.16,2022-01-02T11:23:59.999Z,3752.45,1000.00,-2.48,-0.2482,-46.50
14,SHORT,2022-01-02T11:51:59.999Z,3743.20,2022-01-02T12:49:59.999Z,3757.06,1000.00,-3.70,-0.3703,-50.21
15,SHORT,2022-01-02T14:01:59.999Z,3744.94,2022-01-02T14:08:59.999Z,3751.28,1000.00,-1.69,-0.1693,-51.90
16,SHORT,2022-01-02T18:46:59.999Z,3784.05,2022-01-02T20:10:59.999Z,3806.42,1000.00,-5.91,-0.5912,-57.81
17,SHORT,2022-01-03T00:31:59.999Z,3809.86,2022-01-03T05:30:59.999Z,3811.48,1000.00,-0.43,-0.0425,-58.24
18,SHORT,2022-01-03T07:22:59.999Z,3801.04,2022-01-03T07:26:59.999Z,3806.10,1000.00,-1.33,-0.1331,-59.57
19,SHORT,2022-01-03T09:22:59.999Z,3796.00,2022-01-03T10:03:59.999Z,3814.64,1000.00,-4.91,-0.4910,-64.48
20,SHORT,2022-01-03T13:08:59.999Z,3820.79,2022-01-03T13:24:59.999Z,3828.09,1000.00,-1.91,-0.1911,-66.39
21,SHORT,2022-01-03T13:59:59.999Z,3819.29,2022-01-03T14:37:59.999Z,3845.09,1000.00,-6.76,-0.6755,-73.14
22,SHORT,2022-01-03T14:55:59.999Z,3808.92,2022-01-03T22:22:59.999Z,3747.21,1000.00,16.20,1.6201,-56.94
23,SHORT,2022-01-04T01:02:59.999Z,3737.55,2022-01-04T03:49:59.999Z,3746.27,1000.00,-2.33,-0.2333,-59.28
24,SHORT,2022-01-04T04:56:59.999Z,3733.36,2022-01-04T05:29:59.999Z,3747.28,1000.00,-3.73,-0.3729,-63.00
25,SHORT,2022-01-04T05:45:59.999Z,3735.40,2022-01-04T06:03:59.999Z,3745.69,1000.00,-2.75,-0.2755,-65.76
26,SHORT,2022-01-04T16:29:59.999Z,3842.96,2022-01-04T16:48:59.999Z,3855.00,1000.00,-3.13,-0.3133,-68.89
27,SHORT,2022-01-04T17:09:59.999Z,3845.34,2022-01-04T17:16:59.999Z,3856.15,1000.00,-2.81,-0.2811,-71.70
28,SHORT,2022-01-04T18:01:59.999Z,3838.08,2022-01-04T21:46:59.999Z,3824.92,1000.00,3.43,0.3429,-68.27
29,SHORT,2022-01-04T22:23:59.999Z,3817.26,2022-01-05T03:04:59.999Z,3804.89,1000.00,3.24,0.3241,-65.03
30,SHORT,2022-01-05T05:11:59.999Z,3804.14,2022-01-05T06:16:59.999Z,3820.15,1000.00,-4.21,-0.4209,-69.24
31,SHORT,2022-01-05T08:13:59.999Z,3805.65,2022-01-05T08:46:59.999Z,3822.87,1000.00,-4.52,-0.4525,-73.77
32,SHORT,2022-01-05T11:13:59.999Z,3810.99,2022-01-05T13:53:59.999Z,3803.90,1000.00,1.86,0.1860,-71.91
33,SHORT,2022-01-05T16:45:59.999Z,3795.30,2022-01-06T13:09:59.999Z,3385.29,1000.00,108.03,10.8031,36.12
34,SHORT,2022-01-06T21:04:59.999Z,3426.47,2022-01-07T08:30:59.999Z,3246.35,1000.00,52.57,5.2567,88.69
35,SHORT,2022-01-07T11:08:59.999Z,3227.88,2022-01-07T12:13:59.999Z,3247.74,1000.00,-6.15,-0.6153,82.54
36,SHORT,2022-01-07T13:15:59.999Z,3217.00,2022-01-07T17:00:59.999Z,3211.22,1000.00,1.80,0.1797,84.34
37,SHORT,2022-01-07T18:47:59.999Z,3167.99,2022-01-07T19:56:59.999Z,3193.61,1000.00,-8.09,-0.8087,76.25
38,SHORT,2022-01-07T22:44:59.999Z,3183.62,2022-01-08T00:16:59.999Z,3206.26,1000.00,-7.11,-0.7111,69.14
39,SHORT,2022-01-08T02:32:59.999Z,3197.59,2022-01-08T04:23:59.999Z,3212.10,1000.00,-4.54,-0.4538,64.60
40,SHORT,2022-01-08T06:31:59.999Z,3204.73,2022-01-08T07:03:59.999Z,3225.12,1000.00,-6.36,-0.6362,58.24
41,SHORT,2022-01-08T11:06:59.999Z,3211.48,2022-01-08T21:36:59.999Z,3066.54,1000.00,45.13,4.5132,103.37
42,SHORT,2022-01-09T00:09:59.999Z,3063.31,2022-01-09T00:46:59.999Z,3107.46,1000.00,-14.41,-1.4413,88.96
43,SHORT,2022-01-09T07:47:59.999Z,3126.75,2022-01-09T07:54:59.999Z,3132.60,1000.00,-1.87,-0.1871,87.09
44,SHORT,2022-01-09T08:18:59.999Z,3122.65,2022-01-09T11:15:59.999Z,3124.56,1000.00,-0.61,-0.0612,86.47
45,SHORT,2022-01-09T12:34:59.999Z,3108.00,2022-01-09T12:46:59.999Z,3118.31,1000.00,-3.32,-0.3317,83.16
46,SHORT,2022-01-09T12:59:59.999Z,3109.74,2022-01-09T13:19:59.999Z,3126.30,1000.00,-5.33,-0.5325,77.83
47,SHORT,2022-01-09T13:30:59.999Z,3101.56,2022-01-09T16:30:59.999Z,3111.47,1000.00,-3.20,-0.3195,74.64
48,SHORT,2022-01-09T22:50:59.999Z,3182.00,2022-01-10T04:15:59.999Z,3158.60,1000.00,7.35,0.7354,81.99
49,SHORT,2022-01-10T06:42:59.999Z,3160.32,2022-01-10T07:09:59.999Z,3171.19,1000.00,-3.44,-0.3440,78.55
50,SHORT,2022-01-10T07:18:59.999Z,3161.04,2022-01-10T10:34:59.999Z,3159.26,1000.00,0.56,0.0563,79.11
51,SHORT,2022-01-10T10:44:59.999Z,3147.05,2022-01-10T16:23:59.999Z,3077.50,1000.00,22.10,2.2100,101.21
52,SHORT,2022-01-10T17:35:59.999Z,2978.48,2022-01-10T18:51:59.999Z,3056.02,1000.00,-26.03,-2.6033,75.18
53,SHORT,2022-01-10T20:13:59.999Z,3025.94,2022-01-10T20:35:59.999Z,3047.27,1000.00,-7.05,-0.7049,68.13
54,SHORT,2022-01-11T00:44:59.999Z,3064.49,2022-01-11T01:36:59.999Z,3085.76,1000.00,-6.94,-0.6941,61.19
55,SHORT,2022-01-11T06:55:59.999Z,3101.00,2022-01-11T07:03:59.999Z,3112.59,1000.00,-3.74,-0.3738,57.45
56,SHORT,2022-01-11T08:57:59.999Z,3106.01,2022-01-11T09:45:59.999Z,3128.32,1000.00,-7.18,-0.7183,50.27
57,SHORT,2022-01-11T10:33:59.999Z,3111.43,2022-01-11T12:10:59.999Z,3122.21,1000.00,-3.46,-0.3465,46.81
58,SHORT,2022-01-11T13:53:59.999Z,3108.01,2022-01-11T15:07:59.999Z,3143.94,1000.00,-11.56,-1.1560,35.24
59,SHORT,2022-01-11T22:28:59.999Z,3225.60,2022-01-11T22:42:59.999Z,3232.53,1000.00,-2.15,-0.2148,33.10
60,SHORT,2022-01-11T22:44:59.999Z,3230.01,2022-01-11T22:48:59.999Z,3234.70,1000.00,-1.45,-0.1452,31.64
61,SHORT,2022-01-12T00:50:59.999Z,3230.39,2022-01-12T03:40:59.999Z,3238.84,1000.00,-2.62,-0.2616,29.03
62,SHORT,2022-01-12T04:32:59.999Z,3224.45,2022-01-12T06:31:59.999Z,3252.95,1000.00,-8.84,-0.8839,20.19
63,SHORT,2022-01-12T07:18:59.999Z,3211.13,2022-01-12T08:47:59.999Z,3231.96,1000.00,-6.49,-0.6487,13.70
64,SHORT,2022-01-12T22:00:59.999Z,3366.57,2022-01-12T22:39:59.999Z,3379.82,1000.00,-3.94,-0.3936,9.77
65,SHORT,2022-01-12T22:45:59.999Z,3369.32,2022-01-13T00:07:59.999Z,3380.98,1000.00,-3.46,-0.3461,6.31
66,SHORT,2022-01-13T00:21:59.999Z,3368.75,2022-01-13T04:31:59.999Z,3344.76,1000.00,7.12,0.7121,13.43
67,SHORT,2022-01-13T04:57:59.999Z,3337.86,2022-01-13T06:30:59.999Z,3339.44,1000.00,-0.47,-0.0473,12.95
68,SHORT,2022-01-13T06:31:59.999Z,3338.83,2022-01-13T06:32:59.999Z,3339.87,1000.00,-0.31,-0.0311,12.64
69,SHORT,2022-01-13T06:51:59.999Z,3334.64,2022-01-13T07:09:59.999Z,3343.17,1000.00,-2.56,-0.2558,10.09
70,SHORT,2022-01-13T07:46:59.999Z,3334.74,2022-01-13T08:09:59.999Z,3344.99,1000.00,-3.07,-0.3074,7.01
71,SHORT,2022-01-13T11:16:59.999Z,3337.40,2022-01-13T12:44:59.999Z,3358.92,1000.00,-6.45,-0.6448,0.56
72,SHORT,2022-01-13T15:20:59.999Z,3320.29,2022-01-14T00:56:59.999Z,3268.38,1000.00,15.63,1.5634,16.20
73,SHORT,2022-01-14T02:15:59.999Z,3246.87,2022-01-14T02:30:59.999Z,3266.11,1000.00,-5.93,-0.5926,10.27
74,SHORT,2022-01-14T07:43:59.999Z,3270.55,2022-01-14T14:41:59.999Z,3243.62,1000.00,8.23,0.8234,18.51
75,SHORT,2022-01-14T23:32:59.999Z,3299.21,2022-01-15T00:13:59.999Z,3312.25,1000.00,-3.95,-0.3952,14.55
76,SHORT,2022-01-15T00:39:59.999Z,3305.51,2022-01-15T00:58:59.999Z,3316.12,1000.00,-3.21,-0.3210,11.34
77,SHORT,2022-01-15T01:30:59.999Z,3307.86,2022-01-15T02:34:59.999Z,3313.01,1000.00,-1.56,-0.1557,9.79
78,SHORT,2022-01-15T04:02:59.999Z,3302.86,2022-01-15T05:43:59.999Z,3311.10,1000.00,-2.49,-0.2495,7.29
79,SHORT,2022-01-15T07:55:59.999Z,3307.66,2022-01-15T08:00:59.999Z,3315.65,1000.00,-2.42,-0.2416,4.88
80,SHORT,2022-01-15T11:54:59.999Z,3313.80,2022-01-15T14:41:59.999Z,3317.50,1000.00,-1.12,-0.1117,3.76
81,SHORT,2022-01-15T18:54:59.999Z,3345.66,2022-01-15T20:00:59.999Z,3354.55,1000.00,-2.66,-0.2657,1.10
82,SHORT,2022-01-15T21:31:59.999Z,3345.29,2022-01-16T05:05:59.999Z,3322.40,1000.00,6.84,0.6842,7.94
83,SHORT,2022-01-16T05:39:59.999Z,3311.39,2022-01-16T06:28:59.999Z,3320.69,1000.00,-2.81,-0.2808,5.14
84,SHORT,2022-01-16T08:57:59.999Z,3312.65,2022-01-16T10:17:59.999Z,3331.74,1000.00,-5.76,-0.5763,-0.63
85,SHORT,2022-01-16T10:54:59.999Z,3314.45,2022-01-16T12:19:59.999Z,3330.23,1000.00,-4.76,-0.4761,-5.39
86,SHORT,2022-01-16T13:27:59.999Z,3291.65,2022-01-16T14:04:59.999Z,3345.86,1000.00,-16.47,-1.6469,-21.86
87,SHORT,2022-01-16T18:05:59.999Z,3346.87,2022-01-16T22:16:59.999Z,3345.09,1000.00,0.53,0.0532,-21.32
88,SHORT,2022-01-17T00:28:59.999Z,3331.99,2022-01-17T07:10:59.999Z,3296.53,1000.00,10.64,1.0642,-10.68
89,SHORT,2022-01-17T08:05:59.999Z,3257.21,2022-01-17T12:53:59.999Z,3267.16,1000.00,-3.05,-0.3055,-13.74
90,SHORT,2022-01-17T12:59:59.999Z,3260.01,2022-01-17T13:19:59.999Z,3273.18,1000.00,-4.04,-0.4040,-17.78
91,SHORT,2022-01-17T13:47:59.999Z,3261.73,2022-01-17T14:01:59.999Z,3273.32,1000.00,-3.55,-0.3553,-21.33
92,SHORT,2022-01-17T14:15:59.999Z,3258.47,2022-01-17T14:24:59.999Z,3270.56,1000.00,-3.71,-0.3710,-25.04
93,SHORT,2022-01-17T14:32:59.999Z,3260.53,2022-01-17T19:39:59.999Z,3225.36,1000.00,10.79,1.0787,-14.25
94,SHORT,2022-01-17T20:36:59.999Z,3211.71,2022-01-17T23:08:59.999Z,3207.59,1000.00,1.28,0.1283,-12.97
95,SHORT,2022-01-18T02:27:59.999Z,3210.77,2022-01-18T06:32:59.999Z,3193.35,1000.00,5.43,0.5425,-7.55
96,SHORT,2022-01-18T07:42:59.999Z,3183.44,2022-01-18T10:36:59.999Z,3181.64,1000.00,0.57,0.0565,-6.98
97,SHORT,2022-01-18T11:20:59.999Z,3159.45,2022-01-18T19:37:59.999Z,3123.71,1000.00,11.31,1.1312,4.33
98,SHORT,2022-01-18T20:42:59.999Z,3103.24,2022-01-18T21:04:59.999Z,3120.66,1000.00,-5.61,-0.5613,-1.28
99,SHORT,2022-01-19T00:48:59.999Z,3146.28,2022-01-19T01:14:59.999Z,3164.15,1000.00,-5.68,-0.5680,-6.96
100,SHORT,2022-01-19T02:49:59.999Z,3151.36,2022-01-19T09:54:59.999Z,3084.78,1000.00,21.13,2.1127,14.17
101,SHORT,2022-01-19T10:26:59.999Z,3069.81,2022-01-19T11:06:59.999Z,3100.77,1000.00,-10.09,-1.0085,4.08
102,SHORT,2022-01-19T16:07:59.999Z,3115.80,2022-01-19T17:21:59.999Z,3134.81,1000.00,-6.10,-0.6101,-2.02
103,SHORT,2022-01-19T19:34:59.999Z,3122.78,2022-01-19T20:26:59.999Z,3130.56,1000.00,-2.49,-0.2491,-4.51
104,SHORT,2022-01-19T20:27:59.999Z,3125.01,2022-01-19T22:39:59.999Z,3129.54,1000.00,-1.45,-0.1450,-5.96
105,SHORT,2022-01-19T23:11:59.999Z,3114.82,2022-01-20T02:07:59.999Z,3125.97,1000.00,-3.58,-0.3580,-9.54
106,SHORT,2022-01-20T05:30:59.999Z,3113.85,2022-01-20T05:57:59.999Z,3128.39,1000.00,-4.67,-0.4669,-14.21
107,SHORT,2022-01-20T08:26:59.999Z,3125.82,2022-01-20T09:51:59.999Z,3140.01,1000.00,-4.54,-0.4540,-18.75
108,SHORT,2022-01-20T12:25:59.999Z,3131.39,2022-01-20T13:34:59.999Z,3165.05,1000.00,-10.75,-1.0749,-29.50
109,SHORT,2022-01-20T18:23:59.999Z,3225.54,2022-01-21T07:53:59.999Z,2883.58,1000.00,106.02,10.6016,76.52
110,SHORT,2022-01-21T10:04:59.999Z,2873.10,2022-01-21T10:17:59.999Z,2880.27,1000.00,-2.50,-0.2496,74.02
111,SHORT,2022-01-21T10:19:59.999Z,2873.56,2022-01-21T10:23:59.999Z,2879.31,1000.00,-2.00,-0.2001,72.02
112,SHORT,2022-01-21T10:26:59.999Z,2871.72,2022-01-21T10:32:59.999Z,2878.40,1000.00,-2.33,-0.2326,69.69
113,SHORT,2022-01-21T10:38:59.999Z,2867.80,2022-01-21T15:40:59.999Z,2828.62,1000.00,13.66,1.3662,83.36
114,SHORT,2022-01-21T17:10:59.999Z,2796.46,2022-01-22T03:11:59.999Z,2607.13,1000.00,67.70,6.7703,151.06
115,SHORT,2022-01-22T03:29:59.999Z,2588.39,2022-01-22T12:31:59.999Z,2445.53,1000.00,55.19,5.5193,206.25
116,SHORT,2022-01-22T14:51:59.999Z,2448.26,2022-01-22T17:01:59.999Z,2443.27,1000.00,2.04,0.2038,208.29
117,SHORT,2022-01-22T17:14:59.999Z,2413.22,2022-01-22T20:20:59.999Z,2438.12,1000.00,-10.32,-1.0318,197.97
118,SHORT,2022-01-22T22:46:59.999Z,2379.47,2022-01-23T00:07:59.999Z,2421.69,1000.00,-17.74,-1.7743,180.23
119,SHORT,2022-01-23T02:49:59.999Z,2410.93,2022-01-23T04:21:59.999Z,2428.50,1000.00,-7.29,-0.7288,172.94
120,SHORT,2022-01-23T11:41:59.999Z,2500.01,2022-01-23T14:02:59.999Z,2510.89,1000.00,-4.35,-0.4352,168.59
121,SHORT,2022-01-23T14:08:59.999Z,2492.97,2022-01-23T21:40:59.999Z,2424.00,1000.00,27.67,2.7666,196.26
122,SHORT,2022-01-24T01:41:59.999Z,2466.10,2022-01-24T15:36:59.999Z,2263.78,1000.00,82.04,8.2040,278.30
123,SHORT,2022-01-25T00:54:59.999Z,2403.52,2022-01-25T03:30:59.999Z,2419.65,1000.00,-6.71,-0.6711,271.58
124,SHORT,2022-01-25T04:42:59.999Z,2395.61,2022-01-25T08:10:59.999Z,2391.45,1000.00,1.74,0.1737,273.32
125,SHORT,2022-01-25T13:35:59.999Z,2414.62,2022-01-25T14:07:59.999Z,2436.50,1000.00,-9.06,-0.9061,264.26
126,SHORT,2022-01-25T14:58:59.999Z,2389.53,2022-01-25T16:07:59.999Z,2423.88,1000.00,-14.38,-1.4375,249.88
127,SHORT,2022-01-25T20:12:59.999Z,2450.78,2022-01-25T23:19:59.999Z,2462.55,1000.00,-4.80,-0.4803,245.08
128,SHORT,2022-01-26T00:53:59.999Z,2424.48,2022-01-26T02:00:59.999Z,2446.63,1000.00,-9.14,-0.9136,235.95
129,SHORT,2022-01-26T06:37:59.999Z,2457.13,2022-01-26T08:15:59.999Z,2470.50,1000.00,-5.44,-0.5441,230.50
130,SHORT,2022-01-26T17:55:59.999Z,2591.76,2022-01-26T19:04:59.999Z,2691.99,1000.00,-38.67,-3.8673,191.83
131,SHORT,2022-01-26T19:59:59.999Z,2573.83,2022-01-27T00:23:59.999Z,2487.46,1000.00,33.56,3.3557,225.39
132,SHORT,2022-01-27T01:11:59.999Z,2461.69,2022-01-27T06:58:59.999Z,2401.00,1000.00,24.65,2.4654,250.04
133,SHORT,2022-01-27T16:08:59.999Z,2456.21,2022-01-27T17:07:59.999Z,2479.72,1000.00,-9.57,-0.9572,240.47
134,SHORT,2022-01-27T17:08:59.999Z,2472.98,2022-01-27T23:02:59.999Z,2390.88,1000.00,33.20,3.3199,273.67
135,SHORT,2022-01-28T01:51:59.999Z,2395.65,2022-01-28T03:09:59.999Z,2420.98,1000.00,-10.57,-1.0573,263.10
136,SHORT,2022-01-28T07:05:59.999Z,2424.93,2022-01-28T13:36:59.999Z,2428.07,1000.00,-1.29,-0.1295,261.80
137,SHORT,2022-01-28T19:30:59.999Z,2429.42,2022-01-28T20:01:59.999Z,2478.01,1000.00,-20.00,-2.0001,241.80
138,SHORT,2022-01-29T01:51:59.999Z,2532.30,2022-01-29T04:06:59.999Z,2546.90,1000.00,-5.77,-0.5766,236.04
139,SHORT,2022-01-29T05:17:59.999Z,2530.75,2022-01-29T06:31:59.999Z,2548.92,1000.00,-7.18,-0.7180,228.86
140,SHORT,2022-01-29T09:16:59.999Z,2537.66,2022-01-29T10:53:59.999Z,2550.68,1000.00,-5.13,-0.5131,223.73
141,SHORT,2022-01-29T15:00:59.999Z,2531.68,2022-01-29T17:11:59.999Z,2572.18,1000.00,-16.00,-1.5997,207.73
142,SHORT,2022-01-29T22:43:59.999Z,2599.26,2022-01-29T22:44:59.999Z,2606.05,1000.00,-2.61,-0.2612,205.12
143,SHORT,2022-01-29T22:52:59.999Z,2600.31,2022-01-30T00:13:59.999Z,2612.05,1000.00,-4.51,-0.4515,200.60
144,SHORT,2022-01-30T00:40:59.999Z,2578.36,2022-01-30T04:59:59.999Z,2590.37,1000.00,-4.66,-0.4658,195.94
145,SHORT,2022-01-30T13:09:59.999Z,2610.37,2022-01-30T15:43:59.999Z,2617.33,1000.00,-2.67,-0.2666,193.28
146,SHORT,2022-01-30T16:41:59.999Z,2594.40,2022-01-30T17:52:59.999Z,2618.50,1000.00,-9.29,-0.9289,183.99
147,SHORT,2022-01-30T18:52:59.999Z,2598.17,2022-01-30T23:03:59.999Z,2590.33,1000.00,3.02,0.3018,187.00
148,SHORT,2022-01-31T00:42:59.999Z,2562.00,2022-01-31T06:50:59.999Z,2513.70,1000.00,18.85,1.8852,205.86
149,SHORT,2022-01-31T11:53:59.999Z,2526.68,2022-01-31T11:56:59.999Z,2568.03,1000.00,-16.37,-1.6365,189.49
150,SHORT,2022-01-31T12:20:59.999Z,2521.27,2022-01-31T13:19:59.999Z,2546.42,1000.00,-9.98,-0.9975,179.52
151,SHORT,2022-02-01T06:19:59.999Z,2723.99,2022-02-01T06:42:59.999Z,2733.57,1000.00,-3.52,-0.3517,176.00
152,SHORT,2022-02-01T10:02:59.999Z,2731.17,2022-02-01T11:26:59.999Z,2752.44,1000.00,-7.79,-0.7788,168.21
153,SHORT,2022-02-01T15:03:59.999Z,2734.04,2022-02-01T16:16:59.999Z,2781.62,1000.00,-17.40,-1.7403,150.81
154,SHORT,2022-02-01T19:03:59.999Z,2773.07,2022-02-01T20:50:59.999Z,2783.84,1000.00,-3.88,-0.3884,146.93
155,SHORT,2022-02-02T00:40:59.999Z,2763.15,2022-02-02T03:02:59.999Z,2777.80,1000.00,-5.30,-0.5302,141.62
156,SHORT,2022-02-02T04:23:59.999Z,2771.64,2022-02-02T06:24:59.999Z,2775.38,1000.00,-1.35,-0.1349,140.27
157,SHORT,2022-02-02T06:38:59.999Z,2756.56,2022-02-02T09:04:59.999Z,2766.25,1000.00,-3.52,-0.3515,136.76
158,SHORT,2022-02-02T11:11:59.999Z,2755.94,2022-02-02T11:56:59.999Z,2767.07,1000.00,-4.04,-0.4039,132.72
159,SHORT,2022-02-02T14:13:59.999Z,2776.22,2022-02-02T19:08:59.999Z,2696.98,1000.00,28.54,2.8542,161.26
160,SHORT,2022-02-02T21:22:59.999Z,2658.03,2022-02-02T23:12:59.999Z,2686.73,1000.00,-10.80,-1.0797,150.47
161,SHORT,2022-02-03T00:08:59.999Z,2675.16,2022-02-03T00:10:59.999Z,2690.32,1000.00,-5.67,-0.5667,144.80
162,SHORT,2022-02-03T01:56:59.999Z,2680.94,2022-02-03T07:26:59.999Z,2670.29,1000.00,3.97,0.3972,148.77
163,SHORT,2022-02-03T09:19:59.999Z,2645.85,2022-02-03T13:37:59.999Z,2622.77,1000.00,8.72,0.8723,157.49
164,SHORT,2022-02-03T13:49:59.999Z,2599.97,2022-02-03T14:40:59.999Z,2623.40,1000.00,-9.01,-0.9012,148.48
165,SHORT,2022-02-03T17:07:59.999Z,2604.28,2022-02-03T18:48:59.999Z,2629.66,1000.00,-9.75,-0.9745,138.74
166,SHORT,2022-02-03T19:14:59.999Z,2609.28,2022-02-03T21:19:59.999Z,2638.53,1000.00,-11.21,-1.1210,127.53
167,SHORT,2022-02-04T04:29:59.999Z,2680.68,2022-02-04T04:54:59.999Z,2687.82,1000.00,-2.66,-0.2664,124.86
168,SHORT,2022-02-04T13:33:59.999Z,2797.53,2022-02-04T15:04:59.999Z,2842.17,1000.00,-15.96,-1.5957,108.91
169,SHORT,2022-02-04T22:31:59.999Z,2936.87,2022-02-04T22:57:59.999Z,2957.04,1000.00,-6.87,-0.6868,102.04
170,SHORT,2022-02-05T07:09:59.999Z,3005.56,2022-02-05T09:10:59.999Z,3019.94,1000.00,-4.78,-0.4784,97.25
171,SHORT,2022-02-05T11:35:59.999Z,3009.56,2022-02-05T13:36:59.999Z,3018.88,1000.00,-3.10,-0.3097,94.16
172,SHORT,2022-02-05T16:52:59.999Z,3004.00,2022-02-05T19:47:59.999Z,3020.73,1000.00,-5.57,-0.5569,88.59
173,SHORT,2022-02-05T19:58:59.999Z,3012.39,2022-02-05T21:08:59.999Z,3019.31,1000.00,-2.30,-0.2297,86.29
174,SHORT,2022-02-05T23:31:59.999Z,3013.33,2022-02-06T00:16:59.999Z,3026.71,1000.00,-4.44,-0.4440,81.85
175,SHORT,2022-02-06T00:35:59.999Z,3016.02,2022-02-06T00:38:59.999Z,3021.51,1000.00,-1.82,-0.1820,80.03
176,SHORT,2022-02-06T00:45:59.999Z,3016.57,2022-02-06T00:49:59.999Z,3024.27,1000.00,-2.55,-0.2553,77.48
177,SHORT,2022-02-06T02:45:59.999Z,3018.49,2022-02-06T05:36:59.999Z,3020.00,1000.00,-0.50,-0.0500,76.98
178,SHORT,2022-02-06T06:13:59.999Z,3009.26,2022-02-06T09:05:59.999Z,3015.05,1000.00,-1.92,-0.1924,75.05
179,SHORT,2022-02-06T10:44:59.999Z,3007.28,2022-02-06T12:18:59.999Z,3013.59,1000.00,-2.10,-0.2098,72.96
180,SHORT,2022-02-06T12:50:59.999Z,3001.17,2022-02-06T13:07:59.999Z,3016.72,1000.00,-5.18,-0.5181,67.77
181,SHORT,2022-02-06T13:21:59.999Z,3005.29,2022-02-06T13:24:59.999Z,3013.38,1000.00,-2.69,-0.2692,65.08
182,SHORT,2022-02-06T14:45:59.999Z,2985.45,2022-02-06T16:55:59.999Z,3003.00,1000.00,-5.88,-0.5879,59.20
183,SHORT,2022-02-06T18:27:59.999Z,2989.85,2022-02-06T19:48:59.999Z,3001.12,1000.00,-3.77,-0.3769,55.43
184,SHORT,2022-02-06T20:47:59.999Z,2986.35,2022-02-06T21:43:59.999Z,2998.16,1000.00,-3.95,-0.3955,51.48
185,SHORT,2022-02-06T22:58:59.999Z,2985.52,2022-02-06T23:10:59.999Z,3015.37,1000.00,-10.00,-0.9998,41.48
186,SHORT,2022-02-07T00:52:59.999Z,3004.89,2022-02-07T01:42:59.999Z,3022.27,1000.00,-5.78,-0.5784,35.70
187,SHORT,2022-02-07T08:09:59.999Z,3071.61,2022-02-07T11:10:59.999Z,3075.33,1000.00,-1.21,-0.1211,34.49
188,SHORT,2022-02-07T11:36:59.999Z,3065.86,2022-02-07T12:51:59.999Z,3080.45,1000.00,-4.76,-0.4759,29.73
189,SHORT,2022-02-07T21:14:59.999Z,3152.53,2022-02-07T23:07:59.999Z,3155.46,1000.00,-0.93,-0.0929,28.80
190,SHORT,2022-02-07T23:10:59.999Z,3144.85,2022-02-08T01:43:59.999Z,3150.59,1000.00,-1.83,-0.1825,26.97
191,SHORT,2022-02-08T03:02:59.999Z,3134.54,2022-02-08T03:55:59.999Z,3146.53,1000.00,-3.83,-0.3825,23.15
192,SHORT,2022-02-08T07:48:59.999Z,3168.55,2022-02-08T14:24:59.999Z,3097.54,1000.00,22.41,2.2411,45.56
193,SHORT,2022-02-08T14:58:59.999Z,3072.25,2022-02-08T18:49:59.999Z,3068.10,1000.00,1.35,0.1351,46.91
194,SHORT,2022-02-08T18:52:59.999Z,3055.44,2022-02-08T20:20:59.999Z,3070.56,1000.00,-4.95,-0.4949,41.96
195,SHORT,2022-02-09T01:52:59.999Z,3105.80,2022-02-09T05:55:59.999Z,3092.41,1000.00,4.31,0.4311,46.27
196,SHORT,2022-02-09T08:26:59.999Z,3074.31,2022-02-09T09:01:59.999Z,3101.06,1000.00,-8.70,-0.8701,37.57
197,SHORT,2022-02-09T15:55:59.999Z,3172.00,2022-02-09T16:05:59.999Z,3185.60,1000.00,-4.29,-0.4288,33.28
198,SHORT,2022-02-09T23:30:59.999Z,3237.22,2022-02-10T06:57:59.999Z,3184.04,1000.00,16.43,1.6428,49.71
199,SHORT,2022-02-10T13:34:59.999Z,3166.72,2022-02-10T15:22:59.999Z,3214.39,1000.00,-15.05,-1.5053,34.66
200,SHORT,2022-02-10T18:18:59.999Z,3189.21,2022-02-11T03:50:59.999Z,3075.01,1000.00,35.81,3.5808,70.47
201,SHORT,2022-02-11T05:04:59.999Z,3063.96,2022-02-11T06:28:59.999Z,3070.45,1000.00,-2.12,-0.2118,68.35
202,SHORT,2022-02-11T12:01:59.999Z,3082.28,2022-02-11T12:18:59.999Z,3101.20,1000.00,-6.14,-0.6138,62.21
203,SHORT,2022-02-11T15:13:59.999Z,3094.89,2022-02-11T15:51:59.999Z,3111.53,1000.00,-5.38,-0.5377,56.83
204,SHORT,2022-02-11T16:11:59.999Z,3100.04,2022-02-12T01:09:59.999Z,2933.62,1000.00,53.68,5.3683,110.52
205,SHORT,2022-02-12T03:35:59.999Z,2934.79,2022-02-12T04:22:59.999Z,2944.48,1000.00,-3.30,-0.3302,107.21
206,SHORT,2022-02-12T04:52:59.999Z,2937.48,2022-02-12T08:13:59.999Z,2936.56,1000.00,0.31,0.0313,107.53
207,SHORT,2022-02-12T10:29:59.999Z,2921.99,2022-02-12T12:00:59.999Z,2933.19,1000.00,-3.83,-0.3833,103.69
208,SHORT,2022-02-12T12:40:59.999Z,2908.70,2022-02-12T16:22:59.999Z,2911.65,1000.00,-1.01,-0.1014,102.68
209,SHORT,2022-02-12T21:30:59.999Z,2930.52,2022-02-13T00:40:59.999Z,2935.41,1000.00,-1.67,-0.1669,101.01
210,SHORT,2022-02-13T02:16:59.999Z,2919.00,2022-02-13T03:05:59.999Z,2926.65,1000.00,-2.62,-0.2621,98.39
211,SHORT,2022-02-13T03:15:59.999Z,2914.84,2022-02-13T03:42:59.999Z,2927.32,1000.00,-4.28,-0.4282,94.11
212,SHORT,2022-02-13T04:43:59.999Z,2913.47,2022-02-13T06:51:59.999Z,2925.19,1000.00,-4.02,-0.4023,90.09
213,SHORT,2022-02-13T09:52:59.999Z,2916.25,2022-02-13T10:39:59.999Z,2931.84,1000.00,-5.35,-0.5346,84.74
214,SHORT,2022-02-13T14:37:59.999Z,2919.24,2022-02-13T20:34:59.999Z,2893.00,1000.00,8.99,0.8989,93.73
215,SHORT,2022-02-13T23:25:59.999Z,2872.28,2022-02-14T03:47:59.999Z,2867.86,1000.00,1.54,0.1539,95.27
216,SHORT,2022-02-14T05:41:59.999Z,2856.96,2022-02-14T06:56:59.999Z,2872.40,1000.00,-5.40,-0.5404,89.86
217,SHORT,2022-02-14T09:00:59.999Z,2857.69,2022-02-14T10:53:59.999Z,2874.28,1000.00,-5.81,-0.5805,84.06
218,SHORT,2022-02-14T12:27:59.999Z,2862.92,2022-02-14T12:31:59.999Z,2870.68,1000.00,-2.71,-0.2711,81.35
219,SHORT,2022-02-14T18:33:59.999Z,2931.67,2022-02-14T21:55:59.999Z,2919.95,1000.00,4.00,0.3998,85.35
220,SHORT,2022-02-15T00:45:59.999Z,2917.39,2022-02-15T01:29:59.999Z,2941.79,1000.00,-8.36,-0.8364,76.98
221,SHORT,2022-02-15T16:51:59.999Z,3108.83,2022-02-15T18:41:59.999Z,3115.98,1000.00,-2.30,-0.2300,74.68
222,SHORT,2022-02-15T20:45:59.999Z,3106.90,2022-02-15T22:25:59.999Z,3121.94,1000.00,-4.84,-0.4841,69.84
223,SHORT,2022-02-16T01:50:59.999Z,3136.82,2022-02-16T03:02:59.999Z,3158.02,1000.00,-6.76,-0.6758,63.08
224,SHORT,2022-02-16T03:54:59.999Z,3141.65,2022-02-16T06:31:59.999Z,3139.12,1000.00,0.81,0.0805,63.89
225,SHORT,2022-02-16T07:26:59.999Z,3129.16,2022-02-16T07:42:59.999Z,3141.28,1000.00,-3.87,-0.3873,60.01
226,SHORT,2022-02-16T09:53:59.999Z,3131.80,2022-02-16T12:04:59.999Z,3139.40,1000.00,-2.43,-0.2427,57.59
227,SHORT,2022-02-16T12:11:59.999Z,3127.66,2022-02-16T17:29:59.999Z,3081.32,1000.00,14.82,1.4816,72.40
228,SHORT,2022-02-16T17:31:59.999Z,3075.67,2022-02-16T18:27:59.999Z,3085.01,1000.00,-3.04,-0.3037,69.37
229,SHORT,2022-02-16T22:10:59.999Z,3134.01,2022-02-16T22:28:59.999Z,3146.41,1000.00,-3.96,-0.3957,65.41
230,SHORT,2022-02-16T23:54:59.999Z,3126.49,2022-02-17T00:52:59.999Z,3144.90,1000.00,-5.89,-0.5888,59.52
231,SHORT,2022-02-17T02:23:59.999Z,3125.85,2022-02-17T06:48:59.999Z,3098.72,1000.00,8.68,0.8679,68.20
232,SHORT,2022-02-17T08:39:59.999Z,3050.82,2022-02-17T12:08:59.999Z,3082.74,1000.00,-10.46,-1.0463,57.74
233,SHORT,2022-02-17T13:06:59.999Z,3056.03,2022-02-18T01:42:59.999Z,2914.25,1000.00,46.39,4.6394,104.13
234,SHORT,2022-02-18T04:42:59.999Z,2897.63,2022-02-18T06:13:59.999Z,2905.84,1000.00,-2.83,-0.2833,101.30
235,SHORT,2022-02-18T10:42:59.999Z,2914.19,2022-02-18T21:28:59.999Z,2804.40,1000.00,37.67,3.7674,138.97
236,SHORT,2022-02-18T21:51:59.999Z,2783.90,2022-02-18T23:51:59.999Z,2787.53,1000.00,-1.30,-0.1304,137.67
237,SHORT,2022-02-19T00:02:59.999Z,2777.80,2022-02-19T00:25:59.999Z,2791.19,1000.00,-4.82,-0.4820,132.85
238,SHORT,2022-02-19T03:59:59.999Z,2805.38,2022-02-19T04:32:59.999Z,2813.46,1000.00,-2.88,-0.2880,129.97
239,SHORT,2022-02-19T05:49:59.999Z,2802.63,2022-02-19T06:39:59.999Z,2815.93,1000.00,-4.75,-0.4746,125.22
240,SHORT,2022-02-19T08:36:59.999Z,2806.40,2022-02-19T15:32:59.999Z,2745.78,1000.00,21.60,2.1601,146.82
241,SHORT,2022-02-19T18:56:59.999Z,2748.01,2022-02-19T20:27:59.999Z,2756.50,1000.00,-3.09,-0.3090,143.73
242,SHORT,2022-02-19T21:19:59.999Z,2741.26,2022-02-19T23:26:59.999Z,2750.75,1000.00,-3.46,-0.3462,140.27
243,SHORT,2022-02-20T00:37:59.999Z,2735.56,2022-02-20T11:59:59.999Z,2643.00,1000.00,33.84,3.3836,174.11
244,SHORT,2022-02-20T13:04:59.999Z,2627.15,2022-02-20T13:52:59.999Z,2634.05,1000.00,-2.63,-0.2626,171.48
245,SHORT,2022-02-20T14:11:59.999Z,2626.11,2022-02-20T15:28:59.999Z,2629.85,1000.00,-1.42,-0.1424,170.06
246,SHORT,2022-02-20T19:56:59.999Z,2647.00,2022-02-20T22:57:59.999Z,2648.21,1000.00,-0.46,-0.0457,169.60
247,SHORT,2022-02-21T00:24:59.999Z,2622.23,2022-02-21T00:42:59.999Z,2635.63,1000.00,-5.11,-0.5110,164.49
248,SHORT,2022-02-21T08:46:59.999Z,2726.81,2022-02-21T14:23:59.999Z,2707.57,1000.00,7.06,0.7056,171.55
249,SHORT,2022-02-21T18:04:59.999Z,2666.00,2022-02-22T08:13:59.999Z,2538.74,1000.00,47.73,4.7734,219.28
250,SHORT,2022-02-22T16:27:59.999Z,2603.91,2022-02-22T19:34:59.999Z,2617.24,1000.00,-5.12,-0.5119,214.16
251,SHORT,2022-02-22T20:57:59.999Z,2600.35,2022-02-22T21:04:59.999Z,2613.65,1000.00,-5.11,-0.5115,209.05
252,SHORT,2022-02-22T22:16:59.999Z,2604.41,2022-02-22T23:16:59.999Z,2618.56,1000.00,-5.43,-0.5433,203.61
253,SHORT,2022-02-23T01:36:59.999Z,2618.56,2022-02-23T02:12:59.999Z,2637.48,1000.00,-7.23,-0.7225,196.39
254,SHORT,2022-02-23T02:40:59.999Z,2616.41,2022-02-23T04:06:59.999Z,2629.23,1000.00,-4.90,-0.4900,191.49
255,SHORT,2022-02-23T14:54:59.999Z,2705.49,2022-02-23T17:16:59.999Z,2724.84,1000.00,-7.15,-0.7152,184.34
256,SHORT,2022-02-23T17:43:59.999Z,2695.80,2022-02-24T08:11:59.999Z,2410.70,1000.00,105.76,10.5757,290.09
257,SHORT,2022-02-24T10:15:59.999Z,2349.02,2022-02-24T11:58:59.999Z,2387.75,1000.00,-16.49,-1.6488,273.61
258,SHORT,2022-02-24T13:05:59.999Z,2352.18,2022-02-24T13:27:59.999Z,2373.61,1000.00,-9.11,-0.9111,264.50
259,SHORT,2022-02-24T22:50:59.999Z,2568.36,2022-02-25T00:08:59.999Z,2610.23,1000.00,-16.30,-1.6302,248.19
260,SHORT,2022-02-25T04:42:59.999Z,2616.13,2022-02-25T06:28:59.999Z,2621.89,1000.00,-2.20,-0.2202,245.99
261,SHORT,2022-02-25T07:56:59.999Z,2609.69,2022-02-25T10:23:59.999Z,2613.85,1000.00,-1.59,-0.1594,244.40
262,SHORT,2022-02-25T17:57:59.999Z,2689.76,2022-02-25T20:46:59.999Z,2700.18,1000.00,-3.87,-0.3874,240.52
263,SHORT,2022-02-26T03:24:59.999Z,2788.75,2022-02-26T04:14:59.999Z,2806.59,1000.00,-6.40,-0.6397,234.13
264,SHORT,2022-02-26T05:28:59.999Z,2791.87,2022-02-26T08:18:59.999Z,2791.94,1000.00,-0.03,-0.0025,234.10
265,SHORT,2022-02-26T08:47:59.999Z,2757.32,2022-02-26T13:09:59.999Z,2771.28,1000.00,-5.06,-0.5063,229.04
266,SHORT,2022-02-26T18:18:59.999Z,2776.10,2022-02-26T19:02:59.999Z,2803.59,1000.00,-9.90,-0.9902,219.14
267,SHORT,2022-02-26T22:23:59.999Z,2805.01,2022-02-27T06:14:59.999Z,2720.93,1000.00,29.97,2.9975,249.11
268,SHORT,2022-02-27T13:42:59.999Z,2768.36,2022-02-27T15:34:59.999Z,2801.05,1000.00,-11.81,-1.1808,237.30
269,SHORT,2022-02-27T16:32:59.999Z,2771.60,2022-02-28T01:19:59.999Z,2640.00,1000.00,47.48,4.7482,284.78
270,SHORT,2022-02-28T02:52:59.999Z,2603.56,2022-02-28T07:24:59.999Z,2625.45,1000.00,-8.41,-0.8408,276.38
271,SHORT,2022-02-28T10:11:59.999Z,2623.09,2022-02-28T10:21:59.999Z,2635.84,1000.00,-4.86,-0.4861,271.52
272,SHORT,2022-02-28T13:22:59.999Z,2624.85,2022-02-28T14:20:59.999Z,2679.56,1000.00,-20.84,-2.0843,250.67
273,SHORT,2022-03-01T03:05:59.999Z,2909.14,2022-03-01T04:31:59.999Z,2915.55,1000.00,-2.20,-0.2203,248.47
274,SHORT,2022-03-01T06:02:59.999Z,2907.01,2022-03-01T06:57:59.999Z,2918.72,1000.00,-4.03,-0.4028,244.44
275,SHORT,2022-03-01T09:17:59.999Z,2910.00,2022-03-01T11:09:59.999Z,2917.36,1000.00,-2.53,-0.2529,241.91
276,SHORT,2022-03-01T11:48:59.999Z,2891.41,2022-03-01T12:14:59.999Z,2914.09,1000.00,-7.84,-0.7844,234.07
277,SHORT,2022-03-01T15:42:59.999Z,2945.08,2022-03-01T18:49:59.999Z,2951.16,1000.00,-2.06,-0.2064,232.00
278,SHORT,2022-03-01T21:45:59.999Z,2943.07,2022-03-01T22:38:59.999Z,2958.26,1000.00,-5.16,-0.5161,226.84
279,SHORT,2022-03-02T00:32:59.999Z,2939.53,2022-03-02T03:16:59.999Z,2948.34,1000.00,-3.00,-0.2997,223.84
280,SHORT,2022-03-02T06:35:59.999Z,2978.32,2022-03-02T08:28:59.999Z,2994.38,1000.00,-5.39,-0.5392,218.45
281,SHORT,2022-03-02T12:31:59.999Z,2968.55,2022-03-02T14:48:59.999Z,3009.40,1000.00,-13.76,-1.3761,204.69
282,SHORT,2022-03-02T15:34:59.999Z,2958.91,2022-03-02T21:12:59.999Z,2945.29,1000.00,4.60,0.4603,209.29
283,SHORT,2022-03-02T23:54:59.999Z,2948.47,2022-03-03T00:48:59.999Z,2964.30,1000.00,-5.37,-0.5369,203.93
284,SHORT,2022-03-03T01:27:59.999Z,2953.60,2022-03-03T01:32:59.999Z,2961.02,1000.00,-2.51,-0.2512,201.41
285,SHORT,2022-03-03T01:43:59.999Z,2945.81,2022-03-03T07:04:59.999Z,2916.59,1000.00,9.92,0.9919,211.33
286,SHORT,2022-03-03T07:47:59.999Z,2904.25,2022-03-03T08:14:59.999Z,2915.01,1000.00,-3.70,-0.3705,207.63
287,SHORT,2022-03-03T08:40:59.999Z,2902.67,2022-03-03T11:02:59.999Z,2906.66,1000.00,-1.37,-0.1375,206.25
288,SHORT,2022-03-03T14:42:59.999Z,2903.92,2022-03-03T22:15:59.999Z,2829.16,1000.00,25.74,2.5745,232.00
289,SHORT,2022-03-04T00:21:59.999Z,2815.41,2022-03-04T08:03:59.999Z,2733.81,1000.00,28.98,2.8983,260.98
290,SHORT,2022-03-04T12:28:59.999Z,2727.32,2022-03-04T18:03:59.999Z,2695.00,1000.00,11.85,1.1850,272.83
291,SHORT,2022-03-04T18:41:59.999Z,2680.00,2022-03-05T02:11:59.999Z,2618.84,1000.00,22.82,2.2821,295.65
292,SHORT,2022-03-05T02:45:59.999Z,2609.18,2022-03-05T02:55:59.999Z,2615.81,1000.00,-2.54,-0.2541,293.11
293,SHORT,2022-03-05T13:24:59.999Z,2643.57,2022-03-05T16:27:59.999Z,2649.21,1000.00,-2.13,-0.2133,290.98
294,SHORT,2022-03-05T21:23:59.999Z,2665.60,2022-03-05T22:59:59.999Z,2670.06,1000.00,-1.67,-0.1673,289.30
295,SHORT,2022-03-05T23:01:59.999Z,2662.43,2022-03-05T23:13:59.999Z,2666.72,1000.00,-1.61,-0.1611,287.69
296,SHORT,2022-03-05T23:25:59.999Z,2662.45,2022-03-06T00:10:59.999Z,2666.64,1000.00,-1.57,-0.1574,286.12
297,SHORT,2022-03-06T01:45:59.999Z,2660.66,2022-03-06T05:50:59.999Z,2651.88,1000.00,3.30,0.3300,289.42
298,SHORT,2022-03-06T06:49:59.999Z,2647.97,2022-03-06T12:48:59.999Z,2616.33,1000.00,11.95,1.1949,301.37
299,SHORT,2022-03-06T15:16:59.999Z,2621.08,2022-03-06T15:58:59.999Z,2625.62,1000.00,-1.73,-0.1732,299.64
300,SHORT,2022-03-06T16:01:59.999Z,2624.52,2022-03-06T16:02:59.999Z,2626.00,1000.00,-0.56,-0.0564,299.07
301,SHORT,2022-03-06T18:03:59.999Z,2629.77,2022-03-06T18:10:59.999Z,2635.09,1000.00,-2.02,-0.2023,297.05
302,SHORT,2022-03-06T18:44:59.999Z,2623.75,2022-03-06T21:17:59.999Z,2627.69,1000.00,-1.50,-0.1502,295.55
303,SHORT,2022-03-06T21:21:59.999Z,2615.56,2022-03-06T21:27:59.999Z,2628.29,1000.00,-4.87,-0.4867,290.68
304,SHORT,2022-03-06T23:09:59.999Z,2607.50,2022-03-07T05:51:59.999Z,2535.57,1000.00,27.59,2.7586,318.27
305,SHORT,2022-03-07T06:03:59.999Z,2529.19,2022-03-07T06:29:59.999Z,2533.98,1000.00,-1.89,-0.1894,316.37
306,SHORT,2022-03-07T07:34:59.999Z,2522.88,2022-03-07T09:07:59.999Z,2541.96,1000.00,-7.56,-0.7563,308.81
307,SHORT,2022-03-07T10:33:59.999Z,2519.64,2022-03-07T11:28:59.999Z,2533.69,1000.00,-5.58,-0.5576,303.23
308,SHORT,2022-03-07T17:03:59.999Z,2586.93,2022-03-07T22:27:59.999Z,2509.64,1000.00,29.88,2.9877,333.11
309,SHORT,2022-03-08T00:02:59.999Z,2484.26,2022-03-08T00:09:59.999Z,2501.87,1000.00,-7.09,-0.7089,326.02
310,SHORT,2022-03-08T00:10:59.999Z,2494.36,2022-03-08T00:16:59.999Z,2512.46,1000.00,-7.26,-0.7256,318.77
311,SHORT,2022-03-08T05:19:59.999Z,2526.68,2022-03-08T07:45:59.999Z,2540.10,1000.00,-5.31,-0.5311,313.45
312,SHORT,2022-03-08T12:52:59.999Z,2569.82,2022-03-08T13:47:59.999Z,2585.53,1000.00,-6.11,-0.6113,307.34
313,SHORT,2022-03-08T15:02:59.999Z,2567.46,2022-03-08T17:22:59.999Z,2590.05,1000.00,-8.80,-0.8799,298.54
314,SHORT,2022-03-08T19:09:59.999Z,2567.24,2022-03-08T20:09:59.999Z,2584.39,1000.00,-6.68,-0.6680,291.86
315,SHORT,2022-03-08T20:21:59.999Z,2570.65,2022-03-08T22:38:59.999Z,2571.70,1000.00,-0.41,-0.0408,291.45
316,SHORT,2022-03-09T12:50:59.999Z,2741.23,2022-03-09T15:40:59.999Z,2741.86,1000.00,-0.23,-0.0230,291.22
317,SHORT,2022-03-09T17:32:59.999Z,2740.01,2022-03-09T22:17:59.999Z,2713.88,1000.00,9.54,0.9536,300.76
318,SHORT,2022-03-10T00:55:59.999Z,2709.47,2022-03-10T09:22:59.999Z,2602.26,1000.00,39.57,3.9569,340.33
319,SHORT,2022-03-10T09:25:59.999Z,2593.57,2022-03-10T09:39:59.999Z,2609.02,1000.00,-5.96,-0.5957,334.37
320,SHORT,2022-03-10T10:39:59.999Z,2589.74,2022-03-10T12:25:59.999Z,2605.61,1000.00,-6.13,-0.6128,328.24
321,SHORT,2022-03-10T13:47:59.999Z,2561.82,2022-03-10T15:16:59.999Z,2613.74,1000.00,-20.27,-2.0267,307.98
322,SHORT,2022-03-10T16:45:59.999Z,2587.88,2022-03-10T17:32:59.999Z,2601.01,1000.00,-5.07,-0.5074,302.90
323,SHORT,2022-03-10T18:07:59.999Z,2591.11,2022-03-10T18:45:59.999Z,2599.35,1000.00,-3.18,-0.3180,299.72
324,SHORT,2022-03-10T22:07:59.999Z,2598.99,2022-03-10T22:48:59.999Z,2608.84,1000.00,-3.79,-0.3790,295.93
325,SHORT,2022-03-11T00:05:59.999Z,2604.34,2022-03-11T05:51:59.999Z,2561.16,1000.00,16.58,1.6580,312.51
326,SHORT,2022-03-11T13:53:59.999Z,2621.40,2022-03-11T21:31:59.999Z,2573.55,1000.00,18.25,1.8254,330.77
327,SHORT,2022-03-11T23:49:59.999Z,2565.46,2022-03-12T00:34:59.999Z,2571.70,1000.00,-2.43,-0.2432,328.33
328,SHORT,2022-03-12T04:13:59.999Z,2578.04,2022-03-12T04:22:59.999Z,2586.65,1000.00,-3.34,-0.3340,325.00
329,SHORT,2022-03-12T05:10:59.999Z,2582.65,2022-03-12T05:18:59.999Z,2588.06,1000.00,-2.09,-0.2095,322.90
330,SHORT,2022-03-12T07:24:59.999Z,2585.58,2022-03-12T07:26:59.999Z,2590.12,1000.00,-1.76,-0.1756,321.14
331,SHORT,2022-03-12T07:42:59.999Z,2584.34,2022-03-12T08:02:59.999Z,2589.34,1000.00,-1.93,-0.1935,319.21
332,SHORT,2022-03-12T08:11:59.999Z,2583.67,2022-03-12T09:42:59.999Z,2587.48,1000.00,-1.47,-0.1475,317.74
333,SHORT,2022-03-12T10:54:59.999Z,2583.18,2022-03-12T10:56:59.999Z,2587.66,1000.00,-1.73,-0.1734,316.00
334,SHORT,2022-03-12T11:07:59.999Z,2583.04,2022-03-12T11:22:59.999Z,2587.99,1000.00,-1.92,-0.1916,314.08
335,SHORT,2022-03-12T11:33:59.999Z,2584.76,2022-03-12T12:54:59.999Z,2590.25,1000.00,-2.12,-0.2124,311.96
336,SHORT,2022-03-12T14:10:59.999Z,2579.61,2022-03-12T15:57:59.999Z,2586.49,1000.00,-2.67,-0.2667,309.29
337,SHORT,2022-03-12T18:22:59.999Z,2583.23,2022-03-12T20:36:59.999Z,2588.08,1000.00,-1.88,-0.1877,307.42
338,SHORT,2022-03-12T23:32:59.999Z,2585.68,2022-03-13T01:22:59.999Z,2593.43,1000.00,-3.00,-0.2997,304.42
339,SHORT,2022-03-13T04:55:59.999Z,2586.71,2022-03-13T10:28:59.999Z,2581.87,1000.00,1.87,0.1871,306.29
340,SHORT,2022-03-13T11:42:59.999Z,2573.72,2022-03-13T14:37:59.999Z,2571.00,1000.00,1.06,0.1057,307.35
341,SHORT,2022-03-13T19:31:59.999Z,2573.76,2022-03-13T22:28:59.999Z,2565.39,1000.00,3.25,0.3252,310.60
342,SHORT,2022-03-13T22:50:59.999Z,2515.62,2022-03-14T02:35:59.999Z,2529.70,1000.00,-5.60,-0.5597,305.00
343,SHORT,2022-03-14T02:47:59.999Z,2525.25,2022-03-14T03:45:59.999Z,2530.90,1000.00,-2.24,-0.2237,302.76
344,SHORT,2022-03-14T11:31:59.999Z,2583.20,2022-03-14T14:17:59.999Z,2588.93,1000.00,-2.22,-0.2218,300.55
345,SHORT,2022-03-14T15:44:59.999Z,2571.95,2022-03-14T22:03:59.999Z,2543.71,1000.00,10.98,1.0980,311.53
346,SHORT,2022-03-15T01:21:59.999Z,2541.18,2022-03-15T06:17:59.999Z,2560.58,1000.00,-7.63,-0.7634,303.89
347,SHORT,2022-03-15T06:52:59.999Z,2547.48,2022-03-15T10:14:59.999Z,2534.53,1000.00,5.08,0.5083,308.98
348,SHORT,2022-03-15T13:44:59.999Z,2524.51,2022-03-15T14:27:59.999Z,2540.87,1000.00,-6.48,-0.6480,302.49
349,SHORT,2022-03-15T21:14:59.999Z,2615.30,2022-03-15T21:51:59.999Z,2631.79,1000.00,-6.31,-0.6305,296.19
350,SHORT,2022-03-15T22:38:59.999Z,2619.77,2022-03-16T01:28:59.999Z,2625.75,1000.00,-2.28,-0.2283,293.91
351,SHORT,2022-03-16T03:39:59.999Z,2629.05,2022-03-16T06:30:59.999Z,2635.43,1000.00,-2.43,-0.2427,291.48
352,SHORT,2022-03-16T12:52:59.999Z,2675.81,2022-03-16T13:46:59.999Z,2687.10,1000.00,-4.22,-0.4219,287.26
353,SHORT,2022-03-16T16:49:59.999Z,2689.45,2022-03-16T17:46:59.999Z,2704.90,1000.00,-5.74,-0.5745,281.52
354,SHORT,2022-03-16T18:01:59.999Z,2675.24,2022-03-16T19:21:59.999Z,2722.52,1000.00,-17.67,-1.7673,263.84
355,SHORT,2022-03-17T04:08:59.999Z,2759.95,2022-03-17T08:27:59.999Z,2766.04,1000.00,-2.21,-0.2207,261.64
356,SHORT,2022-03-17T10:10:59.999Z,2754.19,2022-03-17T10:46:59.999Z,2770.11,1000.00,-5.78,-0.5780,255.86
357,SHORT,2022-03-17T16:52:59.999Z,2794.03,2022-03-17T18:00:59.999Z,2809.42,1000.00,-5.51,-0.5508,250.35
358,SHORT,2022-03-17T20:43:59.999Z,2806.00,2022-03-17T21:35:59.999Z,2817.60,1000.00,-4.13,-0.4134,246.21
359,SHORT,2022-03-18T00:02:59.999Z,2811.71,2022-03-18T05:10:59.999Z,2794.09,1000.00,6.27,0.6267,252.48
360,SHORT,2022-03-18T08:07:59.999Z,2785.00,2022-03-18T08:23:59.999Z,2807.79,1000.00,-8.18,-0.8183,244.30
361,SHORT,2022-03-18T11:08:59.999Z,2786.59,2022-03-18T12:13:59.999Z,2806.14,1000.00,-7.02,-0.7016,237.28
362,SHORT,2022-03-18T13:34:59.999Z,2792.00,2022-03-18T13:38:59.999Z,2803.18,1000.00,-4.00,-0.4004,233.28
363,SHORT,2022-03-18T22:41:59.999Z,2938.63,2022-03-18T23:38:59.999Z,2947.40,1000.00,-2.98,-0.2984,230.29
364,SHORT,2022-03-19T02:16:59.999Z,2951.01,2022-03-19T09:10:59.999Z,2943.58,1000.00,2.52,0.2518,232.81
365,SHORT,2022-03-19T14:15:59.999Z,2949.82,2022-03-19T14:35:59.999Z,2959.51,1000.00,-3.28,-0.3285,229.53
366,SHORT,2022-03-19T17:32:59.999Z,2954.61,2022-03-19T20:52:59.999Z,2961.29,1000.00,-2.26,-0.2261,227.27
367,SHORT,2022-03-19T22:03:59.999Z,2941.78,2022-03-19T23:36:59.999Z,2945.21,1000.00,-1.17,-0.1166,226.10
368,SHORT,2022-03-20T00:57:59.999Z,2938.20,2022-03-20T03:46:59.999Z,2935.21,1000.00,1.02,0.1018,227.12
369,SHORT,2022-03-20T04:17:59.999Z,2923.68,2022-03-20T06:13:59.999Z,2929.30,1000.00,-1.92,-0.1922,225.19
370,SHORT,2022-03-20T06:57:59.999Z,2923.71,2022-03-20T08:27:59.999Z,2928.20,1000.00,-1.54,-0.1536,223.66
371,SHORT,2022-03-20T09:07:59.999Z,2921.08,2022-03-20T19:27:59.999Z,2854.76,1000.00,22.70,2.2704,246.36
372,SHORT,2022-03-20T22:27:59.999Z,2857.30,2022-03-20T23:13:59.999Z,2875.23,1000.00,-6.28,-0.6275,240.09
373,SHORT,2022-03-20T23:25:59.999Z,2863.83,2022-03-21T01:09:59.999Z,2872.55,1000.00,-3.04,-0.3045,237.04
374,SHORT,2022-03-21T01:58:59.999Z,2864.18,2022-03-21T01:59:59.999Z,2865.54,1000.00,-0.47,-0.0475,236.57
375,SHORT,2022-03-21T02:25:59.999Z,2858.04,2022-03-21T05:30:59.999Z,2856.22,1000.00,0.64,0.0637,237.20
376,SHORT,2022-03-21T12:44:59.999Z,2889.66,2022-03-21T12:58:59.999Z,2917.26,1000.00,-9.55,-0.9551,227.65
377,SHORT,2022-03-21T14:26:59.999Z,2896.38,2022-03-21T15:04:59.999Z,2919.01,1000.00,-7.81,-0.7813,219.84
378,SHORT,2022-03-21T17:00:59.999Z,2905.94,2022-03-21T20:17:59.999Z,2919.07,1000.00,-4.52,-0.4518,215.32
379,SHORT,2022-03-21T21:06:59.999Z,2909.57,2022-03-21T22:02:59.999Z,2917.66,1000.00,-2.78,-0.2780,212.54
380,SHORT,2022-03-21T22:48:59.999Z,2911.37,2022-03-22T01:19:59.999Z,2905.99,1000.00,1.85,0.1848,214.39
381,SHORT,2022-03-22T01:26:59.999Z,2898.96,2022-03-22T02:05:59.999Z,2920.03,1000.00,-7.27,-0.7268,207.12
382,SHORT,2022-03-22T06:22:59.999Z,2990.35,2022-03-22T08:13:59.999Z,3009.46,1000.00,-6.39,-0.6391,200.73
383,SHORT,2022-03-22T12:31:59.999Z,3007.13,2022-03-22T14:25:59.999Z,3018.87,1000.00,-3.90,-0.3904,196.83
384,SHORT,2022-03-22T15:52:59.999Z,3004.64,2022-03-22T19:19:59.999Z,3009.13,1000.00,-1.49,-0.1494,195.33
385,SHORT,2022-03-22T19:45:59.999Z,3003.00,2022-03-22T19:46:59.999Z,3005.87,1000.00,-0.96,-0.0956,194.38
386,SHORT,2022-03-22T19:54:59.999Z,2999.27,2022-03-22T21:14:59.999Z,3006.73,1000.00,-2.49,-0.2487,191.89
387,SHORT,2022-03-22T22:41:59.999Z,2996.53,2022-03-23T02:33:59.999Z,2989.89,1000.00,2.22,0.2216,194.11
388,SHORT,2022-03-23T03:33:59.999Z,2963.13,2022-03-23T06:27:59.999Z,2957.53,1000.00,1.89,0.1890,196.00
389,SHORT,2022-03-23T07:18:59.999Z,2943.36,2022-03-23T07:40:59.999Z,2958.82,1000.00,-5.25,-0.5253,190.74
390,SHORT,2022-03-23T07:58:59.999Z,2947.92,2022-03-23T08:44:59.999Z,2957.31,1000.00,-3.19,-0.3185,187.56
391,SHORT,2022-03-23T09:45:59.999Z,2946.03,2022-03-23T09:55:59.999Z,2953.73,1000.00,-2.61,-0.2614,184.94
392,SHORT,2022-03-23T11:39:59.999Z,2952.62,2022-03-23T12:51:59.999Z,2960.37,1000.00,-2.62,-0.2625,182.32
393,SHORT,2022-03-23T13:56:59.999Z,2953.55,2022-03-23T14:06:59.999Z,2965.25,1000.00,-3.96,-0.3961,178.36
394,SHORT,2022-03-23T17:40:59.999Z,2989.00,2022-03-23T20:43:59.999Z,2983.73,1000.00,1.76,0.1763,180.12
395,SHORT,2022-03-24T02:15:59.999Z,3014.51,2022-03-24T03:02:59.999Z,3034.86,1000.00,-6.75,-0.6751,173.37
396,SHORT,2022-03-24T03:58:59.999Z,3018.54,2022-03-24T05:40:59.999Z,3031.26,1000.00,-4.21,-0.4214,169.16
397,SHORT,2022-03-24T08:06:59.999Z,3032.20,2022-03-24T08:37:59.999Z,3050.25,1000.00,-5.95,-0.5953,163.20
398,SHORT,2022-03-24T12:19:59.999Z,3043.74,2022-03-24T14:48:59.999Z,3068.63,1000.00,-8.18,-0.8177,155.03
399,SHORT,2022-03-24T21:10:59.999Z,3098.37,2022-03-24T22:11:59.999Z,3106.95,1000.00,-2.77,-0.2769,152.26
400,SHORT,2022-03-25T00:09:59.999Z,3101.68,2022-03-25T01:15:59.999Z,3109.36,1000.00,-2.48,-0.2476,149.78
401,SHORT,2022-03-25T07:53:59.999Z,3129.59,2022-03-25T09:50:59.999Z,3133.82,1000.00,-1.35,-0.1352,148.43
402,SHORT,2022-03-25T15:12:59.999Z,3150.31,2022-03-25T18:56:59.999Z,3121.51,1000.00,9.14,0.9142,157.57
403,SHORT,2022-03-25T19:02:59.999Z,3112.00,2022-03-25T20:45:59.999Z,3121.17,1000.00,-2.95,-0.2947,154.62
404,SHORT,2022-03-25T21:40:59.999Z,3109.26,2022-03-25T21:56:59.999Z,3122.50,1000.00,-4.26,-0.4258,150.37
405,SHORT,2022-03-25T22:04:59.999Z,3108.55,2022-03-26T00:21:59.999Z,3112.31,1000.00,-1.21,-0.1210,149.16
406,SHORT,2022-03-26T00:47:59.999Z,3097.54,2022-03-26T02:04:59.999Z,3108.73,1000.00,-3.61,-0.3613,145.54
407,SHORT,2022-03-26T02:53:59.999Z,3098.50,2022-03-26T03:20:59.999Z,3108.99,1000.00,-3.39,-0.3386,142.16
408,SHORT,2022-03-26T09:52:59.999Z,3122.05,2022-03-26T09:57:59.999Z,3127.03,1000.00,-1.60,-0.1595,140.56
409,SHORT,2022-03-26T10:32:59.999Z,3122.19,2022-03-26T11:30:59.999Z,3137.51,1000.00,-4.91,-0.4907,135.66
410,SHORT,2022-03-26T12:18:59.999Z,3120.99,2022-03-26T15:35:59.999Z,3124.55,1000.00,-1.14,-0.1141,134.52
411,SHORT,2022-03-26T16:09:59.999Z,3113.52,2022-03-26T16:28:59.999Z,3120.67,1000.00,-2.30,-0.2296,132.22
412,SHORT,2022-03-26T18:23:59.999Z,3115.74,2022-03-26T18:47:59.999Z,3123.40,1000.00,-2.46,-0.2458,129.76
413,SHORT,2022-03-26T19:31:59.999Z,3116.51,2022-03-26T20:00:59.999Z,3122.15,1000.00,-1.81,-0.1810,127.95
414,SHORT,2022-03-27T03:43:59.999Z,3140.20,2022-03-27T06:14:59.999Z,3152.40,1000.00,-3.89,-0.3885,124.07
415,SHORT,2022-03-27T08:51:59.999Z,3144.50,2022-03-27T09:38:59.999Z,3152.55,1000.00,-2.56,-0.2560,121.51
416,SHORT,2022-03-27T09:51:59.999Z,3145.99,2022-03-27T11:13:59.999Z,3149.80,1000.00,-1.21,-0.1211,120.29
417,SHORT,2022-03-27T11:46:59.999Z,3143.68,2022-03-27T14:03:59.999Z,3143.24,1000.00,0.14,0.0140,120.43
418,SHORT,2022-03-27T20:21:59.999Z,3170.54,2022-03-27T20:36:59.999Z,3198.00,1000.00,-8.66,-0.8661,111.77
419,SHORT,2022-03-28T08:15:59.999Z,3307.23,2022-03-28T08:28:59.999Z,3323.41,1000.00,-4.89,-0.4892,106.88
420,SHORT,2022-03-28T12:51:59.999Z,3338.32,2022-03-28T13:07:59.999Z,3345.13,1000.00,-2.04,-0.2040,104.84
421,SHORT,2022-03-28T16:18:59.999Z,3351.80,2022-03-28T17:41:59.999Z,3377.67,1000.00,-7.72,-0.7718,97.12
422,SHORT,2022-03-28T21:35:59.999Z,3377.68,2022-03-29T01:32:59.999Z,3375.86,1000.00,0.54,0.0539,97.66
423,SHORT,2022-03-29T03:28:59.999Z,3375.38,2022-03-29T04:22:59.999Z,3385.03,1000.00,-2.86,-0.2859,94.80
424,SHORT,2022-03-29T07:55:59.999Z,3391.64,2022-03-29T08:17:59.999Z,3407.24,1000.00,-4.60,-0.4600,90.20
425,SHORT,2022-03-29T13:54:59.999Z,3433.60,2022-03-29T14:52:59.999Z,3451.47,1000.00,-5.20,-0.5204,85.00
426,SHORT,2022-03-29T15:03:59.999Z,3445.45,2022-03-29T15:17:59.999Z,3453.47,1000.00,-2.33,-0.2328,82.67
427,SHORT,2022-03-29T15:28:59.999Z,3447.05,2022-03-29T15:30:59.999Z,3450.45,1000.00,-0.99,-0.0986,81.69
428,SHORT,2022-03-29T15:35:59.999Z,3443.47,2022-03-29T19:07:59.999Z,3421.20,1000.00,6.47,0.6467,88.15
429,SHORT,2022-03-29T20:50:59.999Z,3409.90,2022-03-29T23:46:59.999Z,3397.31,1000.00,3.69,0.3692,91.84
430,SHORT,2022-03-30T00:21:59.999Z,3383.43,2022-03-30T03:07:59.999Z,3381.72,1000.00,0.51,0.0505,92.35
431,SHORT,2022-03-30T04:43:59.999Z,3365.07,2022-03-30T05:18:59.999Z,3379.48,1000.00,-4.28,-0.4282,88.07
432,SHORT,2022-03-30T09:17:59.999Z,3391.20,2022-03-30T10:52:59.999Z,3402.74,1000.00,-3.40,-0.3403,84.66
433,SHORT,2022-03-30T12:23:59.999Z,3395.29,2022-03-30T12:53:59.999Z,3405.56,1000.00,-3.02,-0.3025,81.64
434,SHORT,2022-03-30T13:07:59.999Z,3395.28,2022-03-30T16:18:59.999Z,3388.50,1000.00,2.00,0.1997,83.64
435,SHORT,2022-03-30T19:10:59.999Z,3388.63,2022-03-30T20:54:59.999Z,3409.00,1000.00,-6.01,-0.6011,77.63
436,SHORT,2022-03-30T21:54:59.999Z,3382.20,2022-03-31T00:26:59.999Z,3397.77,1000.00,-4.60,-0.4604,73.02
437,SHORT,2022-03-31T03:50:59.999Z,3400.21,2022-03-31T06:49:59.999Z,3404.78,1000.00,-1.34,-0.1344,71.68
438,SHORT,2022-03-31T07:33:59.999Z,3393.70,2022-03-31T07:49:59.999Z,3401.20,1000.00,-2.21,-0.2210,69.47
439,SHORT,2022-03-31T11:37:59.999Z,3400.69,2022-03-31T12:15:59.999Z,3412.37,1000.00,-3.43,-0.3435,66.03
440,SHORT,2022-03-31T12:20:59.999Z,3405.66,2022-03-31T12:26:59.999Z,3416.65,1000.00,-3.23,-0.3227,62.81
441,SHORT,2022-03-31T13:35:59.999Z,3392.00,2022-03-31T21:31:59.999Z,3303.33,1000.00,26.14,2.6141,88.95
442,SHORT,2022-03-31T21:42:59.999Z,3292.00,2022-04-01T00:28:59.999Z,3293.38,1000.00,-0.42,-0.0419,88.53
443,SHORT,2022-04-01T00:34:59.999Z,3284.16,2022-04-01T00:36:59.999Z,3295.49,1000.00,-3.45,-0.3450,85.08
444,SHORT,2022-04-01T01:36:59.999Z,3281.03,2022-04-01T05:23:59.999Z,3255.78,1000.00,7.70,0.7696,92.77
445,SHORT,2022-04-01T06:09:59.999Z,3248.61,2022-04-01T06:30:59.999Z,3261.38,1000.00,-3.93,-0.3931,88.84
446,SHORT,2022-04-01T12:24:59.999Z,3264.81,2022-04-01T12:38:59.999Z,3303.97,1000.00,-11.99,-1.1995,76.85
447,SHORT,2022-04-01T21:02:59.999Z,3441.53,2022-04-01T21:12:59.999Z,3458.77,1000.00,-5.01,-0.5009,71.84
448,SHORT,2022-04-01T22:24:59.999Z,3446.49,2022-04-02T00:29:59.999Z,3455.10,1000.00,-2.50,-0.2498,69.34
449,SHORT,2022-04-02T02:58:59.999Z,3470.85,2022-04-02T04:41:59.999Z,3485.83,1000.00,-4.32,-0.4316,65.03
450,SHORT,2022-04-02T08:51:59.999Z,3470.53,2022-04-02T09:52:59.999Z,3485.46,1000.00,-4.30,-0.4302,60.72
451,SHORT,2022-04-02T14:31:59.999Z,3492.71,2022-04-02T17:32:59.999Z,3485.53,1000.00,2.06,0.2056,62.78
452,SHORT,2022-04-02T18:03:59.999Z,3466.12,2022-04-02T19:46:59.999Z,3477.24,1000.00,-3.21,-0.3208,59.57
453,SHORT,2022-04-02T21:04:59.999Z,3466.19,2022-04-02T21:58:59.999Z,3478.94,1000.00,-3.68,-0.3678,55.89
454,SHORT,2022-04-02T22:32:59.999Z,3462.09,2022-04-03T03:30:59.999Z,3453.32,1000.00,2.53,0.2533,58.43
455,SHORT,2022-04-03T08:57:59.999Z,3476.15,2022-04-03T09:39:59.999Z,3495.67,1000.00,-5.62,-0.5615,52.81
456,SHORT,2022-04-03T10:41:59.999Z,3481.25,2022-04-03T12:17:59.999Z,3496.53,1000.00,-4.39,-0.4389,48.42
457,SHORT,2022-04-03T14:34:59.999Z,3485.95,2022-04-03T14:55:59.999Z,3498.32,1000.00,-3.55,-0.3549,44.87
458,SHORT,2022-04-03T16:34:59.999Z,3488.32,2022-04-03T18:24:59.999Z,3499.54,1000.00,-3.22,-0.3216,41.66
459,SHORT,2022-04-03T18:42:59.999Z,3489.77,2022-04-03T18:53:59.999Z,3511.08,1000.00,-6.11,-0.6106,35.55
460,SHORT,2022-04-03T19:51:59.999Z,3493.29,2022-04-03T20:38:59.999Z,3499.96,1000.00,-1.91,-0.1909,33.64
461,SHORT,2022-04-03T20:58:59.999Z,3492.34,2022-04-03T21:13:59.999Z,3501.55,1000.00,-2.64,-0.2637,31.00
462,SHORT,2022-04-03T23:48:59.999Z,3513.30,2022-04-04T03:12:59.999Z,3507.52,1000.00,1.65,0.1645,32.65
463,SHORT,2022-04-04T03:58:59.999Z,3489.81,2022-04-04T04:33:59.999Z,3505.47,1000.00,-4.49,-0.4487,28.16
464,SHORT,2022-04-04T05:07:59.999Z,3492.81,2022-04-04T05:18:59.999Z,3501.47,1000.00,-2.48,-0.2479,25.68
465,SHORT,2022-04-04T07:11:59.999Z,3493.64,2022-04-04T07:44:59.999Z,3508.52,1000.00,-4.26,-0.4259,21.42
466,SHORT,2022-04-04T08:09:59.999Z,3496.42,2022-04-04T12:12:59.999Z,3492.24,1000.00,1.20,0.1196,22.62
467,SHORT,2022-04-04T12:48:59.999Z,3459.95,2022-04-04T13:57:59.999Z,3481.12,1000.00,-6.12,-0.6119,16.50
468,SHORT,2022-04-04T14:23:59.999Z,3467.12,2022-04-04T17:19:59.999Z,3459.11,1000.00,2.31,0.2310,18.81
469,SHORT,2022-04-04T17:43:59.999Z,3425.00,2022-04-04T18:55:59.999Z,3461.11,1000.00,-10.54,-1.0543,8.27
470,SHORT,2022-04-05T00:43:59.999Z,3506.99,2022-04-05T01:48:59.999Z,3519.67,1000.00,-3.62,-0.3616,4.65
471,SHORT,2022-04-05T06:06:59.999Z,3518.68,2022-04-05T07:31:59.999Z,3528.01,1000.00,-2.65,-0.2652,2.00
472,SHORT,2022-04-05T08:41:59.999Z,3519.70,2022-04-05T09:15:59.999Z,3525.94,1000.00,-1.77,-0.1773,0.23
473,SHORT,2022-04-05T09:46:59.999Z,3513.77,2022-04-05T11:44:59.999Z,3523.09,1000.00,-2.65,-0.2652,-2.43
474,SHORT,2022-04-05T11:52:59.999Z,3516.48,2022-04-05T11:55:59.999Z,3519.89,1000.00,-0.97,-0.0970,-3.40
475,SHORT,2022-04-05T13:08:59.999Z,3506.52,2022-04-05T19:59:59.999Z,3464.96,1000.00,11.85,1.1852,8.46
476,SHORT,2022-04-05T20:31:59.999Z,3440.44,2022-04-05T22:11:59.999Z,3456.04,1000.00,-4.53,-0.4534,3.92
477,SHORT,2022-04-05T22:39:59.999Z,3441.28,2022-04-05T22:44:59.999Z,3459.48,1000.00,-5.29,-0.5289,-1.37
478,SHORT,2022-04-05T22:59:59.999Z,3443.99,2022-04-06T04:59:59.999Z,3359.80,1000.00,24.45,2.4445,23.08
479,SHORT,2022-04-06T07:45:59.999Z,3353.61,2022-04-06T19:10:59.999Z,3243.05,1000.00,32.97,3.2967,56.05
480,SHORT,2022-04-06T19:32:59.999Z,3214.55,2022-04-06T20:04:59.999Z,3235.24,1000.00,-6.44,-0.6436,49.61
481,SHORT,2022-04-06T20:15:59.999Z,3212.61,2022-04-06T20:57:59.999Z,3238.52,1000.00,-8.07,-0.8065,41.54
482,SHORT,2022-04-06T22:21:59.999Z,3212.64,2022-04-07T04:04:59.999Z,3192.29,1000.00,6.33,0.6334,47.88
483,SHORT,2022-04-07T09:22:59.999Z,3208.84,2022-04-07T09:48:59.999Z,3223.18,1000.00,-4.47,-0.4469,43.41
484,SHORT,2022-04-07T13:12:59.999Z,3212.01,2022-04-07T16:35:59.999Z,3217.76,1000.00,-1.79,-0.1790,41.62
485,SHORT,2022-04-07T16:50:59.999Z,3195.80,2022-04-07T16:57:59.999Z,3212.16,1000.00,-5.12,-0.5119,36.50
486,SHORT,2022-04-07T20:06:59.999Z,3219.56,2022-04-07T20:36:59.999Z,3232.51,1000.00,-4.02,-0.4022,32.48
487,SHORT,2022-04-07T21:23:59.999Z,3202.20,2022-04-07T22:37:59.999Z,3227.70,1000.00,-7.96,-0.7963,24.52
488,SHORT,2022-04-08T00:40:59.999Z,3222.18,2022-04-08T01:19:59.999Z,3238.32,1000.00,-5.01,-0.5009,19.51
489,SHORT,2022-04-08T07:31:59.999Z,3254.74,2022-04-08T07:59:59.999Z,3286.22,1000.00,-9.67,-0.9672,9.83
490,SHORT,2022-04-08T10:24:59.999Z,3277.00,2022-04-08T10:52:59.999Z,3287.64,1000.00,-3.25,-0.3247,6.59
491,SHORT,2022-04-08T11:05:59.999Z,3272.24,2022-04-08T14:29:59.999Z,3283.76,1000.00,-3.52,-0.3521,3.07
492,SHORT,2022-04-08T17:04:59.999Z,3264.49,2022-04-08T19:10:59.999Z,3266.04,1000.00,-0.47,-0.0475,2.59
493,SHORT,2022-04-08T19:44:59.999Z,3246.92,2022-04-09T01:02:59.999Z,3209.94,1000.00,11.39,1.1389,13.98
494,SHORT,2022-04-09T02:38:59.999Z,3198.61,2022-04-09T03:52:59.999Z,3215.36,1000.00,-5.24,-0.5237,8.74
495,SHORT,2022-04-09T06:39:59.999Z,3201.02,2022-04-09T08:45:59.999Z,3210.06,1000.00,-2.82,-0.2824,5.92
496,SHORT,2022-04-09T08:48:59.999Z,3204.29,2022-04-09T08:54:59.999Z,3211.82,1000.00,-2.35,-0.2350,3.57
497,SHORT,2022-04-09T09:38:59.999Z,3206.34,2022-04-09T10:59:59.999Z,3212.21,1000.00,-1.83,-0.1831,1.74
498,SHORT,2022-04-09T12:19:59.999Z,3205.51,2022-04-09T12:28:59.999Z,3211.24,1000.00,-1.79,-0.1788,-0.05
499,SHORT,2022-04-09T15:48:59.999Z,3215.38,2022-04-09T16:34:59.999Z,3224.39,1000.00,-2.80,-0.2802,-2.85
500,SHORT,2022-04-09T21:00:59.999Z,3222.22,2022-04-09T21:33:59.999Z,3246.49,1000.00,-7.53,-0.7532,-10.38
501,SHORT,2022-04-10T04:33:59.999Z,3254.68,2022-04-10T11:06:59.999Z,3244.28,1000.00,3.20,0.3195,-7.19
502,SHORT,2022-04-10T13:05:59.999Z,3242.17,2022-04-10T14:34:59.999Z,3249.10,1000.00,-2.14,-0.2137,-9.32
503,SHORT,2022-04-10T21:20:59.999Z,3284.76,2022-04-11T05:38:59.999Z,3185.92,1000.00,30.09,3.0090,20.77
504,SHORT,2022-04-11T06:25:59.999Z,3176.63,2022-04-11T07:37:59.999Z,3183.77,1000.00,-2.25,-0.2248,18.52
505,SHORT,2022-04-11T08:09:59.999Z,3172.20,2022-04-11T18:49:59.999Z,3027.47,1000.00,45.62,4.5624,64.14
506,SHORT,2022-04-11T19:23:59.999Z,3008.66,2022-04-11T22:44:59.999Z,3010.41,1000.00,-0.58,-0.0582,63.56
507,SHORT,2022-04-11T23:40:59.999Z,2981.80,2022-04-12T03:53:59.999Z,2981.66,1000.00,0.05,0.0047,63.61
508,SHORT,2022-04-12T11:05:59.999Z,3014.97,2022-04-12T11:28:59.999Z,3027.62,1000.00,-4.20,-0.4196,59.41
509,SHORT,2022-04-12T14:25:59.999Z,3022.80,2022-04-12T15:33:59.999Z,3053.61,1000.00,-10.19,-1.0193,49.22
510,SHORT,2022-04-12T16:33:59.999Z,3035.74,2022-04-12T17:27:59.999Z,3041.83,1000.00,-2.01,-0.2006,47.21
511,SHORT,2022-04-12T17:44:59.999Z,3032.09,2022-04-12T21:50:59.999Z,3012.07,1000.00,6.60,0.6603,53.82
512,SHORT,2022-04-13T01:28:59.999Z,3007.35,2022-04-13T01:42:59.999Z,3025.40,1000.00,-6.00,-0.6002,47.81
513,SHORT,2022-04-13T07:03:59.999Z,3049.00,2022-04-13T07:25:59.999Z,3061.16,1000.00,-3.99,-0.3988,43.83
514,SHORT,2022-04-13T07:47:59.999Z,3048.05,2022-04-13T08:05:59.999Z,3056.50,1000.00,-2.77,-0.2772,41.05
515,SHORT,2022-04-13T08:29:59.999Z,3049.80,2022-04-13T08:44:59.999Z,3055.76,1000.00,-1.95,-0.1954,39.10
516,SHORT,2022-04-13T09:38:59.999Z,3046.69,2022-04-13T13:48:59.999Z,3055.16,1000.00,-2.78,-0.2780,36.32
517,SHORT,2022-04-13T17:38:59.999Z,3074.13,2022-04-13T18:18:59.999Z,3083.98,1000.00,-3.20,-0.3204,33.12
518,SHORT,2022-04-13T20:13:59.999Z,3086.42,2022-04-13T20:17:59.999Z,3092.53,1000.00,-1.98,-0.1980,31.14
519,SHORT,2022-04-14T03:18:59.999Z,3118.45,2022-04-14T07:47:59.999Z,3117.61,1000.00,0.27,0.0269,31.41
520,SHORT,2022-04-14T08:50:59.999Z,3106.78,2022-04-14T13:33:59.999Z,3091.56,1000.00,4.90,0.4899,36.30
521,SHORT,2022-04-14T13:41:59.999Z,3066.45,2022-04-14T21:01:59.999Z,3016.14,1000.00,16.41,1.6407,52.71
522,SHORT,2022-04-15T01:39:59.999Z,3016.53,2022-04-15T01:43:59.999Z,3022.25,1000.00,-1.90,-0.1896,50.82
523,SHORT,2022-04-15T06:40:59.999Z,3026.08,2022-04-15T08:04:59.999Z,3038.32,1000.00,-4.04,-0.4045,46.77
524,SHORT,2022-04-15T08:29:59.999Z,3019.59,2022-04-15T10:12:59.999Z,3031.24,1000.00,-3.86,-0.3858,42.91
525,SHORT,2022-04-15T11:47:59.999Z,3025.00,2022-04-15T14:59:59.999Z,3036.39,1000.00,-3.77,-0.3765,39.15
526,SHORT,2022-04-15T16:19:59.999Z,3014.98,2022-04-15T17:05:59.999Z,3032.90,1000.00,-5.94,-0.5944,33.20
527,SHORT,2022-04-15T19:14:59.999Z,3022.63,2022-04-15T21:02:59.999Z,3032.36,1000.00,-3.22,-0.3219,29.98
528,SHORT,2022-04-16T03:24:59.999Z,3038.94,2022-04-16T03:32:59.999Z,3042.04,1000.00,-1.02,-0.1020,28.96
529,SHORT,2022-04-16T04:00:59.999Z,3037.57,2022-04-16T04:23:59.999Z,3043.03,1000.00,-1.80,-0.1797,27.17
530,SHORT,2022-04-16T06:04:59.999Z,3039.91,2022-04-16T10:31:59.999Z,3040.00,1000.00,-0.03,-0.0030,27.14
531,SHORT,2022-04-16T13:48:59.999Z,3038.91,2022-04-16T14:40:59.999Z,3041.67,1000.00,-0.91,-0.0908,26.23
532,SHORT,2022-04-16T15:15:59.999Z,3025.87,2022-04-16T19:17:59.999Z,3026.99,1000.00,-0.37,-0.0370,25.86
533,SHORT,2022-04-16T20:03:59.999Z,3022.72,2022-04-16T20:32:59.999Z,3026.75,1000.00,-1.33,-0.1333,24.53
534,SHORT,2022-04-17T02:08:59.999Z,3053.93,2022-04-17T05:56:59.999Z,3042.53,1000.00,3.73,0.3733,28.26
535,SHORT,2022-04-17T07:36:59.999Z,3035.99,2022-04-17T08:16:59.999Z,3044.00,1000.00,-2.64,-0.2638,25.62
536,SHORT,2022-04-17T08:50:59.999Z,3038.70,2022-04-17T09:01:59.999Z,3041.81,1000.00,-1.02,-0.1023,24.60
537,SHORT,2022-04-17T10:49:59.999Z,3040.98,2022-04-17T11:40:59.999Z,3044.04,1000.00,-1.01,-0.1006,23.59
538,SHORT,2022-04-17T17:06:59.999Z,3055.93,2022-04-17T20:06:59.999Z,3053.28,1000.00,0.87,0.0867,24.46
539,SHORT,2022-04-17T21:12:59.999Z,3041.05,2022-04-17T21:43:59.999Z,3051.88,1000.00,-3.56,-0.3561,20.90
540,SHORT,2022-04-17T23:05:59.999Z,3030.86,2022-04-18T10:18:59.999Z,2911.73,1000.00,39.31,3.9306,60.20
541,SHORT,2022-04-18T15:13:59.999Z,2926.86,2022-04-18T16:54:59.999Z,2931.86,1000.00,-1.71,-0.1708,58.49
542,SHORT,2022-04-19T02:15:59.999Z,3051.58,2022-04-19T06:34:59.999Z,3047.80,1000.00,1.24,0.1239,59.73
543,SHORT,2022-04-19T07:21:59.999Z,3033.51,2022-04-19T08:30:59.999Z,3046.32,1000.00,-4.22,-0.4223,55.51
544,SHORT,2022-04-19T08:59:59.999Z,3041.34,2022-04-19T09:07:59.999Z,3044.73,1000.00,-1.11,-0.1115,54.39
545,SHORT,2022-04-19T09:14:59.999Z,3033.68,2022-04-19T10:21:59.999Z,3044.60,1000.00,-3.60,-0.3600,50.80
546,SHORT,2022-04-19T17:17:59.999Z,3098.15,2022-04-19T19:06:59.999Z,3098.74,1000.00,-0.19,-0.0190,50.60
547,SHORT,2022-04-19T20:18:59.999Z,3095.67,2022-04-19T22:14:59.999Z,3103.08,1000.00,-2.39,-0.2394,48.21
548,SHORT,2022-04-20T00:23:59.999Z,3083.35,2022-04-20T04:04:59.999Z,3089.01,1000.00,-1.84,-0.1836,46.38
549,SHORT,2022-04-20T04:32:59.999Z,3082.80,2022-04-20T05:38:59.999Z,3090.66,1000.00,-2.55,-0.2550,43.83
550,SHORT,2022-04-20T07:58:59.999Z,3089.57,2022-04-20T08:22:59.999Z,3096.30,1000.00,-2.18,-0.2178,41.65
551,SHORT,2022-04-20T13:48:59.999Z,3103.73,2022-04-20T20:44:59.999Z,3074.39,1000.00,9.45,0.9453,51.10
552,SHORT,2022-04-20T23:37:59.999Z,3074.55,2022-04-21T00:15:59.999Z,3084.02,1000.00,-3.08,-0.3080,48.02
553,SHORT,2022-04-21T00:20:59.999Z,3072.32,2022-04-21T00:46:59.999Z,3088.80,1000.00,-5.36,-0.5364,42.66
554,SHORT,2022-04-21T04:43:59.999Z,3081.75,2022-04-21T07:38:59.999Z,3089.91,1000.00,-2.65,-0.2648,40.01
555,SHORT,2022-04-21T10:02:59.999Z,3089.43,2022-04-21T10:12:59.999Z,3099.38,1000.00,-3.22,-0.3221,36.79
556,SHORT,2022-04-21T14:57:59.999Z,3146.89,2022-04-21T15:00:59.999Z,3150.23,1000.00,-1.06,-0.1061,35.73
557,SHORT,2022-04-21T15:08:59.999Z,3145.45,2022-04-22T01:54:59.999Z,2999.99,1000.00,46.24,4.6245,81.97
558,SHORT,2022-04-22T07:23:59.999Z,2989.19,2022-04-22T07:53:59.999Z,3016.08,1000.00,-9.00,-0.8996,72.98
559,SHORT,2022-04-22T08:46:59.999Z,3006.69,2022-04-22T11:09:59.999Z,3003.89,1000.00,0.93,0.0931,73.91
560,SHORT,2022-04-22T12:55:59.999Z,3001.77,2022-04-22T18:59:59.999Z,2969.99,1000.00,10.59,1.0587,84.49
561,SHORT,2022-04-22T20:05:59.999Z,2957.56,2022-04-22T20:52:59.999Z,2968.55,1000.00,-3.72,-0.3716,80.78
562,SHORT,2022-04-22T22:03:59.999Z,2953.53,2022-04-22T23:45:59.999Z,2965.98,1000.00,-4.22,-0.4215,76.56
563,SHORT,2022-04-23T00:45:59.999Z,2957.25,2022-04-23T01:39:59.999Z,2963.37,1000.00,-2.07,-0.2069,74.49
564,SHORT,2022-04-23T02:10:59.999Z,2957.60,2022-04-23T05:39:59.999Z,2955.68,1000.00,0.65,0.0649,75.14
565,SHORT,2022-04-23T09:55:59.999Z,2955.62,2022-04-23T11:14:59.999Z,2960.85,1000.00,-1.77,-0.1770,73.37
566,SHORT,2022-04-23T12:09:59.999Z,2952.47,2022-04-23T12:32:59.999Z,2967.43,1000.00,-5.07,-0.5067,68.31
567,SHORT,2022-04-23T14:31:59.999Z,2957.74,2022-04-23T15:11:59.999Z,2965.00,1000.00,-2.45,-0.2455,65.85
568,SHORT,2022-04-23T17:11:59.999Z,2958.78,2022-04-23T20:24:59.999Z,2958.79,1000.00,-0.00,-0.0003,65.85
569,SHORT,2022-04-23T23:01:59.999Z,2953.12,2022-04-24T03:20:59.999Z,2948.06,1000.00,1.71,0.1713,67.56
570,SHORT,2022-04-24T05:50:59.999Z,2946.45,2022-04-24T06:25:59.999Z,2956.17,1000.00,-3.30,-0.3299,64.26
571,SHORT,2022-04-24T08:03:59.999Z,2948.48,2022-04-24T08:13:59.999Z,2952.96,1000.00,-1.52,-0.1519,62.74
572,SHORT,2022-04-24T08:26:59.999Z,2948.44,2022-04-24T09:54:59.999Z,2952.29,1000.00,-1.31,-0.1306,61.44
573,SHORT,2022-04-24T10:32:59.999Z,2947.22,2022-04-24T14:56:59.999Z,2952.92,1000.00,-1.93,-0.1934,59.50
574,SHORT,2022-04-24T16:36:59.999Z,2932.49,2022-04-24T18:32:59.999Z,2939.27,1000.00,-2.31,-0.2312,57.19
575,SHORT,2022-04-24T20:55:59.999Z,2940.57,2022-04-25T10:03:59.999Z,2827.20,1000.00,38.55,3.8554,95.74
576,SHORT,2022-04-26T01:53:59.999Z,3003.94,2022-04-26T04:46:59.999Z,3008.60,1000.00,-1.55,-0.1551,94.19
577,SHORT,2022-04-26T06:16:59.999Z,2999.00,2022-04-26T07:49:59.999Z,3006.62,1000.00,-2.54,-0.2541,91.65
578,SHORT,2022-04-26T08:50:59.999Z,2997.38,2022-04-26T11:24:59.999Z,3007.32,1000.00,-3.32,-0.3316,88.34
579,SHORT,2022-04-26T12:50:59.999Z,2986.37,2022-04-27T01:27:59.999Z,2825.42,1000.00,53.89,5.3895,142.23
580,SHORT,2022-04-27T11:23:59.999Z,2870.28,2022-04-27T12:16:59.999Z,2894.59,1000.00,-8.47,-0.8470,133.76
581,SHORT,2022-04-27T12:35:59.999Z,2876.48,2022-04-27T13:44:59.999Z,2898.86,1000.00,-7.78,-0.7780,125.98
582,SHORT,2022-04-27T14:13:59.999Z,2850.64,2022-04-27T16:13:59.999Z,2874.52,1000.00,-8.38,-0.8377,117.60
583,SHORT,2022-04-27T18:24:59.999Z,2861.00,2022-04-27T20:24:59.999Z,2877.76,1000.00,-5.86,-0.5858,111.75
584,SHORT,2022-04-28T02:00:59.999Z,2879.83,2022-04-28T02:35:59.999Z,2893.07,1000.00,-4.60,-0.4597,107.15
585,SHORT,2022-04-28T03:54:59.999Z,2885.29,2022-04-28T06:49:59.999Z,2888.50,1000.00,-1.11,-0.1113,106.04
586,SHORT,2022-04-28T07:04:59.999Z,2883.96,2022-04-28T07:13:59.999Z,2892.68,1000.00,-3.02,-0.3024,103.01
587,SHORT,2022-04-28T12:18:59.999Z,2919.00,2022-04-28T15:17:59.999Z,2910.93,1000.00,2.76,0.2765,105.78
588,SHORT,2022-04-28T15:47:59.999Z,2874.99,2022-04-28T16:29:59.999Z,2910.84,1000.00,-12.47,-1.2470,93.31
589,SHORT,2022-04-28T20:11:59.999Z,2934.36,2022-04-28T20:38:59.999Z,2959.59,1000.00,-8.60,-0.8598,84.71
590,SHORT,2022-04-28T21:27:59.999Z,2930.32,2022-04-29T00:08:59.999Z,2939.01,1000.00,-2.97,-0.2966,81.74
591,SHORT,2022-04-29T00:43:59.999Z,2927.14,2022-04-29T01:00:59.999Z,2942.24,1000.00,-5.16,-0.5159,76.59
592,SHORT,2022-04-29T01:52:59.999Z,2928.50,2022-04-29T05:20:59.999Z,2928.20,1000.00,0.10,0.0102,76.69
593,SHORT,2022-04-29T06:09:59.999Z,2917.52,2022-04-29T07:40:59.999Z,2927.58,1000.00,-3.45,-0.3448,73.24
594,SHORT,2022-04-29T08:25:59.999Z,2916.79,2022-04-29T13:55:59.999Z,2879.16,1000.00,12.90,1.2901,86.14
595,SHORT,2022-04-29T14:25:59.999Z,2851.41,2022-04-29T21:30:59.999Z,2817.47,1000.00,11.90,1.1903,98.04
596,SHORT,2022-04-29T21:49:59.999Z,2806.47,2022-04-29T22:31:59.999Z,2822.47,1000.00,-5.70,-0.5701,92.34
597,SHORT,2022-04-30T03:14:59.999Z,2817.61,2022-04-30T05:12:59.999Z,2826.29,1000.00,-3.08,-0.3081,89.26
598,SHORT,2022-04-30T08:32:59.999Z,2822.84,2022-04-30T09:58:59.999Z,2833.67,1000.00,-3.84,-0.3837,85.43
599,SHORT,2022-04-30T12:40:59.999Z,2824.19,2022-04-30T16:10:59.999Z,2817.53,1000.00,2.36,0.2358,87.78
600,SHORT,2022-04-30T16:18:59.999Z,2810.34,2022-04-30T16:22:59.999Z,2816.11,1000.00,-2.05,-0.2053,85.73
601,SHORT,2022-04-30T16:58:59.999Z,2802.55,2022-04-30T19:57:59.999Z,2809.17,1000.00,-2.36,-0.2362,83.37
602,SHORT,2022-04-30T20:41:59.999Z,2792.17,2022-04-30T21:56:59.999Z,2799.25,1000.00,-2.54,-0.2536,80.83
603,SHORT,2022-04-30T22:02:59.999Z,2790.76,2022-05-01T01:53:59.999Z,2772.10,1000.00,6.69,0.6686,87.52
604,SHORT,2022-05-01T07:23:59.999Z,2770.30,2022-05-01T08:53:59.999Z,2781.98,1000.00,-4.22,-0.4216,83.30
605,SHORT,2022-05-01T09:18:59.999Z,2770.23,2022-05-01T13:35:59.999Z,2771.20,1000.00,-0.35,-0.0350,82.95
606,SHORT,2022-05-01T13:51:59.999Z,2759.52,2022-05-01T15:07:59.999Z,2766.91,1000.00,-2.68,-0.2678,80.27
607,SHORT,2022-05-01T18:32:59.999Z,2791.27,2022-05-01T21:01:59.999Z,2808.52,1000.00,-6.18,-0.6180,74.09
608,SHORT,2022-05-02T07:58:59.999Z,2844.40,2022-05-02T13:31:59.999Z,2820.86,1000.00,8.28,0.8276,82.37
609,SHORT,2022-05-02T13:35:59.999Z,2787.76,2022-05-02T13:44:59.999Z,2827.61,1000.00,-14.29,-1.4295,68.08
610,SHORT,2022-05-02T16:58:59.999Z,2810.96,2022-05-02T19:21:59.999Z,2822.19,1000.00,-4.00,-0.3995,64.08
611,SHORT,2022-05-03T00:31:59.999Z,2845.72,2022-05-03T03:22:59.999Z,2850.07,1000.00,-1.53,-0.1529,62.55
612,SHORT,2022-05-03T05:09:59.999Z,2834.72,2022-05-03T08:06:59.999Z,2847.71,1000.00,-4.58,-0.4582,57.97
613,SHORT,2022-05-03T09:30:59.999Z,2840.39,2022-05-03T11:54:59.999Z,2845.40,1000.00,-1.76,-0.1764,56.21
614,SHORT,2022-05-03T13:21:59.999Z,2834.10,2022-05-03T21:30:59.999Z,2793.19,1000.00,14.43,1.4435,70.64
615,SHORT,2022-05-03T23:18:59.999Z,2779.44,2022-05-04T00:39:59.999Z,2789.10,1000.00,-3.48,-0.3476,67.17
616,SHORT,2022-05-04T05:05:59.999Z,2793.21,2022-05-04T06:07:59.999Z,2800.76,1000.00,-2.70,-0.2703,64.46
617,SHORT,2022-05-04T13:54:59.999Z,2846.22,2022-05-04T16:23:59.999Z,2866.22,1000.00,-7.03,-0.7027,57.44
618,SHORT,2022-05-04T17:31:59.999Z,2844.66,2022-05-04T18:03:59.999Z,2855.96,1000.00,-3.97,-0.3972,53.46
619,SHORT,2022-05-04T18:20:59.999Z,2833.64,2022-05-04T18:45:59.999Z,2872.05,1000.00,-13.56,-1.3555,39.91
620,SHORT,2022-05-04T22:49:59.999Z,2926.96,2022-05-04T23:30:59.999Z,2934.00,1000.00,-2.41,-0.2405,37.50
621,SHORT,2022-05-05T03:38:59.999Z,2940.03,2022-05-05T04:49:59.999Z,2947.30,1000.00,-2.47,-0.2473,35.03
622,SHORT,2022-05-05T05:33:59.999Z,2937.48,2022-05-05T10:42:59.999Z,2935.64,1000.00,0.63,0.0626,35.66
623,SHORT,2022-05-05T11:48:59.999Z,2925.21,2022-05-05T12:29:59.999Z,2931.21,1000.00,-2.05,-0.2051,33.61
624,SHORT,2022-05-05T13:08:59.999Z,2926.34,2022-05-05T20:53:59.999Z,2749.99,1000.00,60.26,6.0263,93.87
625,SHORT,2022-05-05T22:46:59.999Z,2739.88,2022-05-05T23:16:59.999Z,2750.11,1000.00,-3.73,-0.3734,90.13
626,SHORT,2022-05-06T00:27:59.999Z,2740.25,2022-05-06T02:14:59.999Z,2744.28,1000.00,-1.47,-0.1471,88.66
627,SHORT,2022-05-06T04:10:59.999Z,2739.72,2022-05-06T05:05:59.999Z,2747.45,1000.00,-2.82,-0.2821,85.84
628,SHORT,2022-05-06T07:03:59.999Z,2741.08,2022-05-06T15:03:59.999Z,2691.65,1000.00,18.03,1.8033,103.88
629,SHORT,2022-05-06T17:42:59.999Z,2691.16,2022-05-06T19:50:59.999Z,2697.73,1000.00,-2.44,-0.2441,101.43
630,SHORT,2022-05-06T20:06:59.999Z,2683.82,2022-05-06T20:54:59.999Z,2704.93,1000.00,-7.87,-0.7866,93.57
631,SHORT,2022-05-06T22:19:59.999Z,2686.06,2022-05-06T22:23:59.999Z,2693.44,1000.00,-2.75,-0.2748,90.82
632,SHORT,2022-05-07T00:22:59.999Z,2689.87,2022-05-07T07:55:59.999Z,2673.00,1000.00,6.27,0.6272,97.09
633,SHORT,2022-05-07T13:10:59.999Z,2684.61,2022-05-07T15:03:59.999Z,2685.90,1000.00,-0.48,-0.0481,96.61
634,SHORT,2022-05-07T17:36:59.999Z,2684.67,2022-05-07T18:22:59.999Z,2697.97,1000.00,-4.95,-0.4954,91.66
635,SHORT,2022-05-07T19:33:59.999Z,2686.57,2022-05-08T06:51:59.999Z,2561.90,1000.00,46.40,4.6405,138.06
636,SHORT,2022-05-08T09:38:59.999Z,2552.01,2022-05-08T10:34:59.999Z,2560.21,1000.00,-3.21,-0.3213,134.85
637,SHORT,2022-05-08T12:52:59.999Z,2553.84,2022-05-08T18:28:59.999Z,2538.17,1000.00,6.14,0.6136,140.99
638,SHORT,2022-05-08T20:58:59.999Z,2540.77,2022-05-08T21:41:59.999Z,2554.99,1000.00,-5.60,-0.5597,135.39
639,SHORT,2022-05-08T22:07:59.999Z,2537.69,2022-05-09T09:08:59.999Z,2460.13,1000.00,30.56,3.0563,165.95
640,SHORT,2022-05-09T09:41:59.999Z,2442.78,2022-05-09T13:44:59.999Z,2428.99,1000.00,5.65,0.5645,171.60
641,SHORT,2022-05-09T14:17:59.999Z,2398.30,2022-05-09T21:16:59.999Z,2313.63,1000.00,35.30,3.5304,206.90
642,SHORT,2022-05-09T22:02:59.999Z,2270.15,2022-05-09T22:45:59.999Z,2307.64,1000.00,-16.51,-1.6514,190.39
643,SHORT,2022-05-09T23:13:59.999Z,2288.74,2022-05-10T01:09:59.999Z,2328.37,1000.00,-17.32,-1.7315,173.07
644,SHORT,2022-05-10T09:27:59.999Z,2373.57,2022-05-10T11:27:59.999Z,2391.05,1000.00,-7.36,-0.7364,165.71
645,SHORT,2022-05-10T14:36:59.999Z,2390.60,2022-05-10T17:38:59.999Z,2406.10,1000.00,-6.48,-0.6484,159.22
646,SHORT,2022-05-10T19:20:59.999Z,2356.57,2022-05-10T23:13:59.999Z,2354.45,1000.00,0.90,0.0900,160.12
647,SHORT,2022-05-11T02:02:59.999Z,2326.92,2022-05-11T02:24:59.999Z,2374.22,1000.00,-20.33,-2.0327,139.80
648,SHORT,2022-05-11T04:50:59.999Z,2347.99,2022-05-11T05:13:59.999Z,2393.87,1000.00,-19.54,-1.9540,120.26
649,SHORT,2022-05-11T06:41:59.999Z,2351.27,2022-05-11T08:47:59.999Z,2354.72,1000.00,-1.47,-0.1467,118.79
650,SHORT,2022-05-11T12:33:59.999Z,2359.83,2022-05-11T14:32:59.999Z,2348.18,1000.00,4.94,0.4937,123.73
651,SHORT,2022-05-11T15:19:59.999Z,2289.21,2022-05-12T00:18:59.999Z,2101.42,1000.00,82.03,8.2033,205.76
652,SHORT,2022-05-12T02:10:59.999Z,2094.84,2022-05-12T07:55:59.999Z,1937.22,1000.00,75.24,7.5242,281.00
653,SHORT,2022-05-12T08:46:59.999Z,1875.18,2022-05-12T08:56:59.999Z,1921.25,1000.00,-24.57,-2.4568,256.43
654,SHORT,2022-05-12T12:30:59.999Z,1927.45,2022-05-12T12:38:59.999Z,1970.83,1000.00,-22.51,-2.2506,233.93
655,SHORT,2022-05-12T13:34:59.999Z,1911.12,2022-05-12T14:32:59.999Z,1963.89,1000.00,-27.61,-2.7612,206.31
656,SHORT,2022-05-12T17:44:59.999Z,1964.43,2022-05-12T23:09:59.999Z,1948.71,1000.00,8.00,0.8002,214.32
657,SHORT,2022-05-13T07:21:59.999Z,2083.10,2022-05-13T09:25:59.999Z,2088.89,1000.00,-2.78,-0.2780,211.54
658,SHORT,2022-05-13T09:52:59.999Z,2074.44,2022-05-13T10:50:59.999Z,2104.43,1000.00,-14.46,-1.4457,197.08
659,SHORT,2022-05-13T15:35:59.999Z,2094.36,2022-05-13T21:56:59.999Z,2074.74,1000.00,9.37,0.9368,206.45
660,SHORT,2022-05-13T22:58:59.999Z,2057.73,2022-05-14T01:26:59.999Z,2057.09,1000.00,0.31,0.0311,206.76
661,SHORT,2022-05-14T03:30:59.999Z,2043.63,2022-05-14T06:40:59.999Z,2047.68,1000.00,-1.98,-0.1982,204.78
662,SHORT,2022-05-14T07:48:59.999Z,2031.92,2022-05-14T08:54:59.999Z,2043.57,1000.00,-5.73,-0.5733,199.04
663,SHORT,2022-05-14T09:37:59.999Z,2032.38,2022-05-14T16:25:59.999Z,1990.06,1000.00,20.82,2.0823,219.87
664,SHORT,2022-05-14T19:43:59.999Z,1994.01,2022-05-14T20:21:59.999Z,2017.49,1000.00,-11.78,-1.1775,208.09
665,SHORT,2022-05-14T20:50:59.999Z,1999.75,2022-05-14T21:35:59.999Z,2010.88,1000.00,-5.57,-0.5566,202.53
666,SHORT,2022-05-15T01:32:59.999Z,2034.93,2022-05-15T05:50:59.999Z,2033.85,1000.00,0.53,0.0531,203.06
667,SHORT,2022-05-15T08:46:59.999Z,2028.93,2022-05-15T09:48:59.999Z,2035.40,1000.00,-3.19,-0.3189,199.87
668,SHORT,2022-05-15T14:23:59.999Z,2061.41,2022-05-15T15:08:59.999Z,2079.33,1000.00,-8.69,-0.8693,191.17
669,SHORT,2022-05-15T15:33:59.999Z,2058.39,2022-05-15T16:35:59.999Z,2076.34,1000.00,-8.72,-0.8720,182.45
670,SHORT,2022-05-16T00:35:59.999Z,2123.22,2022-05-16T10:34:59.999Z,2033.36,1000.00,42.32,4.2323,224.78
671,SHORT,2022-05-16T12:16:59.999Z,2020.80,2022-05-16T12:32:59.999Z,2052.38,1000.00,-15.63,-1.5627,209.15
672,SHORT,2022-05-16T13:21:59.999Z,2015.77,2022-05-16T17:38:59.999Z,2018.09,1000.00,-1.15,-0.1151,208.00
673,SHORT,2022-05-16T19:58:59.999Z,2009.06,2022-05-16T20:48:59.999Z,2028.35,1000.00,-9.60,-0.9602,198.40
674,SHORT,2022-05-16T23:17:59.999Z,2031.73,2022-05-17T00:33:59.999Z,2035.56,1000.00,-1.89,-0.1885,196.51
675,SHORT,2022-05-17T01:36:59.999Z,2030.48,2022-05-17T01:56:59.999Z,2039.24,1000.00,-4.31,-0.4314,192.20
676,SHORT,2022-05-17T11:39:59.999Z,2078.21,2022-05-17T12:19:59.999Z,2090.76,1000.00,-6.04,-0.6039,186.16
677,SHORT,2022-05-17T14:29:59.999Z,2081.83,2022-05-17T19:40:59.999Z,2058.39,1000.00,11.26,1.1259,197.42
678,SHORT,2022-05-17T19:52:59.999Z,2044.34,2022-05-17T20:25:59.999Z,2057.72,1000.00,-6.54,-0.6545,190.87
679,SHORT,2022-05-18T01:28:59.999Z,2077.17,2022-05-18T10:05:59.999Z,2040.63,1000.00,17.59,1.7591,208.46
680,SHORT,2022-05-18T11:13:59.999Z,2029.93,2022-05-18T19:04:59.999Z,1986.15,1000.00,21.57,2.1567,230.03
681,SHORT,2022-05-18T20:23:59.999Z,1957.94,2022-05-19T03:03:59.999Z,1943.59,1000.00,7.33,0.7329,237.36
682,SHORT,2022-05-19T07:42:59.999Z,1946.76,2022-05-19T11:24:59.999Z,1949.80,1000.00,-1.56,-0.1562,235.80
683,SHORT,2022-05-19T19:26:59.999Z,2000.76,2022-05-19T20:49:59.999Z,2010.77,1000.00,-5.00,-0.5003,230.80
684,SHORT,2022-05-19T22:30:59.999Z,2004.50,2022-05-19T23:14:59.999Z,2010.30,1000.00,-2.89,-0.2893,227.90
685,SHORT,2022-05-20T01:13:59.999Z,2010.39,2022-05-20T01:23:59.999Z,2020.86,1000.00,-5.21,-0.5208,222.69
686,SHORT,2022-05-20T04:46:59.999Z,2014.50,2022-05-20T05:58:59.999Z,2025.91,1000.00,-5.66,-0.5664,217.03
687,SHORT,2022-05-20T06:26:59.999Z,2014.28,2022-05-20T07:37:59.999Z,2027.73,1000.00,-6.68,-0.6677,210.35
688,SHORT,2022-05-20T12:54:59.999Z,2032.00,2022-05-20T13:28:59.999Z,2047.01,1000.00,-7.39,-0.7387,202.97
689,SHORT,2022-05-20T13:35:59.999Z,2034.31,2022-05-20T13:59:59.999Z,2044.38,1000.00,-4.95,-0.4950,198.02
690,SHORT,2022-05-20T14:05:59.999Z,2037.23,2022-05-20T19:43:59.999Z,1963.57,1000.00,36.16,3.6157,234.17
691,SHORT,2022-05-21T00:03:59.999Z,1958.33,2022-05-21T00:16:59.999Z,1965.49,1000.00,-3.66,-0.3656,230.52
692,SHORT,2022-05-21T01:03:59.999Z,1956.84,2022-05-21T02:57:59.999Z,1959.77,1000.00,-1.50,-0.1497,229.02
693,SHORT,2022-05-21T03:08:59.999Z,1953.73,2022-05-21T03:53:59.999Z,1967.74,1000.00,-7.17,-0.7171,221.85
694,SHORT,2022-05-21T09:32:59.999Z,1969.65,2022-05-21T10:12:59.999Z,1977.04,1000.00,-3.75,-0.3752,218.10
695,SHORT,2022-05-21T10:25:59.999Z,1970.00,2022-05-21T13:37:59.999Z,1975.52,1000.00,-2.80,-0.2802,215.29
696,SHORT,2022-05-21T14:17:59.999Z,1965.51,2022-05-21T14:48:59.999Z,1978.82,1000.00,-6.77,-0.6772,208.52
697,SHORT,2022-05-21T20:40:59.999Z,1973.74,2022-05-21T23:31:59.999Z,1980.63,1000.00,-3.49,-0.3491,205.03
698,SHORT,2022-05-22T00:14:59.999Z,1973.36,2022-05-22T00:22:59.999Z,1977.35,1000.00,-2.02,-0.2022,203.01
699,SHORT,2022-05-22T02:25:59.999Z,1976.81,2022-05-22T03:33:59.999Z,1979.32,1000.00,-1.27,-0.1270,201.74
700,SHORT,2022-05-22T03:42:59.999Z,1975.67,2022-05-22T06:30:59.999Z,1975.71,1000.00,-0.02,-0.0020,201.72
701,SHORT,2022-05-22T07:17:59.999Z,1972.32,2022-05-22T07:19:59.999Z,1974.27,1000.00,-0.99,-0.0989,200.73
702,SHORT,2022-05-22T14:48:59.999Z,2018.22,2022-05-22T17:18:59.999Z,2014.63,1000.00,1.78,0.1779,202.51
703,SHORT,2022-05-22T18:01:59.999Z,2004.57,2022-05-22T18:42:59.999Z,2014.52,1000.00,-4.96,-0.4964,197.55
704,SHORT,2022-05-22T19:53:59.999Z,2006.50,2022-05-22T20:27:59.999Z,2014.71,1000.00,-4.09,-0.4092,193.45
705,SHORT,2022-05-22T21:03:59.999Z,2008.44,2022-05-22T21:23:59.999Z,2014.53,1000.00,-3.03,-0.3032,190.42
706,SHORT,2022-05-23T01:25:59.999Z,2033.38,2022-05-23T04:13:59.999Z,2035.62,1000.00,-1.10,-0.1102,189.32
707,SHORT,2022-05-23T04:54:59.999Z,2027.70,2022-05-23T05:49:59.999Z,2039.49,1000.00,-5.81,-0.5814,183.51
708,SHORT,2022-05-23T13:00:59.999Z,2060.65,2022-05-23T15:21:59.999Z,2070.21,1000.00,-4.64,-0.4639,178.87
709,SHORT,2022-05-23T16:54:59.999Z,2055.72,2022-05-24T02:01:59.999Z,1986.36,1000.00,33.74,3.3740,212.61
710,SHORT,2022-05-24T05:43:59.999Z,1980.20,2022-05-24T11:07:59.999Z,1976.75,1000.00,1.74,0.1742,214.35
711,SHORT,2022-05-24T11:41:59.999Z,1969.14,2022-05-24T15:53:59.999Z,1970.05,1000.00,-0.46,-0.0462,213.89
712,SHORT,2022-05-24T17:23:59.999Z,1940.18,2022-05-24T18:02:59.999Z,1957.86,1000.00,-9.11,-0.9113,204.77
713,SHORT,2022-05-24T18:59:59.999Z,1944.57,2022-05-24T19:34:59.999Z,1959.14,1000.00,-7.49,-0.7493,197.28
714,SHORT,2022-05-25T00:59:59.999Z,1974.95,2022-05-25T01:58:59.999Z,1985.39,1000.00,-5.29,-0.5286,192.00
715,SHORT,2022-05-25T05:40:59.999Z,1993.93,2022-05-25T13:36:59.999Z,1976.68,1000.00,8.65,0.8651,200.65
716,SHORT,2022-05-25T15:45:59.999Z,1963.61,2022-05-25T17:52:59.999Z,1961.63,1000.00,1.01,0.1008,201.66
717,SHORT,2022-05-25T19:53:59.999Z,1957.40,2022-05-25T21:53:59.999Z,1967.05,1000.00,-4.93,-0.4930,196.73
718,SHORT,2022-05-25T23:08:59.999Z,1957.59,2022-05-26T00:43:59.999Z,1963.47,1000.00,-3.00,-0.3004,193.72
719,SHORT,2022-05-26T01:26:59.999Z,1954.11,2022-05-26T14:18:59.999Z,1842.81,1000.00,56.96,5.6957,250.68
720,SHORT,2022-05-26T18:43:59.999Z,1864.25,2022-05-27T04:25:59.999Z,1770.86,1000.00,50.10,5.0095,300.77
721,SHORT,2022-05-27T04:32:59.999Z,1762.58,2022-05-27T06:53:59.999Z,1757.50,1000.00,2.88,0.2882,303.66
722,SHORT,2022-05-27T10:51:59.999Z,1764.42,2022-05-27T11:29:59.999Z,1786.81,1000.00,-12.69,-1.2690,290.97
723,SHORT,2022-05-27T14:46:59.999Z,1774.57,2022-05-27T20:00:59.999Z,1750.00,1000.00,13.85,1.3846,304.81
724,SHORT,2022-05-27T21:57:59.999Z,1731.36,2022-05-27T22:33:59.999Z,1752.01,1000.00,-11.93,-1.1927,292.88
725,SHORT,2022-05-27T23:03:59.999Z,1743.35,2022-05-28T00:50:59.999Z,1742.63,1000.00,0.41,0.0413,293.30
726,SHORT,2022-05-28T01:45:59.999Z,1728.93,2022-05-28T03:33:59.999Z,1745.30,1000.00,-9.47,-0.9468,283.83
727,SHORT,2022-05-28T08:33:59.999Z,1751.93,2022-05-28T11:10:59.999Z,1771.71,1000.00,-11.29,-1.1290,272.54
728,SHORT,2022-05-28T17:02:59.999Z,1769.66,2022-05-28T18:40:59.999Z,1786.82,1000.00,-9.70,-0.9697,262.84
729,SHORT,2022-05-28T21:58:59.999Z,1785.40,2022-05-28T23:12:59.999Z,1795.33,1000.00,-5.56,-0.5562,257.28
730,SHORT,2022-05-29T01:05:59.999Z,1785.45,2022-05-29T05:10:59.999Z,1778.34,1000.00,3.98,0.3982,261.26
731,SHORT,2022-05-29T09:25:59.999Z,1779.41,2022-05-29T10:11:59.999Z,1792.83,1000.00,-7.54,-0.7542,253.72
732,SHORT,2022-05-29T15:04:59.999Z,1795.05,2022-05-29T16:33:59.999Z,1809.38,1000.00,-7.98,-0.7983,245.74
733,SHORT,2022-05-29T17:21:59.999Z,1801.15,2022-05-29T17:30:59.999Z,1809.00,1000.00,-4.36,-0.4358,241.38
734,SHORT,2022-05-29T17:54:59.999Z,1798.26,2022-05-29T21:27:59.999Z,1797.33,1000.00,0.52,0.0517,241.90
735,SHORT,2022-05-30T00:52:59.999Z,1804.55,2022-05-30T01:14:59.999Z,1810.74,1000.00,-3.43,-0.3430,238.47
736,SHORT,2022-05-30T10:19:59.999Z,1899.11,2022-05-30T11:39:59.999Z,1904.59,1000.00,-2.89,-0.2886,235.58
737,SHORT,2022-05-30T12:26:59.999Z,1888.17,2022-05-30T14:11:59.999Z,1916.37,1000.00,-14.94,-1.4935,220.65
738,SHORT,2022-05-30T20:03:59.999Z,1916.34,2022-05-30T20:11:59.999Z,1930.86,1000.00,-7.58,-0.7577,213.07
739,SHORT,2022-05-31T01:41:59.999Z,1982.71,2022-05-31T02:14:59.999Z,1993.32,1000.00,-5.35,-0.5351,207.72
740,SHORT,2022-05-31T04:46:59.999Z,1985.59,2022-05-31T10:51:59.999Z,1974.06,1000.00,5.81,0.5807,213.52
741,SHORT,2022-05-31T12:34:59.999Z,1968.24,2022-05-31T15:51:59.999Z,1985.44,1000.00,-8.74,-0.8739,204.79
742,SHORT,2022-05-31T17:28:59.999Z,1953.18,2022-05-31T21:18:59.999Z,1952.30,1000.00,0.45,0.0451,205.24
743,SHORT,2022-05-31T21:58:59.999Z,1943.80,2022-05-31T22:31:59.999Z,1949.86,1000.00,-3.12,-0.3118,202.12
744,SHORT,2022-05-31T23:56:59.999Z,1939.25,2022-06-01T01:03:59.999Z,1950.01,1000.00,-5.55,-0.5549,196.57
745,SHORT,2022-06-01T01:36:59.999Z,1943.76,2022-06-01T06:23:59.999Z,1936.49,1000.00,3.74,0.3740,200.31
746,SHORT,2022-06-01T07:58:59.999Z,1930.14,2022-06-01T08:37:59.999Z,1936.72,1000.00,-3.41,-0.3409,196.90
747,SHORT,2022-06-01T11:01:59.999Z,1935.56,2022-06-01T11:11:59.999Z,1939.50,1000.00,-2.04,-0.2036,194.87
748,SHORT,2022-06-01T11:21:59.999Z,1927.42,2022-06-01T12:29:59.999Z,1942.99,1000.00,-8.08,-0.8078,186.79
749,SHORT,2022-06-01T14:26:59.999Z,1927.00,2022-06-01T22:53:59.999Z,1818.72,1000.00,56.19,5.6191,242.98
750,SHORT,2022-06-02T00:23:59.999Z,1809.01,2022-06-02T01:13:59.999Z,1822.71,1000.00,-7.57,-0.7573,235.41
751,SHORT,2022-06-02T03:40:59.999Z,1817.96,2022-06-02T06:01:59.999Z,1821.51,1000.00,-1.95,-0.1953,233.45
752,SHORT,2022-06-02T06:34:59.999Z,1813.49,2022-06-02T06:52:59.999Z,1823.26,1000.00,-5.39,-0.5387,228.06
753,SHORT,2022-06-02T09:40:59.999Z,1815.27,2022-06-02T10:47:59.999Z,1823.72,1000.00,-4.65,-0.4655,223.41
754,SHORT,2022-06-02T10:52:59.999Z,1819.00,2022-06-02T10:55:59.999Z,1824.57,1000.00,-3.06,-0.3062,220.35
755,SHORT,2022-06-02T13:08:59.999Z,1821.04,2022-06-02T15:24:59.999Z,1827.07,1000.00,-3.31,-0.3311,217.04
756,SHORT,2022-06-02T18:49:59.999Z,1802.45,2022-06-02T20:05:59.999Z,1823.68,1000.00,-11.78,-1.1778,205.26
757,SHORT,2022-06-03T00:38:59.999Z,1828.91,2022-06-03T01:42:59.999Z,1842.29,1000.00,-7.32,-0.7316,197.94
758,SHORT,2022-06-03T03:03:59.999Z,1829.55,2022-06-03T15:33:59.999Z,1772.02,1000.00,31.44,3.1445,229.39
759,SHORT,2022-06-03T16:07:59.999Z,1760.39,2022-06-03T20:13:59.999Z,1761.14,1000.00,-0.43,-0.0426,228.96
760,SHORT,2022-06-04T01:04:59.999Z,1764.43,2022-06-04T04:25:59.999Z,1764.67,1000.00,-0.14,-0.0136,228.83
761,SHORT,2022-06-04T11:21:59.999Z,1770.37,2022-06-04T14:27:59.999Z,1779.44,1000.00,-5.12,-0.5123,223.70
762,SHORT,2022-06-04T17:08:59.999Z,1770.48,2022-06-04T17:57:59.999Z,1776.18,1000.00,-3.22,-0.3219,220.48
763,SHORT,2022-06-04T19:39:59.999Z,1772.13,2022-06-04T21:00:59.999Z,1778.54,1000.00,-3.62,-0.3617,216.87
764,SHORT,2022-06-05T01:19:59.999Z,1787.51,2022-06-05T03:26:59.999Z,1795.01,1000.00,-4.20,-0.4196,212.67
765,SHORT,2022-06-05T03:34:59.999Z,1793.00,2022-06-05T05:25:59.999Z,1794.45,1000.00,-0.81,-0.0809,211.86
766,SHORT,2022-06-05T07:01:59.999Z,1789.50,2022-06-05T07:33:59.999Z,1796.83,1000.00,-4.10,-0.4096,207.76
767,SHORT,2022-06-05T07:57:59.999Z,1786.68,2022-06-05T11:56:59.999Z,1787.37,1000.00,-0.39,-0.0386,207.38
768,SHORT,2022-06-05T14:03:59.999Z,1781.83,2022-06-05T14:22:59.999Z,1796.50,1000.00,-8.23,-0.8233,199.15
769,SHORT,2022-06-05T21:01:59.999Z,1810.17,2022-06-05T22:18:59.999Z,1818.77,1000.00,-4.75,-0.4751,194.39
770,SHORT,2022-06-05T22:32:59.999Z,1804.98,2022-06-05T23:02:59.999Z,1814.44,1000.00,-5.24,-0.5241,189.15
771,SHORT,2022-06-05T23:21:59.999Z,1810.14,2022-06-06T00:32:59.999Z,1819.26,1000.00,-5.04,-0.5038,184.12
772,SHORT,2022-06-06T13:40:59.999Z,1893.53,2022-06-06T14:37:59.999Z,1908.62,1000.00,-7.97,-0.7969,176.15
773,SHORT,2022-06-06T14:39:59.999Z,1906.88,2022-06-06T21:10:59.999Z,1863.98,1000.00,22.50,2.2497,198.64
774,SHORT,2022-06-06T22:36:59.999Z,1857.32,2022-06-07T07:15:59.999Z,1761.40,1000.00,51.64,5.1644,250.29
775,SHORT,2022-06-07T11:10:59.999Z,1751.94,2022-06-07T13:42:59.999Z,1764.56,1000.00,-7.20,-0.7203,243.08
776,SHORT,2022-06-07T22:48:59.999Z,1789.36,2022-06-08T02:05:59.999Z,1825.98,1000.00,-20.47,-2.0465,222.62
777,SHORT,2022-06-08T03:18:59.999Z,1798.56,2022-06-08T05:47:59.999Z,1813.65,1000.00,-8.39,-0.8390,214.23
778,SHORT,2022-06-08T07:13:59.999Z,1797.20,2022-06-08T07:50:59.999Z,1807.13,1000.00,-5.53,-0.5525,208.70
779,SHORT,2022-06-08T12:24:59.999Z,1796.97,2022-06-08T13:36:59.999Z,1821.26,1000.00,-13.52,-1.3517,195.19
780,SHORT,2022-06-08T14:55:59.999Z,1800.56,2022-06-08T15:19:59.999Z,1814.08,1000.00,-7.51,-0.7509,187.68
781,SHORT,2022-06-08T16:33:59.999Z,1794.81,2022-06-08T20:39:59.999Z,1805.64,1000.00,-6.03,-0.6034,181.64
782,SHORT,2022-06-08T23:29:59.999Z,1797.18,2022-06-08T23:32:59.999Z,1803.67,1000.00,-3.61,-0.3611,178.03
783,SHORT,2022-06-08T23:36:59.999Z,1795.44,2022-06-09T01:29:59.999Z,1797.39,1000.00,-1.09,-0.1086,176.95
784,SHORT,2022-06-09T01:47:59.999Z,1790.25,2022-06-09T03:02:59.999Z,1796.51,1000.00,-3.50,-0.3497,173.45
785,SHORT,2022-06-09T06:43:59.999Z,1796.19,2022-06-09T07:03:59.999Z,1800.53,1000.00,-2.42,-0.2416,171.03
786,SHORT,2022-06-09T11:10:59.999Z,1811.34,2022-06-09T16:45:59.999Z,1805.69,1000.00,3.12,0.3119,174.15
787,SHORT,2022-06-09T18:35:59.999Z,1794.58,2022-06-09T21:13:59.999Z,1798.16,1000.00,-1.99,-0.1995,172.16
788,SHORT,2022-06-09T22:20:59.999Z,1791.26,2022-06-10T02:25:59.999Z,1786.97,1000.00,2.39,0.2395,174.55
789,SHORT,2022-06-10T06:48:59.999Z,1789.76,2022-06-10T22:19:59.999Z,1684.52,1000.00,58.80,5.8801,233.35
790,SHORT,2022-06-10T22:27:59.999Z,1676.83,2022-06-11T00:47:59.999Z,1680.73,1000.00,-2.33,-0.2326,231.03
791,SHORT,2022-06-11T02:12:59.999Z,1670.65,2022-06-11T04:30:59.999Z,1674.13,1000.00,-2.08,-0.2083,228.94
792,SHORT,2022-06-11T05:41:59.999Z,1672.05,2022-06-11T18:35:59.999Z,1540.64,1000.00,78.59,7.8592,307.54
793,SHORT,2022-06-11T20:29:59.999Z,1539.16,2022-06-11T22:12:59.999Z,1545.95,1000.00,-4.41,-0.4411,303.13
794,SHORT,2022-06-11T23:25:59.999Z,1537.36,2022-06-12T07:56:59.999Z,1465.96,1000.00,46.44,4.6443,349.57
795,SHORT,2022-06-12T10:13:59.999Z,1461.22,2022-06-12T10:25:59.999Z,1468.07,1000.00,-4.69,-0.4688,344.88
796,SHORT,2022-06-12T11:00:59.999Z,1455.55,2022-06-12T12:02:59.999Z,1473.22,1000.00,-12.14,-1.2140,332.74
797,SHORT,2022-06-12T13:06:59.999Z,1463.82,2022-06-12T14:36:59.999Z,1488.41,1000.00,-16.80,-1.6799,315.94
798,SHORT,2022-06-12T19:16:59.999Z,1497.56,2022-06-13T12:33:59.999Z,1251.00,1000.00,164.64,16.4641,480.58
799,SHORT,2022-06-13T13:04:59.999Z,1214.20,2022-06-13T13:59:59.999Z,1237.32,1000.00,-19.04,-1.9041,461.54
800,SHORT,2022-06-13T14:12:59.999Z,1218.02,2022-06-13T15:47:59.999Z,1232.65,1000.00,-12.01,-1.2011,449.53
801,SHORT,2022-06-13T17:30:59.999Z,1221.43,2022-06-13T18:04:59.999Z,1236.44,1000.00,-12.29,-1.2289,437.24
802,SHORT,2022-06-13T19:17:59.999Z,1225.85,2022-06-13T20:07:59.999Z,1246.40,1000.00,-16.76,-1.6764,420.48
803,SHORT,2022-06-13T21:42:59.999Z,1224.91,2022-06-14T03:49:59.999Z,1165.81,1000.00,48.25,4.8248,468.73
804,SHORT,2022-06-14T09:39:59.999Z,1212.30,2022-06-14T12:53:59.999Z,1202.21,1000.00,8.32,0.8323,477.05
805,SHORT,2022-06-14T17:55:59.999Z,1216.78,2022-06-14T23:27:59.999Z,1200.51,1000.00,13.37,1.3371,490.42
806,SHORT,2022-06-15T03:10:59.999Z,1192.80,2022-06-15T11:20:59.999Z,1071.39,1000.00,101.79,10.1786,592.21
807,SHORT,2022-06-15T15:08:59.999Z,1111.65,2022-06-15T16:02:59.999Z,1125.27,1000.00,-12.25,-1.2252,579.95
808,SHORT,2022-06-15T16:31:59.999Z,1100.68,2022-06-15T18:43:59.999Z,1174.05,1000.00,-66.66,-6.6659,513.30
809,SHORT,2022-06-16T02:16:59.999Z,1221.96,2022-06-16T15:30:59.999Z,1121.81,1000.00,81.96,8.1958,595.25
810,SHORT,2022-06-16T16:11:59.999Z,1105.14,2022-06-16T16:31:59.999Z,1118.96,1000.00,-12.51,-1.2505,582.75
811,SHORT,2022-06-16T18:01:59.999Z,1108.63,2022-06-16T21:32:59.999Z,1113.74,1000.00,-4.61,-0.4609,578.14
812,SHORT,2022-06-16T22:02:59.999Z,1100.73,2022-06-17T01:43:59.999Z,1100.94,1000.00,-0.19,-0.0191,577.95
813,SHORT,2022-06-17T03:49:59.999Z,1074.56,2022-06-17T04:53:59.999Z,1090.08,1000.00,-14.44,-1.4443,563.51
814,SHORT,2022-06-17T09:03:59.999Z,1093.77,2022-06-17T10:59:59.999Z,1104.89,1000.00,-10.17,-1.0167,553.34
815,SHORT,2022-06-17T12:04:59.999Z,1093.10,2022-06-17T16:16:59.999Z,1087.79,1000.00,4.86,0.4858,558.20
816,SHORT,2022-06-17T16:32:59.999Z,1077.81,2022-06-17T18:17:59.999Z,1084.37,1000.00,-6.09,-0.6086,552.11
817,SHORT,2022-06-17T18:44:59.999Z,1078.08,2022-06-17T20:02:59.999Z,1083.30,1000.00,-4.84,-0.4842,547.27
818,SHORT,2022-06-17T21:58:59.999Z,1082.37,2022-06-17T23:21:59.999Z,1089.86,1000.00,-6.92,-0.6920,540.35
819,SHORT,2022-06-18T01:25:59.999Z,1084.42,2022-06-18T11:28:59.999Z,1014.34,1000.00,64.62,6.4624,604.97
820,SHORT,2022-06-18T12:06:59.999Z,1003.78,2022-06-18T21:47:59.999Z,944.67,1000.00,58.89,5.8887,663.86
821,SHORT,2022-06-19T01:46:59.999Z,969.71,2022-06-19T07:15:59.999Z,968.04,1000.00,1.72,0.1722,665.58
822,SHORT,2022-06-19T08:11:59.999Z,955.53,2022-06-19T08:30:59.999Z,964.00,1000.00,-8.86,-0.8864,656.72
823,SHORT,2022-06-19T14:01:59.999Z,1024.67,2022-06-19T15:04:59.999Z,1037.17,1000.00,-12.20,-1.2199,644.52
824,SHORT,2022-06-19T15:17:59.999Z,1029.80,2022-06-19T15:32:59.999Z,1039.54,1000.00,-9.46,-0.9458,635.06
825,SHORT,2022-06-19T17:57:59.999Z,1047.09,2022-06-19T18:10:59.999Z,1051.85,1000.00,-4.55,-0.4546,630.52
826,SHORT,2022-06-20T00:11:59.999Z,1112.76,2022-06-20T04:34:59.999Z,1089.07,1000.00,21.29,2.1289,651.81
827,SHORT,2022-06-20T04:49:59.999Z,1078.48,2022-06-20T06:18:59.999Z,1080.48,1000.00,-1.85,-0.1854,649.95
828,SHORT,2022-06-20T06:24:59.999Z,1075.34,2022-06-20T06:47:59.999Z,1080.53,1000.00,-4.83,-0.4826,645.12
829,SHORT,2022-06-20T07:20:59.999Z,1073.26,2022-06-20T08:11:59.999Z,1086.03,1000.00,-11.90,-1.1898,633.23
830,SHORT,2022-06-20T12:46:59.999Z,1131.26,2022-06-20T14:52:59.999Z,1135.16,1000.00,-3.45,-0.3447,629.78
831,SHORT,2022-06-20T15:32:59.999Z,1124.98,2022-06-20T15:58:59.999Z,1133.83,1000.00,-7.87,-0.7867,621.91
832,SHORT,2022-06-20T16:03:59.999Z,1124.06,2022-06-20T20:13:59.999Z,1118.82,1000.00,4.66,0.4662,626.57
833,SHORT,2022-06-20T21:56:59.999Z,1104.82,2022-06-20T23:36:59.999Z,1119.06,1000.00,-12.89,-1.2889,613.68
834,SHORT,2022-06-21T02:41:59.999Z,1115.01,2022-06-21T03:16:59.999Z,1128.57,1000.00,-12.16,-1.2161,601.52
835,SHORT,2022-06-21T03:31:59.999Z,1116.28,2022-06-21T03:47:59.999Z,1126.68,1000.00,-9.32,-0.9317,592.21
836,SHORT,2022-06-21T10:23:59.999Z,1151.68,2022-06-21T10:36:59.999Z,1161.36,1000.00,-8.41,-0.8405,583.80
837,SHORT,2022-06-21T11:29:59.999Z,1148.62,2022-06-21T13:35:59.999Z,1163.97,1000.00,-13.36,-1.3364,570.44
838,SHORT,2022-06-21T16:17:59.999Z,1168.10,2022-06-21T16:21:59.999Z,1170.80,1000.00,-2.31,-0.2311,568.13
839,SHORT,2022-06-21T16:26:59.999Z,1169.22,2022-06-21T16:28:59.999Z,1172.08,1000.00,-2.45,-0.2446,565.68
840,SHORT,2022-06-21T16:53:59.999Z,1166.45,2022-06-21T23:02:59.999Z,1138.01,1000.00,24.38,2.4382,590.06
841,SHORT,2022-06-21T23:27:59.999Z,1119.95,2022-06-22T09:36:59.999Z,1091.78,1000.00,25.15,2.5153,615.21
842,SHORT,2022-06-22T12:45:59.999Z,1077.10,2022-06-22T13:43:59.999Z,1092.79,1000.00,-14.57,-1.4567,600.65
843,SHORT,2022-06-22T15:46:59.999Z,1089.78,2022-06-22T18:44:59.999Z,1085.13,1000.00,4.27,0.4267,604.91
844,SHORT,2022-06-22T18:50:59.999Z,1080.35,2022-06-23T00:22:59.999Z,1068.98,1000.00,10.52,1.0524,615.44
845,SHORT,2022-06-23T03:58:59.999Z,1076.85,2022-06-23T04:37:59.999Z,1082.13,1000.00,-4.90,-0.4903,610.54
846,SHORT,2022-06-23T14:01:59.999Z,1108.71,2022-06-23T18:36:59.999Z,1100.33,1000.00,7.56,0.7558,618.09
847,SHORT,2022-06-24T04:02:59.999Z,1150.74,2022-06-24T04:05:59.999Z,1156.30,1000.00,-4.83,-0.4832,613.26
848,SHORT,2022-06-24T04:42:59.999Z,1146.90,2022-06-24T05:44:59.999Z,1154.37,1000.00,-6.51,-0.6513,606.75
849,SHORT,2022-06-24T05:58:59.999Z,1140.34,2022-06-24T07:44:59.999Z,1153.64,1000.00,-11.66,-1.1663,595.09
850,SHORT,2022-06-24T10:02:59.999Z,1147.04,2022-06-24T10:20:59.999Z,1155.13,1000.00,-7.05,-0.7053,588.03
851,SHORT,2022-06-24T15:16:59.999Z,1195.93,2022-06-24T17:04:59.999Z,1208.48,1000.00,-10.49,-1.0494,577.54
852,SHORT,2022-06-25T00:10:59.999Z,1218.27,2022-06-25T03:57:59.999Z,1224.57,1000.00,-5.17,-0.5171,572.37
853,SHORT,2022-06-25T04:30:59.999Z,1215.09,2022-06-25T04:52:59.999Z,1223.88,1000.00,-7.23,-0.7234,565.13
854,SHORT,2022-06-25T06:25:59.999Z,1215.15,2022-06-25T07:11:59.999Z,1228.55,1000.00,-11.03,-1.1027,554.11
855,SHORT,2022-06-25T10:28:59.999Z,1223.04,2022-06-25T17:40:59.999Z,1197.62,1000.00,20.78,2.0784,574.89
856,SHORT,2022-06-26T01:43:59.999Z,1231.97,2022-06-26T04:16:59.999Z,1237.37,1000.00,-4.38,-0.4383,570.51
857,SHORT,2022-06-26T09:52:59.999Z,1237.24,2022-06-26T10:19:59.999Z,1246.18,1000.00,-7.23,-0.7226,563.28
858,SHORT,2022-06-26T13:07:59.999Z,1234.56,2022-06-26T19:29:59.999Z,1225.82,1000.00,7.08,0.7079,570.36
859,SHORT,2022-06-26T22:24:59.999Z,1216.83,2022-06-27T01:51:59.999Z,1214.04,1000.00,2.29,0.2293,572.65
860,SHORT,2022-06-27T05:34:59.999Z,1215.29,2022-06-27T07:02:59.999Z,1223.61,1000.00,-6.85,-0.6846,565.81
861,SHORT,2022-06-27T11:33:59.999Z,1222.16,2022-06-27T18:20:59.999Z,1203.22,1000.00,15.50,1.5497,581.30
862,SHORT,2022-06-27T23:37:59.999Z,1193.34,2022-06-28T04:32:59.999Z,1182.76,1000.00,8.87,0.8866,590.17
863,SHORT,2022-06-28T14:19:59.999Z,1216.37,2022-06-28T21:54:59.999Z,1166.88,1000.00,40.69,4.0687,630.86
864,SHORT,2022-06-28T22:09:59.999Z,1162.51,2022-06-29T01:55:59.999Z,1153.00,1000.00,8.18,0.8181,639.04
865,SHORT,2022-06-29T02:29:59.999Z,1147.10,2022-06-29T02:39:59.999Z,1151.32,1000.00,-3.68,-0.3679,635.36
866,SHORT,2022-06-29T03:45:59.999Z,1147.85,2022-06-29T04:37:59.999Z,1153.09,1000.00,-4.57,-0.4565,630.79
867,SHORT,2022-06-29T05:29:59.999Z,1146.06,2022-06-29T09:30:59.999Z,1139.82,1000.00,5.44,0.5445,636.24
868,SHORT,2022-06-29T09:59:59.999Z,1129.56,2022-06-29T10:20:59.999Z,1133.28,1000.00,-3.29,-0.3293,632.95
869,SHORT,2022-06-29T10:29:59.999Z,1130.51,2022-06-29T14:51:59.999Z,1120.88,1000.00,8.52,0.8518,641.46
870,SHORT,2022-06-29T15:10:59.999Z,1112.92,2022-06-29T18:33:59.999Z,1105.50,1000.00,6.67,0.6667,648.13
871,SHORT,2022-06-29T18:42:59.999Z,1103.00,2022-06-29T19:08:59.999Z,1108.04,1000.00,-4.57,-0.4569,643.56
872,SHORT,2022-06-29T22:39:59.999Z,1105.44,2022-06-30T04:24:59.999Z,1095.92,1000.00,8.61,0.8612,652.17
873,SHORT,2022-06-30T04:39:59.999Z,1091.85,2022-06-30T04:49:59.999Z,1094.20,1000.00,-2.15,-0.2152,650.02
874,SHORT,2022-06-30T04:56:59.999Z,1090.93,2022-06-30T12:48:59.999Z,1036.45,1000.00,49.94,4.9939,699.96
875,SHORT,2022-06-30T13:37:59.999Z,1017.33,2022-06-30T15:09:59.999Z,1028.09,1000.00,-10.58,-1.0577,689.38
876,SHORT,2022-06-30T18:34:59.999Z,1027.53,2022-06-30T21:25:59.999Z,1030.77,1000.00,-3.15,-0.3153,686.23
877,SHORT,2022-06-30T22:11:59.999Z,1018.85,2022-06-30T22:24:59.999Z,1029.12,1000.00,-10.08,-1.0080,676.15
878,SHORT,2022-06-30T23:24:59.999Z,1019.66,2022-06-30T23:35:59.999Z,1030.10,1000.00,-10.24,-1.0239,665.91
879,SHORT,2022-07-01T03:52:59.999Z,1068.11,2022-07-01T07:32:59.999Z,1067.98,1000.00,0.12,0.0122,666.03
880,SHORT,2022-07-01T09:59:59.999Z,1063.60,2022-07-01T13:45:59.999Z,1071.01,1000.00,-6.97,-0.6967,659.07
881,SHORT,2022-07-01T14:35:59.999Z,1047.24,2022-07-01T14:59:59.999Z,1057.42,1000.00,-9.72,-0.9721,649.35
882,SHORT,2022-07-01T19:29:59.999Z,1060.90,2022-07-01T20:13:59.999Z,1075.04,1000.00,-13.33,-1.3328,636.02
883,SHORT,2022-07-01T21:55:59.999Z,1068.16,2022-07-01T23:32:59.999Z,1071.27,1000.00,-2.91,-0.2912,633.11
884,SHORT,2022-07-01T23:55:59.999Z,1056.66,2022-07-02T05:29:59.999Z,1048.32,1000.00,7.89,0.7893,641.00
885,SHORT,2022-07-02T05:41:59.999Z,1044.40,2022-07-02T06:05:59.999Z,1047.21,1000.00,-2.69,-0.2691,638.31
886,SHORT,2022-07-02T06:45:59.999Z,1045.30,2022-07-02T06:52:59.999Z,1050.05,1000.00,-4.54,-0.4544,633.76
887,SHORT,2022-07-02T07:44:59.999Z,1044.50,2022-07-02T10:50:59.999Z,1045.70,1000.00,-1.15,-0.1149,632.61
888,SHORT,2022-07-02T15:32:59.999Z,1045.94,2022-07-02T16:10:59.999Z,1056.16,1000.00,-9.77,-0.9771,622.84
889,SHORT,2022-07-02T23:46:59.999Z,1068.18,2022-07-03T03:44:59.999Z,1065.74,1000.00,2.28,0.2284,625.13
890,SHORT,2022-07-03T04:54:59.999Z,1044.04,2022-07-03T05:02:59.999Z,1077.02,1000.00,-31.59,-3.1589,593.54
891,SHORT,2022-07-03T06:00:59.999Z,1058.39,2022-07-03T08:09:59.999Z,1064.15,1000.00,-5.44,-0.5442,588.10
892,SHORT,2022-07-03T08:12:59.999Z,1060.30,2022-07-03T10:18:59.999Z,1062.87,1000.00,-2.42,-0.2424,585.67
893,SHORT,2022-07-03T12:47:59.999Z,1056.71,2022-07-03T16:22:59.999Z,1056.63,1000.00,0.08,0.0076,585.75
894,SHORT,2022-07-03T23:59:59.999Z,1074.26,2022-07-04T02:15:59.999Z,1075.02,1000.00,-0.71,-0.0707,585.04
895,SHORT,2022-07-04T02:24:59.999Z,1070.68,2022-07-04T09:29:59.999Z,1055.41,1000.00,14.26,1.4262,599.30
896,SHORT,2022-07-04T14:41:59.999Z,1084.98,2022-07-04T15:05:59.999Z,1122.75,1000.00,-34.81,-3.4812,564.49
897,SHORT,2022-07-05T02:33:59.999Z,1145.65,2022-07-05T03:36:59.999Z,1150.99,1000.00,-4.66,-0.4661,559.83
898,SHORT,2022-07-05T08:06:59.999Z,1147.72,2022-07-05T17:14:59.999Z,1099.32,1000.00,42.17,4.2171,602.00
899,SHORT,2022-07-05T23:28:59.999Z,1135.51,2022-07-06T00:52:59.999Z,1148.50,1000.00,-11.44,-1.1440,590.56
900,SHORT,2022-07-06T01:29:59.999Z,1139.06,2022-07-06T04:07:59.999Z,1133.07,1000.00,5.26,0.5259,595.82
901,SHORT,2022-07-06T06:08:59.999Z,1128.31,2022-07-06T07:04:59.999Z,1135.03,1000.00,-5.96,-0.5956,589.86
902,SHORT,2022-07-06T10:45:59.999Z,1138.36,2022-07-06T13:15:59.999Z,1140.21,1000.00,-1.63,-0.1625,588.24
903,SHORT,2022-07-06T15:10:59.999Z,1132.06,2022-07-06T16:37:59.999Z,1139.95,1000.00,-6.97,-0.6970,581.27
904,SHORT,2022-07-07T02:21:59.999Z,1175.66,2022-07-07T07:34:59.999Z,1176.17,1000.00,-0.43,-0.0434,580.84
905,SHORT,2022-07-07T22:32:59.999Z,1230.78,2022-07-07T23:37:59.999Z,1239.68,1000.00,-7.23,-0.7231,573.60
906,SHORT,2022-07-08T05:34:59.999Z,1252.32,2022-07-08T05:42:59.999Z,1255.50,1000.00,-2.54,-0.2539,571.07
907,SHORT,2022-07-08T05:49:59.999Z,1249.51,2022-07-08T12:16:59.999Z,1229.75,1000.00,15.81,1.5814,586.88
908,SHORT,2022-07-08T12:33:59.999Z,1215.82,2022-07-08T14:49:59.999Z,1229.65,1000.00,-11.38,-1.1375,575.50
909,SHORT,2022-07-08T16:53:59.999Z,1222.00,2022-07-08T17:40:59.999Z,1227.84,1000.00,-4.78,-0.4779,570.73
910,SHORT,2022-07-08T22:05:59.999Z,1232.76,2022-07-08T23:41:59.999Z,1238.82,1000.00,-4.92,-0.4916,565.81
911,SHORT,2022-07-08T23:49:59.999Z,1233.67,2022-07-09T05:02:59.999Z,1218.73,1000.00,12.11,1.2110,577.92
912,SHORT,2022-07-09T05:25:59.999Z,1214.70,2022-07-09T06:36:59.999Z,1216.75,1000.00,-1.69,-0.1688,576.23
913,SHORT,2022-07-09T09:49:59.999Z,1218.57,2022-07-09T10:44:59.999Z,1223.87,1000.00,-4.35,-0.4349,571.88
914,SHORT,2022-07-09T11:42:59.999Z,1218.89,2022-07-09T14:20:59.999Z,1219.33,1000.00,-0.36,-0.0361,571.52
915,SHORT,2022-07-09T14:57:59.999Z,1215.25,2022-07-09T15:29:59.999Z,1218.12,1000.00,-2.36,-0.2362,569.16
916,SHORT,2022-07-09T15:45:59.999Z,1214.13,2022-07-09T16:20:59.999Z,1218.88,1000.00,-3.91,-0.3912,565.25
917,SHORT,2022-07-09T19:15:59.999Z,1213.11,2022-07-09T21:25:59.999Z,1222.16,1000.00,-7.46,-0.7460,557.79
918,SHORT,2022-07-09T22:59:59.999Z,1216.29,2022-07-10T16:58:59.999Z,1171.58,1000.00,36.76,3.6759,594.55
919,SHORT,2022-07-10T18:32:59.999Z,1167.52,2022-07-10T20:02:59.999Z,1172.58,1000.00,-4.33,-0.4334,590.21
920,SHORT,2022-07-10T22:12:59.999Z,1165.38,2022-07-11T09:17:59.999Z,1147.38,1000.00,15.45,1.5446,605.66
921,SHORT,2022-07-11T11:51:59.999Z,1143.30,2022-07-11T12:48:59.999Z,1147.08,1000.00,-3.31,-0.3306,602.35
922,SHORT,2022-07-11T13:50:59.999Z,1134.24,2022-07-11T16:18:59.999Z,1144.06,1000.00,-8.66,-0.8658,593.69
923,SHORT,2022-07-11T19:17:59.999Z,1141.43,2022-07-12T05:29:59.999Z,1091.81,1000.00,43.47,4.3472,637.17
924,SHORT,2022-07-12T06:03:59.999Z,1086.50,2022-07-12T11:38:59.999Z,1065.90,1000.00,18.96,1.8960,656.13
925,SHORT,2022-07-12T17:37:59.999Z,1075.97,2022-07-13T01:30:59.999Z,1046.05,1000.00,27.81,2.7807,683.93
926,SHORT,2022-07-13T12:37:59.999Z,1049.08,2022-07-13T14:52:59.999Z,1067.66,1000.00,-17.71,-1.7711,666.22
927,SHORT,2022-07-13T20:02:59.999Z,1076.14,2022-07-13T21:22:59.999Z,1081.96,1000.00,-5.41,-0.5408,660.81
928,SHORT,2022-07-14T04:26:59.999Z,1108.63,2022-07-14T13:02:59.999Z,1088.67,1000.00,18.00,1.8004,678.82
929,SHORT,2022-07-14T13:10:59.999Z,1081.59,2022-07-14T14:48:59.999Z,1090.01,1000.00,-7.78,-0.7785,671.03
930,SHORT,2022-07-14T21:55:59.999Z,1182.49,2022-07-14T23:01:59.999Z,1187.82,1000.00,-4.51,-0.4507,666.53
931,SHORT,2022-07-15T00:33:59.999Z,1184.85,2022-07-15T01:48:59.999Z,1193.35,1000.00,-7.17,-0.7174,659.35
932,SHORT,2022-07-15T05:01:59.999Z,1193.60,2022-07-15T05:52:59.999Z,1204.37,1000.00,-9.02,-0.9023,650.33
933,SHORT,2022-07-15T12:02:59.999Z,1212.00,2022-07-15T12:26:59.999Z,1220.56,1000.00,-7.06,-0.7063,643.27
934,SHORT,2022-07-15T12:32:59.999Z,1210.01,2022-07-15T12:38:59.999Z,1225.95,1000.00,-13.17,-1.3173,630.09
935,SHORT,2022-07-15T16:09:59.999Z,1220.70,2022-07-15T17:27:59.999Z,1227.84,1000.00,-5.85,-0.5849,624.24
936,SHORT,2022-07-15T22:21:59.999Z,1247.92,2022-07-16T11:33:59.999Z,1202.02,1000.00,36.78,3.6781,661.03
937,SHORT,2022-07-16T12:06:59.999Z,1196.90,2022-07-16T12:18:59.999Z,1202.73,1000.00,-4.87,-0.4871,656.15
938,SHORT,2022-07-16T20:25:59.999Z,1317.50,2022-07-16T20:54:59.999Z,1339.20,1000.00,-16.47,-1.6471,639.68
939,SHORT,2022-07-17T01:26:59.999Z,1339.01,2022-07-17T03:20:59.999Z,1355.09,1000.00,-12.01,-1.2009,627.68
940,SHORT,2022-07-17T08:36:59.999Z,1358.92,2022-07-17T08:52:59.999Z,1363.43,1000.00,-3.32,-0.3319,624.36
941,SHORT,2022-07-17T09:43:59.999Z,1357.87,2022-07-17T11:23:59.999Z,1363.71,1000.00,-4.30,-0.4301,620.06
942,SHORT,2022-07-17T11:37:59.999Z,1351.42,2022-07-17T12:00:59.999Z,1364.57,1000.00,-9.73,-0.9731,610.33
943,SHORT,2022-07-17T12:56:59.999Z,1351.72,2022-07-17T14:52:59.999Z,1354.93,1000.00,-2.37,-0.2375,607.95
944,SHORT,2022-07-17T15:37:59.999Z,1348.53,2022-07-17T17:19:59.999Z,1374.75,1000.00,-19.44,-1.9443,588.51
945,SHORT,2022-07-17T18:01:59.999Z,1330.27,2022-07-17T19:52:59.999Z,1348.54,1000.00,-13.73,-1.3734,574.77
946,SHORT,2022-07-17T20:20:59.999Z,1340.05,2022-07-17T21:09:59.999Z,1349.05,1000.00,-6.72,-0.6716,568.06
947,SHORT,2022-07-17T23:28:59.999Z,1346.59,2022-07-18T01:13:59.999Z,1359.35,1000.00,-9.48,-0.9476,558.58
948,SHORT,2022-07-18T12:13:59.999Z,1474.55,2022-07-18T13:07:59.999Z,1480.00,1000.00,-3.70,-0.3696,554.89
949,SHORT,2022-07-18T14:09:59.999Z,1471.33,2022-07-18T14:54:59.999Z,1480.35,1000.00,-6.13,-0.6131,548.75
950,SHORT,2022-07-18T17:33:59.999Z,1487.24,2022-07-18T21:16:59.999Z,1478.85,1000.00,5.64,0.5641,554.40
951,SHORT,2022-07-19T01:52:59.999Z,1533.86,2022-07-19T03:36:59.999Z,1543.71,1000.00,-6.42,-0.6422,547.97
952,SHORT,2022-07-19T03:46:59.999Z,1529.52,2022-07-19T05:28:59.999Z,1532.81,1000.00,-2.15,-0.2151,545.82
953,SHORT,2022-07-19T06:50:59.999Z,1506.00,2022-07-19T08:43:59.999Z,1530.85,1000.00,-16.50,-1.6501,529.32
954,SHORT,2022-07-19T14:16:59.999Z,1534.17,2022-07-19T16:23:59.999Z,1564.91,1000.00,-20.04,-2.0037,509.29
955,SHORT,2022-07-19T20:11:59.999Z,1549.32,2022-07-19T21:23:59.999Z,1582.10,1000.00,-21.16,-2.1158,488.13
956,SHORT,2022-07-19T22:41:59.999Z,1559.08,2022-07-19T23:12:59.999Z,1573.21,1000.00,-9.06,-0.9063,479.06
957,SHORT,2022-07-19T23:21:59.999Z,1554.10,2022-07-20T02:35:59.999Z,1549.74,1000.00,2.81,0.2805,481.87
958,SHORT,2022-07-20T07:32:59.999Z,1556.51,2022-07-20T09:56:59.999Z,1551.47,1000.00,3.24,0.3238,485.11
959,SHORT,2022-07-20T15:52:59.999Z,1596.39,2022-07-20T22:01:59.999Z,1544.88,1000.00,32.27,3.2267,517.37
960,SHORT,2022-07-20T22:50:59.999Z,1531.82,2022-07-21T01:16:59.999Z,1545.47,1000.00,-8.91,-0.8911,508.46
961,SHORT,2022-07-21T02:26:59.999Z,1521.07,2022-07-21T07:41:59.999Z,1493.52,1000.00,18.11,1.8112,526.58
962,SHORT,2022-07-21T08:01:59.999Z,1485.68,2022-07-21T08:10:59.999Z,1490.47,1000.00,-3.22,-0.3224,523.35
963,SHORT,2022-07-21T08:13:59.999Z,1488.28,2022-07-21T09:05:59.999Z,1493.53,1000.00,-3.53,-0.3528,519.82
964,SHORT,2022-07-21T11:17:59.999Z,1490.19,2022-07-21T12:31:59.999Z,1508.20,1000.00,-12.09,-1.2086,507.74
965,SHORT,2022-07-21T13:47:59.999Z,1497.33,2022-07-21T13:49:59.999Z,1500.89,1000.00,-2.38,-0.2378,505.36
966,SHORT,2022-07-21T14:13:59.999Z,1488.73,2022-07-21T15:08:59.999Z,1507.71,1000.00,-12.75,-1.2749,492.61
967,SHORT,2022-07-21T22:51:59.999Z,1569.35,2022-07-21T23:04:59.999Z,1579.76,1000.00,-6.63,-0.6633,485.98
968,SHORT,2022-07-22T00:06:59.999Z,1573.38,2022-07-22T00:14:59.999Z,1583.03,1000.00,-6.13,-0.6133,479.85
969,SHORT,2022-07-22T01:48:59.999Z,1574.97,2022-07-22T05:19:59.999Z,1573.72,1000.00,0.79,0.0794,480.64
970,SHORT,2022-07-22T13:18:59.999Z,1628.21,2022-07-22T13:19:59.999Z,1630.15,1000.00,-1.19,-0.1191,479.45
971,SHORT,2022-07-22T13:21:59.999Z,1627.85,2022-07-23T00:34:59.999Z,1549.11,1000.00,48.37,4.8371,527.82
972,SHORT,2022-07-23T07:51:59.999Z,1573.72,2022-07-23T08:06:59.999Z,1581.94,1000.00,-5.22,-0.5223,522.59
973,SHORT,2022-07-23T08:50:59.999Z,1566.32,2022-07-23T20:06:59.999Z,1517.74,1000.00,31.02,3.1015,553.61
974,SHORT,2022-07-24T03:38:59.999Z,1549.19,2022-07-24T04:42:59.999Z,1559.36,1000.00,-6.56,-0.6565,547.05
975,SHORT,2022-07-24T10:13:59.999Z,1598.60,2022-07-24T10:28:59.999Z,1602.01,1000.00,-2.13,-0.2133,544.91
976,SHORT,2022-07-24T10:35:59.999Z,1592.19,2022-07-24T11:19:59.999Z,1620.06,1000.00,-17.50,-1.7504,527.41
977,SHORT,2022-07-24T12:52:59.999Z,1586.15,2022-07-24T14:33:59.999Z,1611.99,1000.00,-16.29,-1.6291,511.12
978,SHORT,2022-07-24T16:22:59.999Z,1593.98,2022-07-24T17:24:59.999Z,1610.29,1000.00,-10.23,-1.0232,500.89
979,SHORT,2022-07-24T18:37:59.999Z,1591.67,2022-07-24T19:25:59.999Z,1602.77,1000.00,-6.97,-0.6974,493.91
980,SHORT,2022-07-24T23:11:59.999Z,1601.45,2022-07-25T06:16:59.999Z,1527.57,1000.00,46.13,4.6133,540.04
981,SHORT,2022-07-25T06:23:59.999Z,1518.59,2022-07-25T07:51:59.999Z,1526.74,1000.00,-5.37,-0.5367,534.68
982,SHORT,2022-07-25T08:07:59.999Z,1520.78,2022-07-25T08:45:59.999Z,1539.58,1000.00,-12.36,-1.2362,522.32
983,SHORT,2022-07-25T12:10:59.999Z,1519.30,2022-07-25T15:55:59.999Z,1527.41,1000.00,-5.34,-0.5338,516.98
984,SHORT,2022-07-25T16:27:59.999Z,1519.69,2022-07-25T16:53:59.999Z,1527.80,1000.00,-5.34,-0.5337,511.64
985,SHORT,2022-07-25T17:46:59.999Z,1519.64,2022-07-25T20:27:59.999Z,1518.38,1000.00,0.83,0.0829,512.47
986,SHORT,2022-07-25T22:15:59.999Z,1496.60,2022-07-26T04:26:59.999Z,1436.17,1000.00,40.38,4.0378,552.85
987,SHORT,2022-07-26T05:01:59.999Z,1426.11,2022-07-26T09:44:59.999Z,1421.11,1000.00,3.51,0.3506,556.35
988,SHORT,2022-07-26T10:22:59.999Z,1414.07,2022-07-26T17:12:59.999Z,1390.37,1000.00,16.76,1.6760,573.11
989,SHORT,2022-07-26T17:59:59.999Z,1378.56,2022-07-26T18:06:59.999Z,1386.87,1000.00,-6.03,-0.6028,567.09
990,SHORT,2022-07-26T18:09:59.999Z,1379.23,2022-07-26T21:00:59.999Z,1380.32,1000.00,-0.79,-0.0790,566.30
991,SHORT,2022-07-27T03:36:59.999Z,1426.37,2022-07-27T04:33:59.999Z,1437.53,1000.00,-7.82,-0.7824,558.47
992,SHORT,2022-07-27T10:10:59.999Z,1456.66,2022-07-27T10:25:59.999Z,1463.61,1000.00,-4.77,-0.4771,553.70
993,SHORT,2022-07-27T11:00:59.999Z,1456.15,2022-07-27T11:33:59.999Z,1461.62,1000.00,-3.76,-0.3756,549.94
994,SHORT,2022-07-27T12:02:59.999Z,1447.80,2022-07-27T12:40:59.999Z,1462.76,1000.00,-10.33,-1.0333,539.61
995,SHORT,2022-07-28T01:09:59.999Z,1610.77,2022-07-28T02:41:59.999Z,1624.57,1000.00,-8.57,-0.8567,531.04
996,SHORT,2022-07-28T05:09:59.999Z,1632.22,2022-07-28T05:42:59.999Z,1644.55,1000.00,-7.55,-0.7554,523.49
997,SHORT,2022-07-28T07:14:59.999Z,1636.39,2022-07-28T11:14:59.999Z,1624.36,1000.00,7.35,0.7352,530.84
998,SHORT,2022-07-28T12:39:59.999Z,1615.61,2022-07-28T12:47:59.999Z,1639.19,1000.00,-14.60,-1.4595,516.25
999,SHORT,2022-07-28T14:05:59.999Z,1618.64,2022-07-28T14:48:59.999Z,1644.74,1000.00,-16.12,-1.6125,500.12
1000,SHORT,2022-07-28T23:20:59.999Z,1731.26,2022-07-29T03:42:59.999Z,1724.62,1000.00,3.84,0.3835,503.96
1001,SHORT,2022-07-29T07:01:59.999Z,1713.77,2022-07-29T09:35:59.999Z,1723.25,1000.00,-5.53,-0.5532,498.43
1002,SHORT,2022-07-29T11:08:59.999Z,1715.73,2022-07-29T14:02:59.999Z,1707.69,1000.00,4.69,0.4686,503.11
1003,SHORT,2022-07-29T16:12:59.999Z,1684.97,2022-07-29T18:11:59.999Z,1718.73,1000.00,-20.04,-2.0036,483.08
1004,SHORT,2022-07-29T21:44:59.999Z,1708.92,2022-07-29T22:30:59.999Z,1731.00,1000.00,-12.92,-1.2920,470.16
1005,SHORT,2022-07-30T00:29:59.999Z,1729.19,2022-07-30T06:27:59.999Z,1715.00,1000.00,8.21,0.8206,478.36
1006,SHORT,2022-07-30T09:49:59.999Z,1697.87,2022-07-30T11:49:59.999Z,1708.21,1000.00,-6.09,-0.6090,472.27
1007,SHORT,2022-07-30T17:39:59.999Z,1720.21,2022-07-30T18:34:59.999Z,1730.27,1000.00,-5.85,-0.5848,466.42
1008,SHORT,2022-07-30T19:04:59.999Z,1723.22,2022-07-31T00:31:59.999Z,1702.99,1000.00,11.74,1.1740,478.16
1009,SHORT,2022-07-31T02:29:59.999Z,1694.68,2022-07-31T04:32:59.999Z,1704.59,1000.00,-5.85,-0.5848,472.32
1010,SHORT,2022-07-31T05:56:59.999Z,1692.31,2022-07-31T06:52:59.999Z,1699.52,1000.00,-4.26,-0.4260,468.05
1011,SHORT,2022-07-31T08:00:59.999Z,1696.01,2022-07-31T08:05:59.999Z,1701.29,1000.00,-3.11,-0.3113,464.94
1012,SHORT,2022-07-31T08:13:59.999Z,1690.48,2022-07-31T09:51:59.999Z,1699.01,1000.00,-5.05,-0.5046,459.90
1013,SHORT,2022-07-31T13:40:59.999Z,1706.37,2022-07-31T14:35:59.999Z,1716.26,1000.00,-5.80,-0.5796,454.10
1014,SHORT,2022-07-31T14:45:59.999Z,1698.30,2022-07-31T15:51:59.999Z,1713.38,1000.00,-8.88,-0.8879,445.22
1015,SHORT,2022-07-31T16:26:59.999Z,1705.73,2022-07-31T16:40:59.999Z,1711.00,1000.00,-3.09,-0.3090,442.13
1016,SHORT,2022-07-31T17:04:59.999Z,1708.28,2022-07-31T17:10:59.999Z,1710.28,1000.00,-1.17,-0.1171,440.96
1017,SHORT,2022-07-31T17:24:59.999Z,1707.76,2022-07-31T18:07:59.999Z,1722.83,1000.00,-8.82,-0.8824,432.14
1018,SHORT,2022-07-31T18:48:59.999Z,1698.59,2022-07-31T19:13:59.999Z,1718.18,1000.00,-11.53,-1.1533,420.60
1019,SHORT,2022-07-31T21:44:59.999Z,1706.79,2022-08-01T01:28:59.999Z,1696.03,1000.00,6.30,0.6304,426.91
1020,SHORT,2022-08-01T03:21:59.999Z,1686.78,2022-08-01T04:31:59.999Z,1694.29,1000.00,-4.45,-0.4452,422.45
1021,SHORT,2022-08-01T05:37:59.999Z,1689.72,2022-08-01T08:02:59.999Z,1691.67,1000.00,-1.15,-0.1154,421.30
1022,SHORT,2022-08-01T08:54:59.999Z,1683.56,2022-08-01T09:20:59.999Z,1691.58,1000.00,-4.76,-0.4764,416.54
1023,SHORT,2022-08-01T10:14:59.999Z,1681.38,2022-08-01T14:08:59.999Z,1682.68,1000.00,-0.77,-0.0773,415.76
1024,SHORT,2022-08-01T16:12:59.999Z,1662.11,2022-08-01T23:03:59.999Z,1631.55,1000.00,18.39,1.8386,434.15
1025,SHORT,2022-08-02T01:32:59.999Z,1624.39,2022-08-02T06:33:59.999Z,1589.91,1000.00,21.23,2.1226,455.38
1026,SHORT,2022-08-02T07:04:59.999Z,1578.95,2022-08-02T07:56:59.999Z,1593.29,1000.00,-9.08,-0.9082,446.29
1027,SHORT,2022-08-02T08:49:59.999Z,1581.70,2022-08-02T10:54:59.999Z,1584.65,1000.00,-1.87,-0.1865,444.43
1028,SHORT,2022-08-02T12:35:59.999Z,1576.87,2022-08-02T14:29:59.999Z,1611.69,1000.00,-22.08,-2.2082,422.35
1029,SHORT,2022-08-02T19:06:59.999Z,1624.99,2022-08-02T20:23:59.999Z,1646.81,1000.00,-13.43,-1.3428,408.92
1030,SHORT,2022-08-02T21:20:59.999Z,1637.96,2022-08-02T21:51:59.999Z,1657.53,1000.00,-11.95,-1.1948,396.97
1031,SHORT,2022-08-02T23:18:59.999Z,1638.90,2022-08-03T03:32:59.999Z,1620.10,1000.00,11.47,1.1471,408.44
1032,SHORT,2022-08-03T03:41:59.999Z,1613.34,2022-08-03T03:47:59.999Z,1618.60,1000.00,-3.26,-0.3260,405.18
1033,SHORT,2022-08-03T05:04:59.999Z,1615.81,2022-08-03T05:22:59.999Z,1621.23,1000.00,-3.35,-0.3354,401.83
1034,SHORT,2022-08-03T14:38:59.999Z,1656.31,2022-08-03T16:43:59.999Z,1664.68,1000.00,-5.05,-0.5053,396.77
1035,SHORT,2022-08-03T18:15:59.999Z,1658.27,2022-08-03T18:21:59.999Z,1664.18,1000.00,-3.56,-0.3564,393.21
1036,SHORT,2022-08-03T19:20:59.999Z,1658.12,2022-08-04T00:45:59.999Z,1634.07,1000.00,14.50,1.4504,407.72
1037,SHORT,2022-08-04T06:03:59.999Z,1648.39,2022-08-04T13:37:59.999Z,1623.93,1000.00,14.84,1.4839,422.55
1038,SHORT,2022-08-04T14:30:59.999Z,1607.71,2022-08-04T16:18:59.999Z,1621.22,1000.00,-8.40,-0.8403,414.15
1039,SHORT,2022-08-04T16:40:59.999Z,1611.08,2022-08-04T19:19:59.999Z,1608.25,1000.00,1.76,0.1757,415.91
1040,SHORT,2022-08-04T19:37:59.999Z,1593.21,2022-08-04T22:49:59.999Z,1598.24,1000.00,-3.16,-0.3157,412.75
1041,SHORT,2022-08-05T08:37:59.999Z,1655.28,2022-08-05T09:35:59.999Z,1662.56,1000.00,-4.40,-0.4398,408.35
1042,SHORT,2022-08-05T13:14:59.999Z,1669.63,2022-08-05T14:06:59.999Z,1696.03,1000.00,-15.81,-1.5812,392.54
1043,SHORT,2022-08-05T15:20:59.999Z,1680.78,2022-08-05T19:34:59.999Z,1677.19,1000.00,2.14,0.2136,394.68
1044,SHORT,2022-08-06T04:53:59.999Z,1731.97,2022-08-06T05:07:59.999Z,1734.68,1000.00,-1.56,-0.1565,393.11
1045,SHORT,2022-08-06T05:11:59.999Z,1732.12,2022-08-06T10:42:59.999Z,1719.80,1000.00,7.11,0.7113,400.22
1046,SHORT,2022-08-06T11:56:59.999Z,1712.78,2022-08-06T13:27:59.999Z,1717.08,1000.00,-2.51,-0.2511,397.71
1047,SHORT,2022-08-06T13:30:59.999Z,1713.60,2022-08-06T15:03:59.999Z,1715.00,1000.00,-0.82,-0.0817,396.90
1048,SHORT,2022-08-06T15:04:59.999Z,1713.05,2022-08-06T15:10:59.999Z,1716.34,1000.00,-1.92,-0.1921,394.98
1049,SHORT,2022-08-06T15:30:59.999Z,1711.14,2022-08-06T15:54:59.999Z,1716.10,1000.00,-2.90,-0.2899,392.08
1050,SHORT,2022-08-06T16:54:59.999Z,1710.60,2022-08-06T18:47:59.999Z,1715.86,1000.00,-3.07,-0.3075,389.00
1051,SHORT,2022-08-06T20:25:59.999Z,1710.48,2022-08-06T21:02:59.999Z,1715.32,1000.00,-2.83,-0.2830,386.17
1052,SHORT,2022-08-06T22:46:59.999Z,1712.87,2022-08-07T06:46:59.999Z,1683.72,1000.00,17.02,1.7018,403.19
1053,SHORT,2022-08-07T08:19:59.999Z,1681.21,2022-08-07T09:57:59.999Z,1683.61,1000.00,-1.43,-0.1428,401.76
1054,SHORT,2022-08-07T15:59:59.999Z,1698.89,2022-08-07T16:16:59.999Z,1704.88,1000.00,-3.53,-0.3526,398.24
1055,SHORT,2022-08-07T22:32:59.999Z,1708.83,2022-08-08T00:27:59.999Z,1715.03,1000.00,-3.63,-0.3628,394.61
1056,SHORT,2022-08-08T01:18:59.999Z,1704.60,2022-08-08T02:37:59.999Z,1713.58,1000.00,-5.27,-0.5268,389.34
1057,SHORT,2022-08-08T15:23:59.999Z,1778.66,2022-08-08T19:29:59.999Z,1782.77,1000.00,-2.31,-0.2311,387.03
1058,SHORT,2022-08-08T21:33:59.999Z,1770.00,2022-08-08T23:12:59.999Z,1784.39,1000.00,-8.13,-0.8130,378.90
1059,SHORT,2022-08-08T23:35:59.999Z,1772.59,2022-08-09T00:21:59.999Z,1784.06,1000.00,-6.47,-0.6471,372.43
1060,SHORT,2022-08-09T01:06:59.999Z,1772.00,2022-08-09T03:12:59.999Z,1776.06,1000.00,-2.29,-0.2291,370.14
1061,SHORT,2022-08-09T06:05:59.999Z,1769.29,2022-08-09T07:06:59.999Z,1786.27,1000.00,-9.60,-0.9597,360.54
1062,SHORT,2022-08-09T08:20:59.999Z,1773.98,2022-08-09T17:30:59.999Z,1696.20,1000.00,43.84,4.3845,404.39
1063,SHORT,2022-08-09T17:42:59.999Z,1684.92,2022-08-09T18:08:59.999Z,1692.91,1000.00,-4.74,-0.4742,399.64
1064,SHORT,2022-08-09T18:10:59.999Z,1690.72,2022-08-09T18:13:59.999Z,1691.76,1000.00,-0.62,-0.0615,399.03
1065,SHORT,2022-08-09T18:16:59.999Z,1690.14,2022-08-09T20:21:59.999Z,1692.23,1000.00,-1.24,-0.1237,397.79
1066,SHORT,2022-08-10T00:05:59.999Z,1696.84,2022-08-10T05:02:59.999Z,1681.34,1000.00,9.13,0.9135,406.93
1067,SHORT,2022-08-10T06:16:59.999Z,1674.49,2022-08-10T06:57:59.999Z,1681.58,1000.00,-4.23,-0.4234,402.69
1068,SHORT,2022-08-10T18:37:59.999Z,1825.62,2022-08-10T20:41:59.999Z,1828.43,1000.00,-1.54,-0.1539,401.15
1069,SHORT,2022-08-11T07:09:59.999Z,1884.09,2022-08-11T07:21:59.999Z,1897.22,1000.00,-6.97,-0.6969,394.19
1070,SHORT,2022-08-11T07:45:59.999Z,1878.72,2022-08-11T09:07:59.999Z,1889.05,1000.00,-5.50,-0.5498,388.69
1071,SHORT,2022-08-11T09:31:59.999Z,1885.02,2022-08-11T09:34:59.999Z,1888.37,1000.00,-1.78,-0.1777,386.91
1072,SHORT,2022-08-11T10:00:59.999Z,1882.78,2022-08-11T11:04:59.999Z,1890.09,1000.00,-3.88,-0.3883,383.03
1073,SHORT,2022-08-11T14:41:59.999Z,1887.20,2022-08-11T17:18:59.999Z,1906.77,1000.00,-10.37,-1.0370,372.66
1074,SHORT,2022-08-11T18:06:59.999Z,1894.31,2022-08-11T20:38:59.999Z,1896.12,1000.00,-0.96,-0.0955,371.70
1075,SHORT,2022-08-11T22:14:59.999Z,1891.13,2022-08-12T01:05:59.999Z,1890.18,1000.00,0.50,0.0502,372.20
1076,SHORT,2022-08-12T02:06:59.999Z,1877.45,2022-08-12T02:36:59.999Z,1895.43,1000.00,-9.58,-0.9577,362.63
1077,SHORT,2022-08-12T05:51:59.999Z,1893.47,2022-08-12T08:23:59.999Z,1892.44,1000.00,0.54,0.0544,363.17
1078,SHORT,2022-08-12T09:05:59.999Z,1888.28,2022-08-12T09:13:59.999Z,1895.16,1000.00,-3.64,-0.3644,359.53
1079,SHORT,2022-08-12T10:20:59.999Z,1886.00,2022-08-12T13:08:59.999Z,1882.75,1000.00,1.72,0.1723,361.25
1080,SHORT,2022-08-12T13:33:59.999Z,1875.44,2022-08-12T13:42:59.999Z,1886.99,1000.00,-6.16,-0.6159,355.09
1081,SHORT,2022-08-13T08:43:59.999Z,1994.79,2022-08-13T09:50:59.999Z,2000.55,1000.00,-2.89,-0.2888,352.20
1082,SHORT,2022-08-13T10:52:59.999Z,1992.09,2022-08-13T15:07:59.999Z,1990.49,1000.00,0.80,0.0803,353.01
1083,SHORT,2022-08-13T18:42:59.999Z,1978.12,2022-08-13T20:53:59.999Z,1991.49,1000.00,-6.76,-0.6759,346.25
1084,SHORT,2022-08-13T22:33:59.999Z,1982.77,2022-08-14T00:41:59.999Z,1988.23,1000.00,-2.75,-0.2754,343.50
1085,SHORT,2022-08-14T01:34:59.999Z,1979.52,2022-08-14T01:49:59.999Z,1986.33,1000.00,-3.44,-0.3440,340.06
1086,SHORT,2022-08-14T10:39:59.999Z,1998.88,2022-08-14T20:54:59.999Z,1941.62,1000.00,28.65,2.8646,368.70
1087,SHORT,2022-08-14T22:14:59.999Z,1923.54,2022-08-15T00:41:59.999Z,1949.46,1000.00,-13.48,-1.3475,355.23
1088,SHORT,2022-08-15T05:33:59.999Z,1970.82,2022-08-15T13:57:59.999Z,1917.11,1000.00,27.25,2.7253,382.48
1089,SHORT,2022-08-15T17:51:59.999Z,1905.10,2022-08-15T21:05:59.999Z,1903.72,1000.00,0.72,0.0724,383.20
1090,SHORT,2022-08-15T23:02:59.999Z,1887.70,2022-08-15T23:53:59.999Z,1905.46,1000.00,-9.41,-0.9408,373.79
1091,SHORT,2022-08-16T00:01:59.999Z,1897.63,2022-08-16T01:12:59.999Z,1909.36,1000.00,-6.18,-0.6181,367.61
1092,SHORT,2022-08-16T02:43:59.999Z,1892.16,2022-08-16T06:49:59.999Z,1885.33,1000.00,3.61,0.3610,371.22
1093,SHORT,2022-08-16T12:58:59.999Z,1890.00,2022-08-16T15:59:59.999Z,1887.38,1000.00,1.39,0.1386,372.61
1094,SHORT,2022-08-16T16:17:59.999Z,1881.06,2022-08-16T18:13:59.999Z,1891.98,1000.00,-5.81,-0.5805,366.80
1095,SHORT,2022-08-16T18:41:59.999Z,1867.40,2022-08-16T20:11:59.999Z,1883.08,1000.00,-8.40,-0.8397,358.41
1096,SHORT,2022-08-16T21:47:59.999Z,1876.05,2022-08-17T00:00:59.999Z,1877.78,1000.00,-0.92,-0.0922,357.48
1097,SHORT,2022-08-17T07:41:59.999Z,1895.15,2022-08-17T17:26:59.999Z,1844.63,1000.00,26.66,2.6658,384.14
1098,SHORT,2022-08-17T19:27:59.999Z,1836.22,2022-08-17T20:28:59.999Z,1852.98,1000.00,-9.13,-0.9127,375.02
1099,SHORT,2022-08-17T21:25:59.999Z,1835.04,2022-08-18T00:41:59.999Z,1844.56,1000.00,-5.19,-0.5188,369.83
1100,SHORT,2022-08-18T04:38:59.999Z,1845.18,2022-08-18T05:25:59.999Z,1850.09,1000.00,-2.66,-0.2661,367.17
1101,SHORT,2022-08-18T05:58:59.999Z,1844.50,2022-08-18T06:11:59.999Z,1851.71,1000.00,-3.91,-0.3909,363.26
1102,SHORT,2022-08-18T06:26:59.999Z,1843.86,2022-08-18T09:06:59.999Z,1850.75,1000.00,-3.74,-0.3737,359.52
1103,SHORT,2022-08-18T14:06:59.999Z,1858.09,2022-08-18T14:23:59.999Z,1863.37,1000.00,-2.84,-0.2842,356.68
1104,SHORT,2022-08-18T14:28:59.999Z,1856.88,2022-08-18T14:43:59.999Z,1865.96,1000.00,-4.89,-0.4890,351.79
1105,SHORT,2022-08-18T16:39:59.999Z,1859.17,2022-08-18T16:56:59.999Z,1869.22,1000.00,-5.41,-0.5406,346.38
1106,SHORT,2022-08-18T18:15:59.999Z,1865.11,2022-08-18T19:15:59.999Z,1871.07,1000.00,-3.20,-0.3196,343.19
1107,SHORT,2022-08-18T22:00:59.999Z,1868.24,2022-08-19T16:25:59.999Z,1706.88,1000.00,86.37,8.6370,429.56
1108,SHORT,2022-08-19T18:11:59.999Z,1696.59,2022-08-19T20:03:59.999Z,1705.55,1000.00,-5.28,-0.5281,424.28
1109,SHORT,2022-08-19T20:07:59.999Z,1701.28,2022-08-20T04:51:59.999Z,1631.92,1000.00,40.77,4.0769,465.05
1110,SHORT,2022-08-20T08:52:59.999Z,1636.79,2022-08-20T14:01:59.999Z,1642.73,1000.00,-3.63,-0.3629,461.42
1111,SHORT,2022-08-20T15:10:59.999Z,1628.56,2022-08-20T15:57:59.999Z,1636.19,1000.00,-4.69,-0.4685,456.73
1112,SHORT,2022-08-20T16:38:59.999Z,1621.74,2022-08-20T22:58:59.999Z,1574.05,1000.00,29.41,2.9407,486.14
1113,SHORT,2022-08-20T23:06:59.999Z,1568.41,2022-08-20T23:20:59.999Z,1579.44,1000.00,-7.03,-0.7033,479.11
1114,SHORT,2022-08-21T03:53:59.999Z,1581.73,2022-08-21T04:42:59.999Z,1587.65,1000.00,-3.74,-0.3743,475.36
1115,SHORT,2022-08-21T04:47:59.999Z,1582.45,2022-08-21T08:01:59.999Z,1587.99,1000.00,-3.50,-0.3501,471.86
1116,SHORT,2022-08-21T13:38:59.999Z,1617.78,2022-08-21T15:22:59.999Z,1621.83,1000.00,-2.50,-0.2503,469.36
1117,SHORT,2022-08-21T15:29:59.999Z,1614.40,2022-08-21T15:43:59.999Z,1619.65,1000.00,-3.25,-0.3252,466.11
1118,SHORT,2022-08-21T16:28:59.999Z,1615.11,2022-08-21T16:42:59.999Z,1624.64,1000.00,-5.90,-0.5901,460.21
1119,SHORT,2022-08-21T18:09:59.999Z,1614.59,2022-08-21T18:53:59.999Z,1624.76,1000.00,-6.30,-0.6299,453.91
1120,SHORT,2022-08-21T20:18:59.999Z,1616.03,2022-08-21T20:55:59.999Z,1633.96,1000.00,-11.10,-1.1095,442.81
1121,SHORT,2022-08-21T21:08:59.999Z,1618.00,2022-08-21T21:13:59.999Z,1629.60,1000.00,-7.17,-0.7169,435.64
1122,SHORT,2022-08-21T22:05:59.999Z,1594.98,2022-08-21T23:10:59.999Z,1630.32,1000.00,-22.16,-2.2157,413.49
1123,SHORT,2022-08-22T00:04:59.999Z,1613.09,2022-08-22T05:11:59.999Z,1608.14,1000.00,3.07,0.3069,416.55
1124,SHORT,2022-08-22T06:07:59.999Z,1596.48,2022-08-22T10:31:59.999Z,1576.23,1000.00,12.68,1.2684,429.24
1125,SHORT,2022-08-22T12:47:59.999Z,1561.10,2022-08-22T14:06:59.999Z,1580.18,1000.00,-12.22,-1.2222,417.02
1126,SHORT,2022-08-22T14:21:59.999Z,1561.20,2022-08-22T14:38:59.999Z,1574.79,1000.00,-8.70,-0.8705,408.31
1127,SHORT,2022-08-22T17:49:59.999Z,1572.57,2022-08-22T20:10:59.999Z,1577.23,1000.00,-2.96,-0.2963,405.35
1128,SHORT,2022-08-22T21:52:59.999Z,1570.02,2022-08-22T22:08:59.999Z,1579.18,1000.00,-5.83,-0.5834,399.51
1129,SHORT,2022-08-23T04:03:59.999Z,1612.92,2022-08-23T07:56:59.999Z,1601.75,1000.00,6.93,0.6925,406.44
1130,SHORT,2022-08-23T21:18:59.999Z,1644.28,2022-08-23T22:06:59.999Z,1655.49,1000.00,-6.82,-0.6818,399.62
1131,SHORT,2022-08-24T00:36:59.999Z,1640.66,2022-08-24T05:20:59.999Z,1627.42,1000.00,8.07,0.8070,407.69
1132,SHORT,2022-08-24T07:45:59.999Z,1622.93,2022-08-24T08:25:59.999Z,1641.11,1000.00,-11.20,-1.1202,396.49
1133,SHORT,2022-08-24T10:58:59.999Z,1627.76,2022-08-24T11:19:59.999Z,1641.92,1000.00,-8.70,-0.8699,387.79
1134,SHORT,2022-08-24T22:04:59.999Z,1671.59,2022-08-25T00:54:59.999Z,1671.51,1000.00,0.05,0.0048,387.84
1135,SHORT,2022-08-25T03:48:59.999Z,1669.40,2022-08-25T04:13:59.999Z,1678.32,1000.00,-5.34,-0.5343,382.50
1136,SHORT,2022-08-25T10:53:59.999Z,1697.11,2022-08-25T11:25:59.999Z,1706.85,1000.00,-5.74,-0.5739,376.76
1137,SHORT,2022-08-25T13:11:59.999Z,1700.91,2022-08-25T14:02:59.999Z,1713.72,1000.00,-7.53,-0.7531,369.23
1138,SHORT,2022-08-25T15:27:59.999Z,1696.69,2022-08-25T17:38:59.999Z,1711.19,1000.00,-8.55,-0.8546,360.68
1139,SHORT,2022-08-25T18:47:59.999Z,1696.11,2022-08-25T19:22:59.999Z,1710.57,1000.00,-8.53,-0.8525,352.15
1140,SHORT,2022-08-25T20:32:59.999Z,1702.94,2022-08-25T20:42:59.999Z,1708.54,1000.00,-3.29,-0.3288,348.87
1141,SHORT,2022-08-25T21:38:59.999Z,1700.04,2022-08-26T03:27:59.999Z,1689.09,1000.00,6.44,0.6441,355.31
1142,SHORT,2022-08-26T04:17:59.999Z,1685.90,2022-08-26T09:28:59.999Z,1662.84,1000.00,13.68,1.3678,368.98
1143,SHORT,2022-08-26T09:46:59.999Z,1659.51,2022-08-26T12:45:59.999Z,1662.61,1000.00,-1.87,-0.1868,367.12
1144,SHORT,2022-08-26T14:43:59.999Z,1645.25,2022-08-27T06:53:59.999Z,1498.70,1000.00,89.07,8.9075,456.19
1145,SHORT,2022-08-27T07:20:59.999Z,1491.79,2022-08-27T07:22:59.999Z,1494.88,1000.00,-2.07,-0.2071,454.12
1146,SHORT,2022-08-27T09:41:59.999Z,1499.33,2022-08-27T09:43:59.999Z,1501.71,1000.00,-1.59,-0.1587,452.53
1147,SHORT,2022-08-27T09:52:59.999Z,1498.42,2022-08-27T10:07:59.999Z,1503.13,1000.00,-3.14,-0.3143,449.39
1148,SHORT,2022-08-27T11:28:59.999Z,1497.34,2022-08-27T11:42:59.999Z,1506.60,1000.00,-6.18,-0.6184,443.20
1149,SHORT,2022-08-27T12:57:59.999Z,1502.50,2022-08-27T19:37:59.999Z,1476.29,1000.00,17.44,1.7444,460.65
1150,SHORT,2022-08-27T21:45:59.999Z,1473.59,2022-08-27T22:42:59.999Z,1492.03,1000.00,-12.51,-1.2514,448.14
1151,SHORT,2022-08-28T04:07:59.999Z,1491.65,2022-08-28T06:12:59.999Z,1493.30,1000.00,-1.11,-0.1106,447.03
1152,SHORT,2022-08-28T09:02:59.999Z,1492.06,2022-08-28T15:23:59.999Z,1481.00,1000.00,7.41,0.7413,454.44
1153,SHORT,2022-08-28T19:51:59.999Z,1482.30,2022-08-28T20:39:59.999Z,1489.06,1000.00,-4.56,-0.4560,449.88
1154,SHORT,2022-08-28T20:53:59.999Z,1482.73,2022-08-28T21:35:59.999Z,1489.99,1000.00,-4.90,-0.4896,444.98
1155,SHORT,2022-08-28T21:43:59.999Z,1481.94,2022-08-29T02:45:59.999Z,1446.66,1000.00,23.81,2.3807,468.79
1156,SHORT,2022-08-29T05:28:59.999Z,1446.55,2022-08-29T06:24:59.999Z,1452.28,1000.00,-3.96,-0.3961,464.83
1157,SHORT,2022-08-29T08:29:59.999Z,1446.14,2022-08-29T10:01:59.999Z,1453.27,1000.00,-4.93,-0.4930,459.90
1158,SHORT,2022-08-29T10:38:59.999Z,1445.56,2022-08-29T10:55:59.999Z,1452.12,1000.00,-4.54,-0.4538,455.36
1159,SHORT,2022-08-29T11:08:59.999Z,1447.04,2022-08-29T12:17:59.999Z,1452.28,1000.00,-3.62,-0.3621,451.74
1160,SHORT,2022-08-29T23:05:59.999Z,1534.17,2022-08-29T23:30:59.999Z,1545.96,1000.00,-7.68,-0.7685,444.06
1161,SHORT,2022-08-30T01:32:59.999Z,1532.99,2022-08-30T03:36:59.999Z,1543.19,1000.00,-6.65,-0.6654,437.40
1162,SHORT,2022-08-30T11:07:59.999Z,1584.91,2022-08-30T19:07:59.999Z,1540.66,1000.00,27.92,2.7920,465.32
1163,SHORT,2022-08-30T22:33:59.999Z,1535.51,2022-08-30T22:53:59.999Z,1547.02,1000.00,-7.50,-0.7496,457.83
1164,SHORT,2022-08-30T23:20:59.999Z,1527.47,2022-08-31T00:27:59.999Z,1546.79,1000.00,-12.65,-1.2648,445.18
1165,SHORT,2022-08-31T06:35:59.999Z,1584.67,2022-08-31T10:43:59.999Z,1588.85,1000.00,-2.64,-0.2638,442.54
1166,SHORT,2022-08-31T14:30:59.999Z,1588.13,2022-08-31T19:16:59.999Z,1574.50,1000.00,8.58,0.8582,451.12
1167,SHORT,2022-08-31T22:27:59.999Z,1562.74,2022-09-01T01:57:59.999Z,1559.99,1000.00,1.76,0.1760,452.88
1168,SHORT,2022-09-01T03:05:59.999Z,1555.57,2022-09-01T03:07:59.999Z,1563.32,1000.00,-4.98,-0.4982,447.90
1169,SHORT,2022-09-01T03:14:59.999Z,1557.93,2022-09-01T05:23:59.999Z,1559.86,1000.00,-1.24,-0.1239,446.66
1170,SHORT,2022-09-01T06:06:59.999Z,1550.71,2022-09-01T09:53:59.999Z,1552.64,1000.00,-1.24,-0.1245,445.42
1171,SHORT,2022-09-01T13:28:59.999Z,1557.84,2022-09-01T13:41:59.999Z,1575.05,1000.00,-11.05,-1.1047,434.37
1172,SHORT,2022-09-01T14:05:59.999Z,1555.65,2022-09-01T17:22:59.999Z,1553.99,1000.00,1.07,0.1067,435.44
1173,SHORT,2022-09-02T00:25:59.999Z,1579.39,2022-09-02T03:04:59.999Z,1599.66,1000.00,-12.83,-1.2834,422.60
1174,SHORT,2022-09-02T05:37:59.999Z,1588.59,2022-09-02T07:30:59.999Z,1593.27,1000.00,-2.95,-0.2946,419.66
1175,SHORT,2022-09-02T08:42:59.999Z,1586.97,2022-09-02T09:27:59.999Z,1595.47,1000.00,-5.36,-0.5356,414.30
1176,SHORT,2022-09-02T10:44:59.999Z,1587.81,2022-09-02T12:03:59.999Z,1591.77,1000.00,-2.49,-0.2494,411.81
1177,SHORT,2022-09-02T16:37:59.999Z,1616.13,2022-09-02T21:38:59.999Z,1579.83,1000.00,22.46,2.2461,434.27
1178,SHORT,2022-09-02T23:55:59.999Z,1575.77,2022-09-02T23:56:59.999Z,1577.76,1000.00,-1.26,-0.1263,433.00
1179,SHORT,2022-09-03T00:00:59.999Z,1573.32,2022-09-03T00:44:59.999Z,1580.16,1000.00,-4.35,-0.4347,428.66
1180,SHORT,2022-09-03T01:09:59.999Z,1570.55,2022-09-03T05:16:59.999Z,1567.41,1000.00,2.00,0.1999,430.66
1181,SHORT,2022-09-03T06:26:59.999Z,1559.03,2022-09-03T10:20:59.999Z,1556.76,1000.00,1.46,0.1456,432.11
1182,SHORT,2022-09-03T11:19:59.999Z,1547.58,2022-09-03T12:32:59.999Z,1557.00,1000.00,-6.09,-0.6087,426.02
1183,SHORT,2022-09-03T14:30:59.999Z,1549.20,2022-09-03T16:45:59.999Z,1553.08,1000.00,-2.50,-0.2505,423.52
1184,SHORT,2022-09-03T16:59:59.999Z,1550.36,2022-09-03T17:54:59.999Z,1555.15,1000.00,-3.09,-0.3090,420.43
1185,SHORT,2022-09-03T19:09:59.999Z,1546.67,2022-09-03T19:36:59.999Z,1558.50,1000.00,-7.65,-0.7649,412.78
1186,SHORT,2022-09-03T19:56:59.999Z,1547.92,2022-09-03T21:01:59.999Z,1553.38,1000.00,-3.53,-0.3527,409.25
1187,SHORT,2022-09-03T23:38:59.999Z,1551.64,2022-09-03T23:53:59.999Z,1555.88,1000.00,-2.73,-0.2733,406.52
1188,SHORT,2022-09-04T01:52:59.999Z,1554.22,2022-09-04T05:01:59.999Z,1556.40,1000.00,-1.40,-0.1403,405.12
1189,SHORT,2022-09-04T06:00:59.999Z,1552.75,2022-09-04T06:03:59.999Z,1554.06,1000.00,-0.84,-0.0844,404.28
1190,SHORT,2022-09-04T06:06:59.999Z,1552.60,2022-09-04T08:47:59.999Z,1554.25,1000.00,-1.06,-0.1063,403.21
1191,SHORT,2022-09-04T13:53:59.999Z,1551.50,2022-09-04T15:59:59.999Z,1560.55,1000.00,-5.83,-0.5833,397.38
1192,SHORT,2022-09-04T22:22:59.999Z,1567.64,2022-09-04T22:34:59.999Z,1571.05,1000.00,-2.18,-0.2175,395.20
1193,SHORT,2022-09-04T22:50:59.999Z,1566.02,2022-09-04T23:27:59.999Z,1575.65,1000.00,-6.15,-0.6149,389.06
1194,SHORT,2022-09-05T02:05:59.999Z,1570.37,2022-09-05T02:51:59.999Z,1577.11,1000.00,-4.29,-0.4292,384.76
1195,SHORT,2022-09-05T03:12:59.999Z,1571.25,2022-09-05T03:22:59.999Z,1575.96,1000.00,-3.00,-0.2998,381.77
1196,SHORT,2022-09-05T04:51:59.999Z,1574.42,2022-09-05T04:55:59.999Z,1576.50,1000.00,-1.32,-0.1321,380.44
1197,SHORT,2022-09-05T05:08:59.999Z,1570.77,2022-09-05T09:57:59.999Z,1565.99,1000.00,3.04,0.3043,383.49
1198,SHORT,2022-09-05T10:44:59.999Z,1560.80,2022-09-05T11:46:59.999Z,1567.32,1000.00,-4.18,-0.4177,379.31
1199,SHORT,2022-09-05T18:19:59.999Z,1586.71,2022-09-05T20:16:59.999Z,1593.27,1000.00,-4.13,-0.4134,375.18
1200,SHORT,2022-09-06T03:18:59.999Z,1633.11,2022-09-06T03:32:59.999Z,1639.12,1000.00,-3.68,-0.3680,371.50
1201,SHORT,2022-09-06T09:27:59.999Z,1650.50,2022-09-06T10:16:59.999Z,1663.80,1000.00,-8.06,-0.8058,363.44
1202,SHORT,2022-09-06T13:33:59.999Z,1658.07,2022-09-06T15:09:59.999Z,1669.96,1000.00,-7.17,-0.7171,356.27
1203,SHORT,2022-09-06T16:27:59.999Z,1654.83,2022-09-06T16:57:59.999Z,1666.71,1000.00,-7.18,-0.7179,349.09
1204,SHORT,2022-09-06T17:01:59.999Z,1656.49,2022-09-07T05:55:59.999Z,1517.43,1000.00,83.95,8.3949,433.04
1205,SHORT,2022-09-07T10:12:59.999Z,1512.21,2022-09-07T13:03:59.999Z,1530.33,1000.00,-11.98,-1.1982,421.05
1206,SHORT,2022-09-08T00:37:59.999Z,1616.28,2022-09-08T03:01:59.999Z,1629.64,1000.00,-8.27,-0.8266,412.79
1207,SHORT,2022-09-08T06:32:59.999Z,1628.50,2022-09-08T10:16:59.999Z,1632.95,1000.00,-2.73,-0.2733,410.06
1208,SHORT,2022-09-08T12:40:59.999Z,1622.71,2022-09-08T13:54:59.999Z,1640.37,1000.00,-10.88,-1.0883,399.17
1209,SHORT,2022-09-08T16:05:59.999Z,1617.39,2022-09-08T17:20:59.999Z,1634.19,1000.00,-10.39,-1.0387,388.79
1210,SHORT,2022-09-08T19:06:59.999Z,1627.43,2022-09-08T19:26:59.999Z,1632.97,1000.00,-3.40,-0.3404,385.38
1211,SHORT,2022-09-08T22:05:59.999Z,1636.44,2022-09-09T00:13:59.999Z,1639.37,1000.00,-1.79,-0.1790,383.59
1212,SHORT,2022-09-09T01:50:59.999Z,1634.47,2022-09-09T02:26:59.999Z,1642.94,1000.00,-5.18,-0.5182,378.41
1213,SHORT,2022-09-09T09:18:59.999Z,1693.83,2022-09-09T10:47:59.999Z,1707.19,1000.00,-7.89,-0.7887,370.52
1214,SHORT,2022-09-09T16:07:59.999Z,1707.71,2022-09-09T19:35:59.999Z,1714.18,1000.00,-3.79,-0.3789,366.73
1215,SHORT,2022-09-09T23:25:59.999Z,1710.13,2022-09-10T00:03:59.999Z,1720.37,1000.00,-5.99,-0.5988,360.74
1216,SHORT,2022-09-10T00:04:59.999Z,1716.20,2022-09-10T01:10:59.999Z,1722.78,1000.00,-3.83,-0.3834,356.91
1217,SHORT,2022-09-10T06:53:59.999Z,1732.09,2022-09-10T06:54:59.999Z,1733.15,1000.00,-0.61,-0.0612,356.30
1218,SHORT,2022-09-10T07:22:59.999Z,1730.07,2022-09-10T10:45:59.999Z,1725.38,1000.00,2.71,0.2711,359.01
1219,SHORT,2022-09-10T13:23:59.999Z,1720.48,2022-09-10T16:54:59.999Z,1723.67,1000.00,-1.85,-0.1854,357.16
1220,SHORT,2022-09-11T02:00:59.999Z,1758.46,2022-09-11T03:43:59.999Z,1767.98,1000.00,-5.41,-0.5414,351.74
1221,SHORT,2022-09-11T03:44:59.999Z,1766.03,2022-09-11T03:45:59.999Z,1766.91,1000.00,-0.50,-0.0498,351.24
1222,SHORT,2022-09-11T03:46:59.999Z,1765.32,2022-09-11T06:02:59.999Z,1765.56,1000.00,-0.14,-0.0136,351.11
1223,SHORT,2022-09-11T06:31:59.999Z,1750.44,2022-09-11T08:24:59.999Z,1764.96,1000.00,-8.30,-0.8295,342.81
1224,SHORT,2022-09-11T10:07:59.999Z,1760.04,2022-09-11T11:04:59.999Z,1764.31,1000.00,-2.43,-0.2426,340.39
1225,SHORT,2022-09-11T13:39:59.999Z,1765.05,2022-09-11T15:27:59.999Z,1770.83,1000.00,-3.27,-0.3275,337.11
1226,SHORT,2022-09-11T18:48:59.999Z,1768.99,2022-09-11T23:48:59.999Z,1764.73,1000.00,2.41,0.2408,339.52
1227,SHORT,2022-09-12T00:50:59.999Z,1750.69,2022-09-12T01:47:59.999Z,1776.41,1000.00,-14.69,-1.4691,324.83
1228,SHORT,2022-09-12T02:21:59.999Z,1740.87,2022-09-12T06:49:59.999Z,1735.15,1000.00,3.29,0.3286,328.11
1229,SHORT,2022-09-12T10:09:59.999Z,1735.21,2022-09-12T11:23:59.999Z,1752.72,1000.00,-10.09,-1.0091,318.02
1230,SHORT,2022-09-12T12:20:59.999Z,1741.49,2022-09-12T13:31:59.999Z,1749.03,1000.00,-4.33,-0.4330,313.69
1231,SHORT,2022-09-12T13:38:59.999Z,1741.52,2022-09-12T13:40:59.999Z,1753.12,1000.00,-6.66,-0.6661,307.03
1232,SHORT,2022-09-12T13:44:59.999Z,1745.63,2022-09-12T13:54:59.999Z,1749.02,1000.00,-1.94,-0.1942,305.09
1233,SHORT,2022-09-12T14:36:59.999Z,1738.37,2022-09-12T18:16:59.999Z,1730.71,1000.00,4.41,0.4406,309.50
1234,SHORT,2022-09-12T21:07:59.999Z,1717.80,2022-09-13T02:57:59.999Z,1705.07,1000.00,7.41,0.7411,316.91
1235,SHORT,2022-09-13T06:59:59.999Z,1706.63,2022-09-13T07:51:59.999Z,1718.90,1000.00,-7.19,-0.7190,309.72
1236,SHORT,2022-09-13T08:37:59.999Z,1709.73,2022-09-13T09:02:59.999Z,1717.62,1000.00,-4.61,-0.4615,305.10
1237,SHORT,2022-09-13T12:34:59.999Z,1685.35,2022-09-13T17:18:59.999Z,1616.48,1000.00,40.86,4.0864,345.97
1238,SHORT,2022-09-13T18:40:59.999Z,1607.00,2022-09-13T20:18:59.999Z,1617.21,1000.00,-6.35,-0.6353,339.61
1239,SHORT,2022-09-13T21:19:59.999Z,1598.84,2022-09-14T02:03:59.999Z,1584.94,1000.00,8.69,0.8694,348.31
1240,SHORT,2022-09-14T07:53:59.999Z,1603.69,2022-09-14T12:50:59.999Z,1601.66,1000.00,1.27,0.1266,349.57
1241,SHORT,2022-09-14T14:24:59.999Z,1595.36,2022-09-14T19:54:59.999Z,1598.41,1000.00,-1.91,-0.1912,347.66
1242,SHORT,2022-09-15T01:11:59.999Z,1606.60,2022-09-15T05:49:59.999Z,1615.84,1000.00,-5.75,-0.5751,341.91
1243,SHORT,2022-09-15T06:14:59.999Z,1592.94,2022-09-15T07:13:59.999Z,1616.81,1000.00,-14.98,-1.4985,326.93
1244,SHORT,2022-09-15T08:42:59.999Z,1603.92,2022-09-16T01:30:59.999Z,1479.99,1000.00,77.27,7.7267,404.19
1245,SHORT,2022-09-16T01:45:59.999Z,1476.12,2022-09-16T04:04:59.999Z,1477.33,1000.00,-0.82,-0.0820,403.37
1246,SHORT,2022-09-16T06:29:59.999Z,1471.54,2022-09-16T07:05:59.999Z,1475.00,1000.00,-2.35,-0.2351,401.02
1247,SHORT,2022-09-16T07:37:59.999Z,1471.85,2022-09-16T07:43:59.999Z,1474.80,1000.00,-2.00,-0.2004,399.02
1248,SHORT,2022-09-16T07:49:59.999Z,1470.71,2022-09-16T10:40:59.999Z,1470.94,1000.00,-0.16,-0.0156,398.86
1249,SHORT,2022-09-16T12:44:59.999Z,1464.66,2022-09-16T19:31:59.999Z,1432.13,1000.00,22.21,2.2210,421.07
1250,SHORT,2022-09-16T19:57:59.999Z,1429.04,2022-09-16T20:09:59.999Z,1433.25,1000.00,-2.95,-0.2946,418.12
1251,SHORT,2022-09-16T20:25:59.999Z,1428.88,2022-09-16T20:40:59.999Z,1434.47,1000.00,-3.91,-0.3912,414.21
1252,SHORT,2022-09-16T23:06:59.999Z,1433.45,2022-09-17T00:20:59.999Z,1438.97,1000.00,-3.85,-0.3851,410.36
1253,SHORT,2022-09-17T02:50:59.999Z,1439.19,2022-09-17T03:07:59.999Z,1441.79,1000.00,-1.81,-0.1807,408.56
1254,SHORT,2022-09-17T03:27:59.999Z,1437.05,2022-09-17T04:04:59.999Z,1442.61,1000.00,-3.87,-0.3869,404.69
1255,SHORT,2022-09-17T04:05:59.999Z,1440.15,2022-09-17T04:12:59.999Z,1443.01,1000.00,-1.99,-0.1986,402.70
1256,SHORT,2022-09-17T05:05:59.999Z,1434.12,2022-09-17T08:58:59.999Z,1433.85,1000.00,0.19,0.0188,402.89
1257,SHORT,2022-09-17T09:33:59.999Z,1431.28,2022-09-17T14:12:59.999Z,1430.52,1000.00,0.53,0.0531,403.42
1258,SHORT,2022-09-17T20:55:59.999Z,1461.70,2022-09-17T22:45:59.999Z,1462.63,1000.00,-0.64,-0.0636,402.78
1259,SHORT,2022-09-18T00:17:59.999Z,1452.08,2022-09-18T05:19:59.999Z,1454.67,1000.00,-1.78,-0.1784,401.00
1260,SHORT,2022-09-18T06:40:59.999Z,1453.02,2022-09-18T07:08:59.999Z,1455.38,1000.00,-1.62,-0.1624,399.38
1261,SHORT,2022-09-18T07:53:59.999Z,1453.96,2022-09-18T08:17:59.999Z,1457.04,1000.00,-2.12,-0.2118,397.26
1262,SHORT,2022-09-18T09:36:59.999Z,1452.60,2022-09-19T01:11:59.999Z,1347.04,1000.00,72.67,7.2670,469.93
1263,SHORT,2022-09-19T01:38:59.999Z,1338.71,2022-09-19T08:10:59.999Z,1306.69,1000.00,23.92,2.3919,493.85
1264,SHORT,2022-09-19T08:55:59.999Z,1293.75,2022-09-19T10:26:59.999Z,1303.80,1000.00,-7.77,-0.7768,486.08
1265,SHORT,2022-09-19T17:32:59.999Z,1337.28,2022-09-19T19:04:59.999Z,1352.30,1000.00,-11.23,-1.1232,474.85
1266,SHORT,2022-09-20T00:30:59.999Z,1369.41,2022-09-20T05:19:59.999Z,1362.91,1000.00,4.75,0.4747,479.59
1267,SHORT,2022-09-20T06:03:59.999Z,1353.63,2022-09-20T07:03:59.999Z,1367.07,1000.00,-9.93,-0.9929,469.66
1268,SHORT,2022-09-20T08:06:59.999Z,1356.92,2022-09-20T08:44:59.999Z,1363.48,1000.00,-4.83,-0.4834,464.83
1269,SHORT,2022-09-20T08:53:59.999Z,1358.78,2022-09-20T11:03:59.999Z,1362.07,1000.00,-2.42,-0.2421,462.41
1270,SHORT,2022-09-20T12:07:59.999Z,1352.28,2022-09-20T14:59:59.999Z,1359.67,1000.00,-5.46,-0.5465,456.94
1271,SHORT,2022-09-20T17:21:59.999Z,1342.65,2022-09-20T19:32:59.999Z,1353.72,1000.00,-8.24,-0.8245,448.70
1272,SHORT,2022-09-20T20:44:59.999Z,1345.12,2022-09-21T01:04:59.999Z,1334.69,1000.00,7.75,0.7754,456.45
1273,SHORT,2022-09-21T04:27:59.999Z,1334.43,2022-09-21T05:05:59.999Z,1340.24,1000.00,-4.35,-0.4354,452.10
1274,SHORT,2022-09-21T06:03:59.999Z,1331.14,2022-09-21T09:46:59.999Z,1335.51,1000.00,-3.28,-0.3283,448.81
1275,SHORT,2022-09-21T14:56:59.999Z,1343.91,2022-09-21T16:25:59.999Z,1347.51,1000.00,-2.68,-0.2679,446.14
1276,SHORT,2022-09-21T16:54:59.999Z,1341.51,2022-09-21T17:11:59.999Z,1347.74,1000.00,-4.64,-0.4644,441.49
1277,SHORT,2022-09-21T17:12:59.999Z,1346.01,2022-09-21T17:13:59.999Z,1346.40,1000.00,-0.29,-0.0290,441.20
1278,SHORT,2022-09-21T17:14:59.999Z,1345.97,2022-09-21T17:31:59.999Z,1352.38,1000.00,-4.76,-0.4762,436.44
1279,SHORT,2022-09-21T18:13:59.999Z,1323.22,2022-09-21T18:44:59.999Z,1374.99,1000.00,-39.12,-3.9124,397.32
1280,SHORT,2022-09-21T19:38:59.999Z,1333.62,2022-09-22T02:09:59.999Z,1257.64,1000.00,56.97,5.6973,454.29
1281,SHORT,2022-09-22T05:26:59.999Z,1258.82,2022-09-22T06:11:59.999Z,1266.55,1000.00,-6.14,-0.6141,448.15
1282,SHORT,2022-09-22T13:42:59.999Z,1286.95,2022-09-22T17:00:59.999Z,1282.72,1000.00,3.29,0.3287,451.43
1283,SHORT,2022-09-22T22:05:59.999Z,1309.20,2022-09-22T22:18:59.999Z,1318.32,1000.00,-6.97,-0.6966,444.47
1284,SHORT,2022-09-23T01:33:59.999Z,1318.15,2022-09-23T01:47:59.999Z,1329.42,1000.00,-8.55,-0.8550,435.92
1285,SHORT,2022-09-23T02:37:59.999Z,1323.00,2022-09-23T03:03:59.999Z,1331.30,1000.00,-6.27,-0.6274,429.64
1286,SHORT,2022-09-23T07:02:59.999Z,1338.10,2022-09-23T13:14:59.999Z,1312.25,1000.00,19.32,1.9318,448.96
1287,SHORT,2022-09-23T13:55:59.999Z,1285.08,2022-09-23T15:34:59.999Z,1306.74,1000.00,-16.85,-1.6855,432.11
1288,SHORT,2022-09-23T16:09:59.999Z,1288.76,2022-09-23T17:06:59.999Z,1298.92,1000.00,-7.88,-0.7884,424.22
1289,SHORT,2022-09-23T17:40:59.999Z,1284.53,2022-09-23T18:04:59.999Z,1295.80,1000.00,-8.77,-0.8774,415.45
1290,SHORT,2022-09-23T18:14:59.999Z,1281.29,2022-09-23T18:46:59.999Z,1295.11,1000.00,-10.79,-1.0786,404.67
1291,SHORT,2022-09-23T18:56:59.999Z,1283.83,2022-09-23T20:05:59.999Z,1299.66,1000.00,-12.33,-1.2330,392.33
1292,SHORT,2022-09-24T00:40:59.999Z,1314.07,2022-09-24T02:30:59.999Z,1326.98,1000.00,-9.82,-0.9824,382.51
1293,SHORT,2022-09-24T03:50:59.999Z,1318.92,2022-09-24T04:05:59.999Z,1322.56,1000.00,-2.76,-0.2760,379.75
1294,SHORT,2022-09-24T04:06:59.999Z,1321.42,2022-09-24T04:30:59.999Z,1325.55,1000.00,-3.13,-0.3125,376.63
1295,SHORT,2022-09-24T07:02:59.999Z,1324.01,2022-09-24T08:48:59.999Z,1327.12,1000.00,-2.35,-0.2349,374.28
1296,SHORT,2022-09-24T10:48:59.999Z,1324.22,2022-09-24T11:22:59.999Z,1328.57,1000.00,-3.28,-0.3285,370.99
1297,SHORT,2022-09-24T15:50:59.999Z,1337.60,2022-09-24T15:59:59.999Z,1339.78,1000.00,-1.63,-0.1630,369.36
1298,SHORT,2022-09-24T17:40:59.999Z,1336.45,2022-09-24T18:59:59.999Z,1343.69,1000.00,-5.42,-0.5417,363.94
1299,SHORT,2022-09-24T20:34:59.999Z,1338.51,2022-09-24T20:48:59.999Z,1342.91,1000.00,-3.29,-0.3287,360.66
1300,SHORT,2022-09-24T21:11:59.999Z,1336.51,2022-09-25T01:33:59.999Z,1325.12,1000.00,8.52,0.8522,369.18
1301,SHORT,2022-09-25T02:06:59.999Z,1318.59,2022-09-25T03:06:59.999Z,1323.18,1000.00,-3.48,-0.3481,365.70
1302,SHORT,2022-09-25T05:34:59.999Z,1321.73,2022-09-25T06:27:59.999Z,1327.41,1000.00,-4.30,-0.4297,361.40
1303,SHORT,2022-09-25T09:46:59.999Z,1323.54,2022-09-25T11:50:59.999Z,1330.15,1000.00,-4.99,-0.4994,356.41
1304,SHORT,2022-09-25T12:38:59.999Z,1322.91,2022-09-25T16:15:59.999Z,1318.57,1000.00,3.28,0.3281,359.69
1305,SHORT,2022-09-25T16:58:59.999Z,1306.15,2022-09-25T22:41:59.999Z,1295.24,1000.00,8.35,0.8353,368.04
1306,SHORT,2022-09-25T22:43:59.999Z,1290.84,2022-09-25T22:51:59.999Z,1297.29,1000.00,-5.00,-0.4997,363.04
1307,SHORT,2022-09-25T23:01:59.999Z,1290.44,2022-09-25T23:13:59.999Z,1296.79,1000.00,-4.92,-0.4921,358.12
1308,SHORT,2022-09-26T01:27:59.999Z,1293.50,2022-09-26T01:38:59.999Z,1302.10,1000.00,-6.65,-0.6649,351.47
1309,SHORT,2022-09-26T04:47:59.999Z,1296.82,2022-09-26T07:41:59.999Z,1297.57,1000.00,-0.58,-0.0578,350.90
1310,SHORT,2022-09-26T11:23:59.999Z,1299.46,2022-09-26T12:51:59.999Z,1320.72,1000.00,-16.36,-1.6361,334.53
1311,SHORT,2022-09-26T16:27:59.999Z,1317.52,2022-09-26T17:45:59.999Z,1324.22,1000.00,-5.09,-0.5085,329.45
1312,SHORT,2022-09-26T20:40:59.999Z,1323.00,2022-09-26T22:39:59.999Z,1328.78,1000.00,-4.37,-0.4369,325.08
1313,SHORT,2022-09-27T08:39:59.999Z,1378.28,2022-09-27T09:48:59.999Z,1384.43,1000.00,-4.46,-0.4462,320.62
1314,SHORT,2022-09-27T13:30:59.999Z,1385.67,2022-09-27T13:31:59.999Z,1390.13,1000.00,-3.22,-0.3219,317.40
1315,SHORT,2022-09-27T14:03:59.999Z,1382.63,2022-09-27T22:27:59.999Z,1328.99,1000.00,38.80,3.8796,356.20
1316,SHORT,2022-09-28T01:29:59.999Z,1313.01,2022-09-28T10:24:59.999Z,1299.78,1000.00,10.08,1.0076,366.27
1317,SHORT,2022-09-28T17:57:59.999Z,1322.59,2022-09-28T18:40:59.999Z,1330.48,1000.00,-5.97,-0.5966,360.31
1318,SHORT,2022-09-28T22:49:59.999Z,1334.50,2022-09-28T23:21:59.999Z,1342.99,1000.00,-6.36,-0.6362,353.94
1319,SHORT,2022-09-28T23:39:59.999Z,1336.55,2022-09-29T01:32:59.999Z,1347.27,1000.00,-8.02,-0.8021,345.92
1320,SHORT,2022-09-29T02:27:59.999Z,1336.38,2022-09-29T03:59:59.999Z,1342.00,1000.00,-4.21,-0.4205,341.72
1321,SHORT,2022-09-29T05:37:59.999Z,1337.73,2022-09-29T09:19:59.999Z,1328.51,1000.00,6.89,0.6892,348.61
1322,SHORT,2022-09-29T12:30:59.999Z,1328.04,2022-09-29T15:15:59.999Z,1327.56,1000.00,0.36,0.0361,348.97
1323,SHORT,2022-09-29T18:21:59.999Z,1325.01,2022-09-29T18:30:59.999Z,1333.80,1000.00,-6.63,-0.6634,342.34
1324,SHORT,2022-09-29T22:35:59.999Z,1328.33,2022-09-29T23:53:59.999Z,1335.43,1000.00,-5.35,-0.5345,336.99
1325,SHORT,2022-09-30T01:27:59.999Z,1331.01,2022-09-30T01:48:59.999Z,1336.07,1000.00,-3.80,-0.3802,333.19
1326,SHORT,2022-09-30T02:17:59.999Z,1325.90,2022-09-30T05:11:59.999Z,1330.68,1000.00,-3.61,-0.3605,329.59
1327,SHORT,2022-09-30T10:53:59.999Z,1334.64,2022-09-30T14:11:59.999Z,1341.68,1000.00,-5.27,-0.5275,324.31
1328,SHORT,2022-09-30T17:51:59.999Z,1344.24,2022-09-30T18:30:59.999Z,1352.20,1000.00,-5.92,-0.5922,318.39
1329,SHORT,2022-09-30T18:45:59.999Z,1347.40,2022-09-30T19:05:59.999Z,1354.36,1000.00,-5.17,-0.5166,313.22
1330,SHORT,2022-09-30T19:51:59.999Z,1340.83,2022-10-01T00:18:59.999Z,1332.08,1000.00,6.53,0.6526,319.75
1331,SHORT,2022-10-01T00:48:59.999Z,1326.00,2022-10-01T01:28:59.999Z,1328.89,1000.00,-2.18,-0.2179,317.57
1332,SHORT,2022-10-01T01:29:59.999Z,1327.84,2022-10-01T01:36:59.999Z,1330.13,1000.00,-1.72,-0.1725,315.85
1333,SHORT,2022-10-01T01:41:59.999Z,1327.28,2022-10-01T01:45:59.999Z,1329.50,1000.00,-1.67,-0.1673,314.17
1334,SHORT,2022-10-01T03:26:59.999Z,1328.04,2022-10-01T04:14:59.999Z,1330.95,1000.00,-2.19,-0.2191,311.98
1335,SHORT,2022-10-01T04:22:59.999Z,1328.01,2022-10-01T04:39:59.999Z,1329.51,1000.00,-1.13,-0.1130,310.85
1336,SHORT,2022-10-01T04:53:59.999Z,1328.61,2022-10-01T05:04:59.999Z,1330.22,1000.00,-1.21,-0.1212,309.64
1337,SHORT,2022-10-01T05:18:59.999Z,1327.71,2022-10-01T07:49:59.999Z,1329.64,1000.00,-1.45,-0.1454,308.19
1338,SHORT,2022-10-01T11:08:59.999Z,1330.11,2022-10-01T13:36:59.999Z,1328.79,1000.00,0.99,0.0992,309.18
1339,SHORT,2022-10-01T14:23:59.999Z,1325.55,2022-10-01T19:22:59.999Z,1316.40,1000.00,6.90,0.6903,316.08
1340,SHORT,2022-10-01T19:38:59.999Z,1310.16,2022-10-01T21:48:59.999Z,1313.49,1000.00,-2.54,-0.2542,313.54
1341,SHORT,2022-10-01T23:30:59.999Z,1311.48,2022-10-02T00:23:59.999Z,1315.47,1000.00,-3.04,-0.3042,310.50
1342,SHORT,2022-10-02T00:50:59.999Z,1308.74,2022-10-02T02:50:59.999Z,1310.97,1000.00,-1.70,-0.1704,308.79
1343,SHORT,2022-10-02T03:29:59.999Z,1308.97,2022-10-02T04:45:59.999Z,1311.73,1000.00,-2.11,-0.2109,306.69
1344,SHORT,2022-10-02T07:20:59.999Z,1310.75,2022-10-02T16:20:59.999Z,1299.14,1000.00,8.86,0.8858,315.54
1345,SHORT,2022-10-02T18:18:59.999Z,1292.28,2022-10-02T19:07:59.999Z,1299.24,1000.00,-5.39,-0.5386,310.16
1346,SHORT,2022-10-02T21:16:59.999Z,1294.10,2022-10-03T01:27:59.999Z,1290.30,1000.00,2.94,0.2936,313.09
1347,SHORT,2022-10-03T04:32:59.999Z,1288.79,2022-10-03T05:55:59.999Z,1297.05,1000.00,-6.41,-0.6409,306.68
1348,SHORT,2022-10-03T08:07:59.999Z,1290.10,2022-10-03T10:12:59.999Z,1292.12,1000.00,-1.57,-0.1566,305.12
1349,SHORT,2022-10-03T19:00:59.999Z,1318.68,2022-10-03T20:56:59.999Z,1322.11,1000.00,-2.60,-0.2601,302.52
1350,SHORT,2022-10-03T22:21:59.999Z,1316.34,2022-10-03T23:17:59.999Z,1321.44,1000.00,-3.87,-0.3874,298.64
1351,SHORT,2022-10-04T01:57:59.999Z,1321.07,2022-10-04T03:19:59.999Z,1324.85,1000.00,-2.86,-0.2861,295.78
1352,SHORT,2022-10-04T15:00:59.999Z,1348.63,2022-10-04T15:52:59.999Z,1353.90,1000.00,-3.91,-0.3908,291.87
1353,SHORT,2022-10-04T16:19:59.999Z,1348.02,2022-10-04T18:27:59.999Z,1349.61,1000.00,-1.18,-0.1180,290.70
1354,SHORT,2022-10-04T18:29:59.999Z,1346.65,2022-10-04T18:39:59.999Z,1348.59,1000.00,-1.44,-0.1441,289.25
1355,SHORT,2022-10-05T00:42:59.999Z,1355.65,2022-10-05T03:23:59.999Z,1358.77,1000.00,-2.30,-0.2301,286.95
1356,SHORT,2022-10-05T03:45:59.999Z,1355.45,2022-10-05T06:33:59.999Z,1355.38,1000.00,0.05,0.0052,287.00
1357,SHORT,2022-10-05T07:30:59.999Z,1353.92,2022-10-05T07:34:59.999Z,1354.31,1000.00,-0.29,-0.0288,286.72
1358,SHORT,2022-10-05T08:02:59.999Z,1353.23,2022-10-05T16:06:59.999Z,1329.76,1000.00,17.34,1.7344,304.06
1359,SHORT,2022-10-05T20:49:59.999Z,1346.97,2022-10-05T22:27:59.999Z,1352.45,1000.00,-4.07,-0.4068,299.99
1360,SHORT,2022-10-06T06:05:59.999Z,1366.57,2022-10-06T11:39:59.999Z,1368.42,1000.00,-1.35,-0.1354,298.64
1361,SHORT,2022-10-06T14:06:59.999Z,1353.44,2022-10-06T15:08:59.999Z,1365.89,1000.00,-9.20,-0.9199,289.44
1362,SHORT,2022-10-06T15:16:59.999Z,1361.83,2022-10-06T15:17:59.999Z,1364.64,1000.00,-2.06,-0.2063,287.38
1363,SHORT,2022-10-06T16:07:59.999Z,1358.35,2022-10-06T16:55:59.999Z,1364.63,1000.00,-4.62,-0.4623,282.75
1364,SHORT,2022-10-06T17:00:59.999Z,1362.99,2022-10-06T17:16:59.999Z,1365.64,1000.00,-1.94,-0.1944,280.81
1365,SHORT,2022-10-06T18:06:59.999Z,1359.25,2022-10-06T20:50:59.999Z,1362.91,1000.00,-2.69,-0.2693,278.12
1366,SHORT,2022-10-06T21:23:59.999Z,1358.17,2022-10-07T00:24:59.999Z,1359.52,1000.00,-0.99,-0.0994,277.12
1367,SHORT,2022-10-07T02:03:59.999Z,1351.93,2022-10-07T02:40:59.999Z,1358.30,1000.00,-4.71,-0.4712,272.41
1368,SHORT,2022-10-07T04:44:59.999Z,1353.12,2022-10-07T07:45:59.999Z,1355.42,1000.00,-1.70,-0.1700,270.71
1369,SHORT,2022-10-07T10:16:59.999Z,1353.73,2022-10-07T11:11:59.999Z,1356.66,1000.00,-2.16,-0.2164,268.55
1370,SHORT,2022-10-07T11:16:59.999Z,1354.45,2022-10-07T20:30:59.999Z,1330.14,1000.00,17.95,1.7948,286.49
1371,SHORT,2022-10-08T00:02:59.999Z,1330.16,2022-10-08T00:18:59.999Z,1333.39,1000.00,-2.43,-0.2428,284.07
1372,SHORT,2022-10-08T01:29:59.999Z,1332.36,2022-10-08T01:37:59.999Z,1334.15,1000.00,-1.34,-0.1343,282.72
1373,SHORT,2022-10-08T03:13:59.999Z,1332.22,2022-10-08T07:03:59.999Z,1331.79,1000.00,0.32,0.0323,283.05
1374,SHORT,2022-10-08T07:15:59.999Z,1328.49,2022-10-08T11:34:59.999Z,1330.21,1000.00,-1.29,-0.1295,281.75
1375,SHORT,2022-10-08T12:23:59.999Z,1327.56,2022-10-08T16:43:59.999Z,1326.84,1000.00,0.54,0.0542,282.29
1376,SHORT,2022-10-08T18:56:59.999Z,1325.07,2022-10-09T04:49:59.999Z,1311.49,1000.00,10.25,1.0249,292.54
1377,SHORT,2022-10-09T08:48:59.999Z,1313.72,2022-10-09T09:03:59.999Z,1315.44,1000.00,-1.31,-0.1309,291.23
1378,SHORT,2022-10-09T14:08:59.999Z,1321.70,2022-10-09T14:44:59.999Z,1324.10,1000.00,-1.82,-0.1816,289.42
1379,SHORT,2022-10-09T17:17:59.999Z,1324.16,2022-10-09T19:02:59.999Z,1326.38,1000.00,-1.68,-0.1677,287.74
1380,SHORT,2022-10-09T19:13:59.999Z,1312.70,2022-10-09T23:46:59.999Z,1322.40,1000.00,-7.39,-0.7389,280.35
1381,SHORT,2022-10-10T02:43:59.999Z,1325.30,2022-10-10T10:37:59.999Z,1313.26,1000.00,9.08,0.9085,289.44
1382,SHORT,2022-10-10T10:58:59.999Z,1309.91,2022-10-10T11:08:59.999Z,1312.36,1000.00,-1.87,-0.1870,287.56
1383,SHORT,2022-10-10T13:45:59.999Z,1312.99,2022-10-10T17:56:59.999Z,1312.22,1000.00,0.59,0.0586,288.15
1384,SHORT,2022-10-10T20:45:59.999Z,1307.55,2022-10-11T06:39:59.999Z,1281.95,1000.00,19.58,1.9579,307.73
1385,SHORT,2022-10-11T09:48:59.999Z,1279.08,2022-10-11T10:46:59.999Z,1284.00,1000.00,-3.85,-0.3847,303.88
1386,SHORT,2022-10-11T13:33:59.999Z,1281.06,2022-10-11T15:02:59.999Z,1285.96,1000.00,-3.82,-0.3825,300.06
1387,SHORT,2022-10-11T18:16:59.999Z,1287.80,2022-10-12T00:26:59.999Z,1284.59,1000.00,2.49,0.2493,302.55
1388,SHORT,2022-10-12T02:22:59.999Z,1281.60,2022-10-12T02:25:59.999Z,1283.69,1000.00,-1.63,-0.1631,300.92
1389,SHORT,2022-10-12T02:45:59.999Z,1281.63,2022-10-12T02:50:59.999Z,1283.21,1000.00,-1.23,-0.1233,299.69
1390,SHORT,2022-10-12T12:05:59.999Z,1298.41,2022-10-12T12:14:59.999Z,1299.61,1000.00,-0.92,-0.0924,298.76
1391,SHORT,2022-10-12T12:16:59.999Z,1299.50,2022-10-12T12:17:59.999Z,1299.60,1000.00,-0.08,-0.0077,298.69
1392,SHORT,2022-10-12T12:18:59.999Z,1299.07,2022-10-12T14:02:59.999Z,1301.02,1000.00,-1.50,-0.1501,297.19
1393,SHORT,2022-10-12T14:17:59.999Z,1295.77,2022-10-12T15:17:59.999Z,1298.25,1000.00,-1.91,-0.1914,295.27
1394,SHORT,2022-10-12T16:27:59.999Z,1294.96,2022-10-12T18:28:59.999Z,1298.71,1000.00,-2.90,-0.2896,292.38
1395,SHORT,2022-10-12T22:39:59.999Z,1296.01,2022-10-13T01:10:59.999Z,1298.06,1000.00,-1.58,-0.1582,290.79
1396,SHORT,2022-10-13T01:39:59.999Z,1294.01,2022-10-13T06:02:59.999Z,1288.94,1000.00,3.92,0.3918,294.71
1397,SHORT,2022-10-13T06:31:59.999Z,1285.46,2022-10-13T15:18:59.999Z,1245.29,1000.00,31.25,3.1250,325.96
1398,SHORT,2022-10-13T23:34:59.999Z,1286.17,2022-10-14T01:01:59.999Z,1290.78,1000.00,-3.58,-0.3584,322.38
1399,SHORT,2022-10-14T07:23:59.999Z,1322.30,2022-10-14T09:56:59.999Z,1328.18,1000.00,-4.45,-0.4447,317.93
1400,SHORT,2022-10-14T14:07:59.999Z,1325.85,2022-10-15T00:11:59.999Z,1298.28,1000.00,20.79,2.0794,338.72
1401,SHORT,2022-10-15T00:59:59.999Z,1295.97,2022-10-15T01:38:59.999Z,1298.63,1000.00,-2.05,-0.2053,336.67
1402,SHORT,2022-10-15T05:14:59.999Z,1293.91,2022-10-15T11:57:59.999Z,1286.95,1000.00,5.38,0.5379,342.05
1403,SHORT,2022-10-15T13:10:59.999Z,1282.82,2022-10-15T14:03:59.999Z,1289.73,1000.00,-5.39,-0.5387,336.66
1404,SHORT,2022-10-15T16:02:59.999Z,1285.52,2022-10-15T16:18:59.999Z,1288.96,1000.00,-2.68,-0.2676,333.99
1405,SHORT,2022-10-15T16:45:59.999Z,1283.12,2022-10-16T00:22:59.999Z,1277.36,1000.00,4.49,0.4489,338.48
1406,SHORT,2022-10-16T06:25:59.999Z,1282.13,2022-10-16T07:08:59.999Z,1284.15,1000.00,-1.58,-0.1576,336.90
1407,SHORT,2022-10-16T07:23:59.999Z,1282.32,2022-10-16T07:50:59.999Z,1284.16,1000.00,-1.43,-0.1435,335.47
1408,SHORT,2022-10-16T10:31:59.999Z,1281.23,2022-10-16T13:52:59.999Z,1284.62,1000.00,-2.65,-0.2646,332.82
1409,SHORT,2022-10-16T14:39:59.999Z,1282.20,2022-10-16T15:07:59.999Z,1285.99,1000.00,-2.96,-0.2956,329.87
1410,SHORT,2022-10-16T17:16:59.999Z,1284.27,2022-10-16T17:36:59.999Z,1286.35,1000.00,-1.62,-0.1620,328.25
1411,SHORT,2022-10-16T18:03:59.999Z,1283.58,2022-10-16T19:23:59.999Z,1286.12,1000.00,-1.98,-0.1979,326.27
1412,SHORT,2022-10-17T00:28:59.999Z,1301.22,2022-10-17T04:31:59.999Z,1302.16,1000.00,-0.72,-0.0722,325.54
1413,SHORT,2022-10-17T16:45:59.999Z,1323.48,2022-10-17T19:45:59.999Z,1323.56,1000.00,-0.06,-0.0060,325.48
1414,SHORT,2022-10-18T02:02:59.999Z,1332.20,2022-10-18T03:51:59.999Z,1334.41,1000.00,-1.66,-0.1659,323.83
1415,SHORT,2022-10-18T05:29:59.999Z,1330.84,2022-10-18T06:27:59.999Z,1334.73,1000.00,-2.92,-0.2923,320.90
1416,SHORT,2022-10-18T07:28:59.999Z,1333.66,2022-10-18T07:32:59.999Z,1334.61,1000.00,-0.71,-0.0712,320.19
1417,SHORT,2022-10-18T08:19:59.999Z,1332.36,2022-10-18T11:49:59.999Z,1329.21,1000.00,2.36,0.2364,322.55
1418,SHORT,2022-10-18T12:00:59.999Z,1326.41,2022-10-18T12:12:59.999Z,1329.32,1000.00,-2.19,-0.2194,320.36
1419,SHORT,2022-10-18T13:48:59.999Z,1325.80,2022-10-18T20:26:59.999Z,1305.73,1000.00,15.14,1.5138,335.50
1420,SHORT,2022-10-19T00:23:59.999Z,1308.97,2022-10-19T09:09:59.999Z,1303.42,1000.00,4.24,0.4240,339.74
1421,SHORT,2022-10-19T11:05:59.999Z,1300.27,2022-10-19T13:36:59.999Z,1304.34,1000.00,-3.13,-0.3130,336.61
1422,SHORT,2022-10-19T13:49:59.999Z,1295.25,2022-10-19T14:30:59.999Z,1301.04,1000.00,-4.47,-0.4470,332.14
1423,SHORT,2022-10-19T14:53:59.999Z,1297.70,2022-10-19T15:16:59.999Z,1302.79,1000.00,-3.92,-0.3922,328.22
1424,SHORT,2022-10-19T16:50:59.999Z,1297.64,2022-10-20T04:22:59.999Z,1287.18,1000.00,8.06,0.8061,336.28
1425,SHORT,2022-10-20T12:58:59.999Z,1292.70,2022-10-20T13:58:59.999Z,1298.70,1000.00,-4.64,-0.4641,331.63
1426,SHORT,2022-10-20T16:06:59.999Z,1295.93,2022-10-20T22:03:59.999Z,1285.52,1000.00,8.03,0.8033,339.67
1427,SHORT,2022-10-20T22:07:59.999Z,1284.37,2022-10-21T00:52:59.999Z,1284.97,1000.00,-0.47,-0.0467,339.20
1428,SHORT,2022-10-21T04:51:59.999Z,1286.21,2022-10-21T05:05:59.999Z,1288.12,1000.00,-1.48,-0.1485,337.72
1429,SHORT,2022-10-21T06:56:59.999Z,1286.08,2022-10-21T13:39:59.999Z,1279.14,1000.00,5.40,0.5396,343.11
1430,SHORT,2022-10-21T21:52:59.999Z,1298.38,2022-10-21T23:01:59.999Z,1301.21,1000.00,-2.18,-0.2180,340.93
1431,SHORT,2022-10-21T23:41:59.999Z,1299.03,2022-10-22T00:35:59.999Z,1302.30,1000.00,-2.52,-0.2517,338.41
1432,SHORT,2022-10-22T01:40:59.999Z,1299.51,2022-10-22T06:52:59.999Z,1298.35,1000.00,0.89,0.0893,339.31
1433,SHORT,2022-10-22T17:42:59.999Z,1311.60,2022-10-22T19:20:59.999Z,1314.46,1000.00,-2.18,-0.2181,337.13
1434,SHORT,2022-10-22T23:36:59.999Z,1313.17,2022-10-23T02:45:59.999Z,1313.46,1000.00,-0.22,-0.0221,336.91
1435,SHORT,2022-10-23T04:56:59.999Z,1308.99,2022-10-23T08:21:59.999Z,1311.53,1000.00,-1.94,-0.1940,334.97
1436,SHORT,2022-10-23T09:55:59.999Z,1309.28,2022-10-23T13:17:59.999Z,1308.67,1000.00,0.47,0.0466,335.43
1437,SHORT,2022-10-24T01:47:59.999Z,1354.15,2022-10-24T09:43:59.999Z,1342.69,1000.00,8.46,0.8463,343.89
1438,SHORT,2022-10-24T13:18:59.999Z,1345.82,2022-10-24T13:56:59.999Z,1349.76,1000.00,-2.93,-0.2928,340.97
1439,SHORT,2022-10-24T14:02:59.999Z,1344.09,2022-10-24T18:28:59.999Z,1338.63,1000.00,4.06,0.4062,345.03
1440,SHORT,2022-10-24T22:22:59.999Z,1344.73,2022-10-25T03:13:59.999Z,1344.00,1000.00,0.54,0.0543,345.57
1441,SHORT,2022-10-25T08:24:59.999Z,1343.86,2022-10-25T11:34:59.999Z,1348.29,1000.00,-3.30,-0.3296,342.28
1442,SHORT,2022-10-25T20:34:59.999Z,1456.54,2022-10-25T21:16:59.999Z,1472.91,1000.00,-11.24,-1.1239,331.04
1443,SHORT,2022-10-25T21:21:59.999Z,1466.05,2022-10-25T21:52:59.999Z,1474.56,1000.00,-5.80,-0.5805,325.23
1444,SHORT,2022-10-25T22:14:59.999Z,1459.35,2022-10-26T00:31:59.999Z,1470.88,1000.00,-7.90,-0.7901,317.33
1445,SHORT,2022-10-26T05:18:59.999Z,1479.34,2022-10-26T05:57:59.999Z,1484.44,1000.00,-3.45,-0.3447,313.88
1446,SHORT,2022-10-26T12:09:59.999Z,1518.38,2022-10-26T13:51:59.999Z,1535.69,1000.00,-11.40,-1.1400,302.48
1447,SHORT,2022-10-26T16:52:59.999Z,1548.41,2022-10-26T18:04:59.999Z,1568.99,1000.00,-13.29,-1.3291,289.19
1448,SHORT,2022-10-26T19:00:59.999Z,1549.84,2022-10-26T19:29:59.999Z,1561.69,1000.00,-7.65,-0.7646,281.55
1449,SHORT,2022-10-26T20:28:59.999Z,1549.98,2022-10-26T22:20:59.999Z,1564.45,1000.00,-9.34,-0.9336,272.21
1450,SHORT,2022-10-27T00:43:59.999Z,1558.94,2022-10-27T02:18:59.999Z,1569.98,1000.00,-7.08,-0.7082,265.13
1451,SHORT,2022-10-27T02:58:59.999Z,1551.89,2022-10-27T04:57:59.999Z,1563.48,1000.00,-7.47,-0.7468,257.66
1452,SHORT,2022-10-27T06:52:59.999Z,1558.11,2022-10-27T11:36:59.999Z,1552.26,1000.00,3.75,0.3755,261.42
1453,SHORT,2022-10-27T11:46:59.999Z,1546.76,2022-10-27T12:30:59.999Z,1571.71,1000.00,-16.13,-1.6130,245.28
1454,SHORT,2022-10-27T13:59:59.999Z,1543.65,2022-10-27T14:20:59.999Z,1561.32,1000.00,-11.45,-1.1447,233.84
1455,SHORT,2022-10-27T14:42:59.999Z,1548.26,2022-10-27T17:22:59.999Z,1554.14,1000.00,-3.80,-0.3798,230.04
1456,SHORT,2022-10-27T20:12:59.999Z,1535.61,2022-10-28T01:51:59.999Z,1522.33,1000.00,8.65,0.8648,238.69
1457,SHORT,2022-10-28T02:15:59.999Z,1511.63,2022-10-28T05:54:59.999Z,1516.35,1000.00,-3.12,-0.3122,235.57
1458,SHORT,2022-10-28T07:21:59.999Z,1504.57,2022-10-28T09:34:59.999Z,1507.82,1000.00,-2.16,-0.2160,233.41
1459,SHORT,2022-10-28T10:48:59.999Z,1495.72,2022-10-28T12:42:59.999Z,1511.03,1000.00,-10.24,-1.0236,223.17
1460,SHORT,2022-10-28T22:05:59.999Z,1555.99,2022-10-29T02:18:59.999Z,1556.76,1000.00,-0.49,-0.0495,222.67
1461,SHORT,2022-10-29T11:37:59.999Z,1613.20,2022-10-29T12:16:59.999Z,1625.74,1000.00,-7.77,-0.7773,214.90
1462,SHORT,2022-10-29T13:25:59.999Z,1612.99,2022-10-29T14:10:59.999Z,1628.66,1000.00,-9.71,-0.9715,205.19
1463,SHORT,2022-10-29T15:03:59.999Z,1616.25,2022-10-29T15:07:59.999Z,1624.07,1000.00,-4.84,-0.4838,200.35
1464,SHORT,2022-10-29T18:24:59.999Z,1624.96,2022-10-29T21:15:59.999Z,1630.28,1000.00,-3.27,-0.3274,197.07
1465,SHORT,2022-10-29T21:54:59.999Z,1625.17,2022-10-30T02:56:59.999Z,1618.20,1000.00,4.29,0.4289,201.36
1466,SHORT,2022-10-30T08:26:59.999Z,1623.27,2022-10-30T15:26:59.999Z,1598.84,1000.00,15.05,1.5050,216.41
1467,SHORT,2022-10-30T15:44:59.999Z,1592.00,2022-10-30T18:59:59.999Z,1589.65,1000.00,1.48,0.1476,217.89
1468,SHORT,2022-10-30T20:17:59.999Z,1586.65,2022-10-30T20:25:59.999Z,1591.49,1000.00,-3.05,-0.3050,214.84
1469,SHORT,2022-10-30T22:09:59.999Z,1584.52,2022-10-30T23:52:59.999Z,1590.29,1000.00,-3.64,-0.3641,211.20
1470,SHORT,2022-10-31T00:44:59.999Z,1584.90,2022-10-31T03:50:59.999Z,1581.84,1000.00,1.93,0.1931,213.13
1471,SHORT,2022-10-31T06:31:59.999Z,1580.01,2022-10-31T07:52:59.999Z,1586.19,1000.00,-3.91,-0.3911,209.22
1472,SHORT,2022-10-31T08:17:59.999Z,1582.94,2022-10-31T08:26:59.999Z,1587.42,1000.00,-2.83,-0.2830,206.39
1473,SHORT,2022-10-31T08:31:59.999Z,1581.94,2022-10-31T09:32:59.999Z,1587.96,1000.00,-3.81,-0.3805,202.58
1474,SHORT,2022-10-31T13:50:59.999Z,1601.91,2022-10-31T18:55:59.999Z,1573.97,1000.00,17.44,1.7442,220.02
1475,SHORT,2022-10-31T19:04:59.999Z,1565.51,2022-10-31T22:54:59.999Z,1565.60,1000.00,-0.06,-0.0057,219.96
1476,SHORT,2022-11-01T07:40:59.999Z,1587.10,2022-11-01T09:34:59.999Z,1594.25,1000.00,-4.51,-0.4505,215.46
1477,SHORT,2022-11-01T11:28:59.999Z,1589.31,2022-11-01T13:00:59.999Z,1596.66,1000.00,-4.62,-0.4625,210.84
1478,SHORT,2022-11-01T13:14:59.999Z,1591.93,2022-11-01T18:06:59.999Z,1579.60,1000.00,7.75,0.7745,218.58
1479,SHORT,2022-11-01T20:04:59.999Z,1575.15,2022-11-01T21:50:59.999Z,1579.71,1000.00,-2.89,-0.2895,215.69
1480,SHORT,2022-11-01T21:55:59.999Z,1574.62,2022-11-01T23:08:59.999Z,1579.10,1000.00,-2.85,-0.2845,212.84
1481,SHORT,2022-11-02T05:51:59.999Z,1587.20,2022-11-02T14:20:59.999Z,1560.87,1000.00,16.59,1.6589,229.43
1482,SHORT,2022-11-02T16:27:59.999Z,1555.54,2022-11-02T16:50:59.999Z,1566.77,1000.00,-7.22,-0.7219,222.21
1483,SHORT,2022-11-02T19:23:59.999Z,1549.25,2022-11-03T00:26:59.999Z,1524.99,1000.00,15.66,1.5659,237.87
1484,SHORT,2022-11-03T06:29:59.999Z,1547.18,2022-11-03T07:11:59.999Z,1553.67,1000.00,-4.19,-0.4195,233.67
1485,SHORT,2022-11-03T07:34:59.999Z,1543.66,2022-11-03T09:26:59.999Z,1549.75,1000.00,-3.95,-0.3945,229.73
1486,SHORT,2022-11-03T10:44:59.999Z,1544.44,2022-11-03T14:20:59.999Z,1546.91,1000.00,-1.60,-0.1599,228.13
1487,SHORT,2022-11-03T18:00:59.999Z,1541.68,2022-11-03T18:30:59.999Z,1545.80,1000.00,-2.67,-0.2672,225.46
1488,SHORT,2022-11-03T19:55:59.999Z,1541.63,2022-11-04T00:35:59.999Z,1540.20,1000.00,0.93,0.0928,226.39
1489,SHORT,2022-11-04T12:04:59.999Z,1572.50,2022-11-04T12:40:59.999Z,1594.62,1000.00,-14.07,-1.4067,212.32
1490,SHORT,2022-11-04T16:23:59.999Z,1620.55,2022-11-04T18:30:59.999Z,1632.36,1000.00,-7.29,-0.7288,205.03
1491,SHORT,2022-11-04T23:58:59.999Z,1644.67,2022-11-05T00:01:59.999Z,1646.23,1000.00,-0.95,-0.0949,204.08
1492,SHORT,2022-11-05T00:04:59.999Z,1641.70,2022-11-05T00:40:59.999Z,1658.76,1000.00,-10.39,-1.0392,193.69
1493,SHORT,2022-11-05T02:56:59.999Z,1648.91,2022-11-05T03:16:59.999Z,1652.53,1000.00,-2.20,-0.2195,191.50
1494,SHORT,2022-11-05T03:30:59.999Z,1647.08,2022-11-05T06:05:59.999Z,1652.13,1000.00,-3.07,-0.3066,188.43
1495,SHORT,2022-11-05T08:10:59.999Z,1645.90,2022-11-05T11:19:59.999Z,1646.48,1000.00,-0.35,-0.0352,188.08
1496,SHORT,2022-11-05T12:31:59.999Z,1642.07,2022-11-05T16:09:59.999Z,1638.33,1000.00,2.28,0.2278,190.35
1497,SHORT,2022-11-05T17:09:59.999Z,1632.94,2022-11-05T22:16:59.999Z,1634.01,1000.00,-0.66,-0.0655,189.70
1498,SHORT,2022-11-05T22:44:59.999Z,1629.20,2022-11-05T22:55:59.999Z,1633.47,1000.00,-2.62,-0.2621,187.08
1499,SHORT,2022-11-05T23:08:59.999Z,1626.25,2022-11-06T01:09:59.999Z,1632.49,1000.00,-3.84,-0.3837,183.24
1500,SHORT,2022-11-06T01:30:59.999Z,1628.05,2022-11-06T07:40:59.999Z,1621.47,1000.00,4.04,0.4042,187.28
1501,SHORT,2022-11-06T11:24:59.999Z,1623.00,2022-11-06T14:37:59.999Z,1625.95,1000.00,-1.82,-0.1818,185.47
1502,SHORT,2022-11-06T16:08:59.999Z,1620.62,2022-11-07T02:14:59.999Z,1591.13,1000.00,18.20,1.8197,203.66
1503,SHORT,2022-11-07T04:12:59.999Z,1582.40,2022-11-07T05:01:59.999Z,1588.93,1000.00,-4.13,-0.4127,199.54
1504,SHORT,2022-11-07T06:26:59.999Z,1583.88,2022-11-07T10:18:59.999Z,1581.11,1000.00,1.75,0.1749,201.28
1505,SHORT,2022-11-07T14:36:59.999Z,1570.10,2022-11-07T15:23:59.999Z,1580.90,1000.00,-6.88,-0.6879,194.41
1506,SHORT,2022-11-07T21:38:59.999Z,1580.99,2022-11-08T02:18:59.999Z,1573.12,1000.00,4.98,0.4978,199.38
1507,SHORT,2022-11-08T02:52:59.999Z,1551.73,2022-11-08T07:49:59.999Z,1494.41,1000.00,36.94,3.6939,236.32
1508,SHORT,2022-11-08T08:27:59.999Z,1484.50,2022-11-08T08:35:59.999Z,1490.33,1000.00,-3.93,-0.3927,232.40
1509,SHORT,2022-11-08T09:18:59.999Z,1480.80,2022-11-08T09:26:59.999Z,1490.37,1000.00,-6.46,-0.6463,225.93
1510,SHORT,2022-11-08T10:22:59.999Z,1482.22,2022-11-08T16:08:59.999Z,1525.96,1000.00,-29.51,-2.9510,196.42
1511,SHORT,2022-11-08T17:58:59.999Z,1456.16,2022-11-09T12:15:59.999Z,1237.43,1000.00,150.21,15.0210,346.63
1512,SHORT,2022-11-09T13:16:59.999Z,1209.49,2022-11-09T14:56:59.999Z,1225.01,1000.00,-12.83,-1.2832,333.80
1513,SHORT,2022-11-09T15:37:59.999Z,1173.02,2022-11-09T19:23:59.999Z,1194.48,1000.00,-18.29,-1.8295,315.51
1514,SHORT,2022-11-09T20:49:59.999Z,1154.00,2022-11-10T00:45:59.999Z,1131.00,1000.00,19.93,1.9931,335.44
1515,SHORT,2022-11-10T10:36:59.999Z,1179.92,2022-11-10T12:03:59.999Z,1208.90,1000.00,-24.56,-2.4561,310.88
1516,SHORT,2022-11-10T17:40:59.999Z,1255.10,2022-11-10T20:06:59.999Z,1287.39,1000.00,-25.73,-2.5727,285.15
1517,SHORT,2022-11-10T23:26:59.999Z,1297.18,2022-11-11T05:49:59.999Z,1268.09,1000.00,22.43,2.2426,307.57
1518,SHORT,2022-11-11T10:34:59.999Z,1271.83,2022-11-11T10:46:59.999Z,1278.01,1000.00,-4.86,-0.4859,302.72
1519,SHORT,2022-11-11T12:15:59.999Z,1272.47,2022-11-11T12:50:59.999Z,1283.90,1000.00,-8.98,-0.8983,293.73
1520,SHORT,2022-11-11T14:09:59.999Z,1268.59,2022-11-11T17:46:59.999Z,1261.03,1000.00,5.96,0.5959,299.69
1521,SHORT,2022-11-11T20:23:59.999Z,1261.15,2022-11-11T21:37:59.999Z,1267.94,1000.00,-5.38,-0.5384,294.31
1522,SHORT,2022-11-12T01:12:59.999Z,1271.32,2022-11-12T02:19:59.999Z,1280.59,1000.00,-7.29,-0.7292,287.02
1523,SHORT,2022-11-12T03:15:59.999Z,1269.83,2022-11-12T06:54:59.999Z,1264.74,1000.00,4.01,0.4008,291.03
1524,SHORT,2022-11-12T08:31:59.999Z,1253.00,2022-11-12T08:47:59.999Z,1262.39,1000.00,-7.49,-0.7494,283.53
1525,SHORT,2022-11-12T09:03:59.999Z,1257.32,2022-11-12T09:21:59.999Z,1265.81,1000.00,-6.75,-0.6752,276.78
1526,SHORT,2022-11-12T10:04:59.999Z,1257.66,2022-11-12T10:17:59.999Z,1271.96,1000.00,-11.37,-1.1370,265.41
1527,SHORT,2022-11-12T11:13:59.999Z,1254.67,2022-11-12T12:54:59.999Z,1264.66,1000.00,-7.96,-0.7962,257.45
1528,SHORT,2022-11-12T18:17:59.999Z,1269.50,2022-11-13T00:34:59.999Z,1263.71,1000.00,4.56,0.4561,262.01
1529,SHORT,2022-11-13T05:32:59.999Z,1265.82,2022-11-13T05:42:59.999Z,1267.60,1000.00,-1.41,-0.1406,260.60
1530,SHORT,2022-11-13T05:44:59.999Z,1266.27,2022-11-13T11:42:59.999Z,1240.39,1000.00,20.44,2.0438,281.04
1531,SHORT,2022-11-13T15:12:59.999Z,1235.35,2022-11-13T19:46:59.999Z,1229.72,1000.00,4.56,0.4557,285.60
1532,SHORT,2022-11-13T20:52:59.999Z,1224.91,2022-11-13T22:43:59.999Z,1226.35,1000.00,-1.18,-0.1176,284.42
1533,SHORT,2022-11-13T23:38:59.999Z,1221.46,2022-11-14T00:06:59.999Z,1225.09,1000.00,-2.97,-0.2972,281.45
1534,SHORT,2022-11-14T00:24:59.999Z,1194.16,2022-11-14T06:43:59.999Z,1221.10,1000.00,-22.56,-2.2560,258.89
1535,SHORT,2022-11-14T12:08:59.999Z,1247.81,2022-11-14T12:27:59.999Z,1262.06,1000.00,-11.42,-1.1420,247.47
1536,SHORT,2022-11-14T14:20:59.999Z,1251.95,2022-11-14T18:43:59.999Z,1243.65,1000.00,6.63,0.6630,254.10
1537,SHORT,2022-11-14T19:15:59.999Z,1231.87,2022-11-14T23:10:59.999Z,1233.14,1000.00,-1.03,-0.1031,253.07
1538,SHORT,2022-11-15T05:46:59.999Z,1250.56,2022-11-15T07:04:59.999Z,1256.03,1000.00,-4.37,-0.4374,248.69
1539,SHORT,2022-11-15T09:50:59.999Z,1257.30,2022-11-15T11:08:59.999Z,1268.49,1000.00,-8.90,-0.8900,239.79
1540,SHORT,2022-11-15T11:18:59.999Z,1257.91,2022-11-15T12:32:59.999Z,1266.27,1000.00,-6.65,-0.6646,233.15
1541,SHORT,2022-11-15T14:51:59.999Z,1263.15,2022-11-15T15:42:59.999Z,1274.54,1000.00,-9.02,-0.9017,224.13
1542,SHORT,2022-11-15T15:55:59.999Z,1266.24,2022-11-15T17:25:59.999Z,1269.00,1000.00,-2.18,-0.2180,221.95
1543,SHORT,2022-11-15T18:08:59.999Z,1264.76,2022-11-15T23:44:59.999Z,1252.23,1000.00,9.91,0.9907,231.86
1544,SHORT,2022-11-16T04:43:59.999Z,1257.73,2022-11-16T17:18:59.999Z,1213.01,1000.00,35.56,3.5556,267.41
1545,SHORT,2022-11-16T19:08:59.999Z,1206.33,2022-11-16T20:56:59.999Z,1213.44,1000.00,-5.89,-0.5894,261.52
1546,SHORT,2022-11-16T21:48:59.999Z,1206.33,2022-11-16T22:59:59.999Z,1215.97,1000.00,-7.99,-0.7991,253.53
1547,SHORT,2022-11-17T02:37:59.999Z,1216.85,2022-11-17T05:48:59.999Z,1209.84,1000.00,5.76,0.5761,259.29
1548,SHORT,2022-11-17T06:56:59.999Z,1204.79,2022-11-17T11:35:59.999Z,1199.79,1000.00,4.15,0.4150,263.44
1549,SHORT,2022-11-17T13:12:59.999Z,1193.03,2022-11-17T15:17:59.999Z,1211.89,1000.00,-15.81,-1.5808,247.63
1550,SHORT,2022-11-17T19:42:59.999Z,1205.60,2022-11-17T21:27:59.999Z,1207.31,1000.00,-1.42,-0.1418,246.21
1551,SHORT,2022-11-17T23:14:59.999Z,1203.85,2022-11-18T00:23:59.999Z,1209.08,1000.00,-4.34,-0.4344,241.87
1552,SHORT,2022-11-18T06:09:59.999Z,1217.09,2022-11-18T07:17:59.999Z,1219.47,1000.00,-1.96,-0.1955,239.91
1553,SHORT,2022-11-18T07:24:59.999Z,1217.01,2022-11-18T09:57:59.999Z,1215.48,1000.00,1.26,0.1257,241.17
1554,SHORT,2022-11-18T14:38:59.999Z,1214.35,2022-11-18T20:07:59.999Z,1209.29,1000.00,4.17,0.4167,245.34
1555,SHORT,2022-11-18T22:13:59.999Z,1208.18,2022-11-18T22:21:59.999Z,1210.33,1000.00,-1.78,-0.1780,243.56
1556,SHORT,2022-11-18T22:51:59.999Z,1208.88,2022-11-18T22:52:59.999Z,1209.67,1000.00,-0.65,-0.0653,242.90
1557,SHORT,2022-11-18T23:12:59.999Z,1208.33,2022-11-18T23:39:59.999Z,1212.20,1000.00,-3.20,-0.3203,239.70
1558,SHORT,2022-11-19T01:24:59.999Z,1209.92,2022-11-19T01:25:59.999Z,1210.80,1000.00,-0.73,-0.0727,238.97
1559,SHORT,2022-11-19T01:38:59.999Z,1208.81,2022-11-19T06:51:59.999Z,1207.73,1000.00,0.89,0.0893,239.87
1560,SHORT,2022-11-19T08:25:59.999Z,1205.37,2022-11-19T08:47:59.999Z,1208.05,1000.00,-2.22,-0.2223,237.64
1561,SHORT,2022-11-19T12:49:59.999Z,1208.13,2022-11-19T15:12:59.999Z,1209.48,1000.00,-1.12,-0.1117,236.53
1562,SHORT,2022-11-19T15:28:59.999Z,1208.31,2022-11-19T15:29:59.999Z,1208.72,1000.00,-0.34,-0.0339,236.19
1563,SHORT,2022-11-19T17:32:59.999Z,1207.73,2022-11-19T19:24:59.999Z,1209.24,1000.00,-1.25,-0.1250,234.94
1564,SHORT,2022-11-20T02:09:59.999Z,1218.82,2022-11-20T02:35:59.999Z,1220.70,1000.00,-1.54,-0.1542,233.39
1565,SHORT,2022-11-20T02:56:59.999Z,1218.99,2022-11-20T04:19:59.999Z,1220.51,1000.00,-1.25,-0.1247,232.15
1566,SHORT,2022-11-20T05:10:59.999Z,1218.03,2022-11-20T06:43:59.999Z,1219.65,1000.00,-1.33,-0.1330,230.82
1567,SHORT,2022-11-20T07:21:59.999Z,1217.98,2022-11-20T07:32:59.999Z,1219.57,1000.00,-1.31,-0.1305,229.51
1568,SHORT,2022-11-20T08:40:59.999Z,1205.68,2022-11-20T15:54:59.999Z,1177.69,1000.00,23.22,2.3215,252.73
1569,SHORT,2022-11-20T16:14:59.999Z,1174.51,2022-11-20T18:26:59.999Z,1176.41,1000.00,-1.62,-0.1618,251.11
1570,SHORT,2022-11-20T21:01:59.999Z,1175.26,2022-11-21T04:20:59.999Z,1133.83,1000.00,35.25,3.5252,286.36
1571,SHORT,2022-11-21T06:57:59.999Z,1129.20,2022-11-21T11:01:59.999Z,1130.36,1000.00,-1.03,-0.1027,285.33
1572,SHORT,2022-11-21T12:19:59.999Z,1121.07,2022-11-21T12:54:59.999Z,1127.95,1000.00,-6.14,-0.6137,279.20
1573,SHORT,2022-11-21T16:02:59.999Z,1130.37,2022-11-21T20:53:59.999Z,1107.38,1000.00,20.34,2.0338,299.54
1574,SHORT,2022-11-21T21:47:59.999Z,1090.23,2022-11-21T22:30:59.999Z,1116.82,1000.00,-24.39,-2.4389,275.15
1575,SHORT,2022-11-22T01:20:59.999Z,1106.90,2022-11-22T03:08:59.999Z,1110.91,1000.00,-3.62,-0.3623,271.52
1576,SHORT,2022-11-22T04:14:59.999Z,1104.36,2022-11-22T04:17:59.999Z,1106.11,1000.00,-1.58,-0.1585,269.94
1577,SHORT,2022-11-22T04:19:59.999Z,1105.23,2022-11-22T11:00:59.999Z,1092.04,1000.00,11.93,1.1934,281.87
1578,SHORT,2022-11-22T11:38:59.999Z,1083.45,2022-11-22T12:22:59.999Z,1095.69,1000.00,-11.30,-1.1297,270.58
1579,SHORT,2022-11-22T17:46:59.999Z,1119.80,2022-11-22T19:01:59.999Z,1127.60,1000.00,-6.97,-0.6966,263.61
1580,SHORT,2022-11-22T21:14:59.999Z,1124.08,2022-11-22T21:49:59.999Z,1130.29,1000.00,-5.52,-0.5525,258.09
1581,SHORT,2022-11-23T01:17:59.999Z,1130.77,2022-11-23T02:19:59.999Z,1141.41,1000.00,-9.41,-0.9410,248.68
1582,SHORT,2022-11-23T12:57:59.999Z,1166.43,2022-11-23T18:44:59.999Z,1161.47,1000.00,4.25,0.4252,252.93
1583,SHORT,2022-11-24T08:23:59.999Z,1200.16,2022-11-24T13:48:59.999Z,1198.78,1000.00,1.15,0.1150,254.08
1584,SHORT,2022-11-24T14:18:59.999Z,1187.80,2022-11-24T16:10:59.999Z,1199.63,1000.00,-9.96,-0.9960,244.12
1585,SHORT,2022-11-24T20:37:59.999Z,1198.88,2022-11-24T22:35:59.999Z,1202.31,1000.00,-2.86,-0.2861,241.26
1586,SHORT,2022-11-25T00:20:59.999Z,1198.32,2022-11-25T07:12:59.999Z,1182.06,1000.00,13.57,1.3569,254.83
1587,SHORT,2022-11-25T08:41:59.999Z,1179.85,2022-11-25T09:12:59.999Z,1183.99,1000.00,-3.51,-0.3509,251.32
1588,SHORT,2022-11-25T09:44:59.999Z,1180.41,2022-11-25T10:37:59.999Z,1186.84,1000.00,-5.45,-0.5447,245.87
1589,SHORT,2022-11-25T14:05:59.999Z,1187.71,2022-11-25T15:02:59.999Z,1193.90,1000.00,-5.21,-0.5212,240.66
1590,SHORT,2022-11-25T16:10:59.999Z,1188.70,2022-11-25T17:28:59.999Z,1190.97,1000.00,-1.91,-0.1910,238.75
1591,SHORT,2022-11-26T00:24:59.999Z,1197.46,2022-11-26T00:32:59.999Z,1204.58,1000.00,-5.95,-0.5946,232.80
1592,SHORT,2022-11-26T06:29:59.999Z,1217.15,2022-11-26T08:03:59.999Z,1220.02,1000.00,-2.36,-0.2358,230.45
1593,SHORT,2022-11-26T08:42:59.999Z,1216.00,2022-11-26T09:11:59.999Z,1219.66,1000.00,-3.01,-0.3010,227.44
1594,SHORT,2022-11-26T12:39:59.999Z,1217.80,2022-11-26T13:33:59.999Z,1222.22,1000.00,-3.63,-0.3629,223.81
1595,SHORT,2022-11-26T14:57:59.999Z,1212.41,2022-11-26T21:27:59.999Z,1211.09,1000.00,1.09,0.1089,224.89
1596,SHORT,2022-11-26T22:24:59.999Z,1206.23,2022-11-27T01:09:59.999Z,1208.11,1000.00,-1.56,-0.1559,223.34
1597,SHORT,2022-11-27T08:02:59.999Z,1216.59,2022-11-27T08:13:59.999Z,1219.62,1000.00,-2.49,-0.2491,220.85
1598,SHORT,2022-11-27T08:26:59.999Z,1214.50,2022-11-27T10:44:59.999Z,1218.79,1000.00,-3.53,-0.3532,217.31
1599,SHORT,2022-11-27T13:15:59.999Z,1212.02,2022-11-27T14:27:59.999Z,1215.20,1000.00,-2.62,-0.2624,214.69
1600,SHORT,2022-11-27T14:33:59.999Z,1213.48,2022-11-27T15:38:59.999Z,1216.68,1000.00,-2.64,-0.2637,212.05
1601,SHORT,2022-11-27T17:24:59.999Z,1213.49,2022-11-27T18:05:59.999Z,1217.16,1000.00,-3.02,-0.3024,209.03
1602,SHORT,2022-11-27T19:41:59.999Z,1211.98,2022-11-27T21:37:59.999Z,1215.75,1000.00,-3.11,-0.3111,205.92
1603,SHORT,2022-11-27T23:04:59.999Z,1204.68,2022-11-28T07:00:59.999Z,1174.17,1000.00,25.33,2.5326,231.24
1604,SHORT,2022-11-28T07:44:59.999Z,1171.58,2022-11-28T07:57:59.999Z,1173.24,1000.00,-1.42,-0.1417,229.83
1605,SHORT,2022-11-28T08:16:59.999Z,1171.91,2022-11-28T08:31:59.999Z,1174.92,1000.00,-2.57,-0.2568,227.26
1606,SHORT,2022-11-28T09:31:59.999Z,1171.58,2022-11-28T12:14:59.999Z,1173.65,1000.00,-1.77,-0.1767,225.49
1607,SHORT,2022-11-28T12:56:59.999Z,1170.24,2022-11-28T13:38:59.999Z,1172.28,1000.00,-1.74,-0.1743,223.75
1608,SHORT,2022-11-28T13:45:59.999Z,1170.38,2022-11-28T14:34:59.999Z,1174.80,1000.00,-3.78,-0.3777,219.97
1609,SHORT,2022-11-28T15:02:59.999Z,1168.77,2022-11-28T16:56:59.999Z,1181.10,1000.00,-10.55,-1.0550,209.42
1610,SHORT,2022-11-28T19:04:59.999Z,1167.50,2022-11-28T19:49:59.999Z,1172.36,1000.00,-4.16,-0.4163,205.26
1611,SHORT,2022-11-28T23:03:59.999Z,1167.31,2022-11-29T01:43:59.999Z,1175.51,1000.00,-7.02,-0.7025,198.23
1612,SHORT,2022-11-29T13:13:59.999Z,1212.58,2022-11-29T18:52:59.999Z,1212.36,1000.00,0.18,0.0181,198.42
1613,SHORT,2022-11-29T23:39:59.999Z,1217.12,2022-11-30T00:37:59.999Z,1223.43,1000.00,-5.18,-0.5184,193.23
1614,SHORT,2022-11-30T08:48:59.999Z,1268.24,2022-11-30T12:19:59.999Z,1268.13,1000.00,0.09,0.0087,193.32
1615,SHORT,2022-11-30T12:21:59.999Z,1266.51,2022-11-30T14:58:59.999Z,1267.14,1000.00,-0.50,-0.0497,192.82
1616,SHORT,2022-11-30T15:02:59.999Z,1262.87,2022-11-30T15:11:59.999Z,1267.11,1000.00,-3.36,-0.3357,189.46
1617,SHORT,2022-11-30T15:15:59.999Z,1264.64,2022-11-30T15:52:59.999Z,1266.87,1000.00,-1.76,-0.1763,187.70
1618,SHORT,2022-11-30T17:37:59.999Z,1263.09,2022-11-30T18:36:59.999Z,1271.63,1000.00,-6.76,-0.6761,180.94
1619,SHORT,2022-12-01T00:33:59.999Z,1289.14,2022-12-01T10:06:59.999Z,1284.95,1000.00,3.25,0.3250,184.19
1620,SHORT,2022-12-01T10:56:59.999Z,1280.19,2022-12-01T12:03:59.999Z,1283.80,1000.00,-2.82,-0.2820,181.37
1621,SHORT,2022-12-01T13:52:59.999Z,1275.31,2022-12-01T17:59:59.999Z,1274.84,1000.00,0.37,0.0369,181.74
1622,SHORT,2022-12-01T20:42:59.999Z,1273.87,2022-12-01T20:44:59.999Z,1275.30,1000.00,-1.12,-0.1123,180.62
1623,SHORT,2022-12-01T20:45:59.999Z,1274.55,2022-12-01T21:54:59.999Z,1276.92,1000.00,-1.86,-0.1859,178.76
1624,SHORT,2022-12-01T23:53:59.999Z,1275.39,2022-12-02T00:01:59.999Z,1276.15,1000.00,-0.60,-0.0596,178.16
1625,SHORT,2022-12-02T00:02:59.999Z,1275.50,2022-12-02T00:40:59.999Z,1278.73,1000.00,-2.53,-0.2532,175.63
1626,SHORT,2022-12-02T01:52:59.999Z,1271.23,2022-12-02T05:18:59.999Z,1273.22,1000.00,-1.57,-0.1565,174.06
1627,SHORT,2022-12-02T05:42:59.999Z,1272.26,2022-12-02T05:54:59.999Z,1273.34,1000.00,-0.85,-0.0849,173.21
1628,SHORT,2022-12-02T06:58:59.999Z,1271.24,2022-12-02T07:41:59.999Z,1275.29,1000.00,-3.19,-0.3186,170.03
1629,SHORT,2022-12-02T13:39:59.999Z,1276.61,2022-12-02T17:22:59.999Z,1282.76,1000.00,-4.82,-0.4817,165.21
1630,SHORT,2022-12-03T01:07:59.999Z,1287.97,2022-12-03T04:40:59.999Z,1287.77,1000.00,0.16,0.0155,165.37
1631,SHORT,2022-12-03T06:12:59.999Z,1283.79,2022-12-03T13:11:59.999Z,1273.23,1000.00,8.23,0.8226,173.59
1632,SHORT,2022-12-03T13:48:59.999Z,1270.41,2022-12-03T15:25:59.999Z,1273.87,1000.00,-2.72,-0.2724,170.87
1633,SHORT,2022-12-03T16:29:59.999Z,1269.64,2022-12-03T18:06:59.999Z,1270.74,1000.00,-0.87,-0.0866,170.00
1634,SHORT,2022-12-03T18:42:59.999Z,1269.40,2022-12-03T19:07:59.999Z,1270.14,1000.00,-0.58,-0.0583,169.42
1635,SHORT,2022-12-03T19:10:59.999Z,1269.04,2022-12-04T00:57:59.999Z,1251.12,1000.00,14.12,1.4121,183.54
1636,SHORT,2022-12-04T06:44:59.999Z,1257.42,2022-12-04T08:33:59.999Z,1261.91,1000.00,-3.57,-0.3571,179.97
1637,SHORT,2022-12-04T10:03:59.999Z,1257.01,2022-12-04T14:56:59.999Z,1258.93,1000.00,-1.53,-0.1527,178.44
1638,SHORT,2022-12-04T17:41:59.999Z,1257.95,2022-12-04T17:52:59.999Z,1260.22,1000.00,-1.80,-0.1805,176.64
1639,SHORT,2022-12-05T09:49:59.999Z,1295.95,2022-12-05T22:37:59.999Z,1259.86,1000.00,27.85,2.7848,204.48
1640,SHORT,2022-12-05T23:23:59.999Z,1256.32,2022-12-05T23:40:59.999Z,1259.61,1000.00,-2.62,-0.2619,201.87
1641,SHORT,2022-12-06T04:00:59.999Z,1262.69,2022-12-06T07:15:59.999Z,1262.07,1000.00,0.49,0.0491,202.36
1642,SHORT,2022-12-06T07:48:59.999Z,1258.96,2022-12-06T08:06:59.999Z,1262.70,1000.00,-2.97,-0.2971,199.39
1643,SHORT,2022-12-06T08:34:59.999Z,1256.65,2022-12-06T08:56:59.999Z,1263.05,1000.00,-5.09,-0.5093,194.29
1644,SHORT,2022-12-06T09:21:59.999Z,1258.39,2022-12-06T12:28:59.999Z,1257.86,1000.00,0.42,0.0421,194.71
1645,SHORT,2022-12-06T13:57:59.999Z,1254.32,2022-12-06T16:12:59.999Z,1256.02,1000.00,-1.36,-0.1355,193.36
1646,SHORT,2022-12-06T16:18:59.999Z,1254.41,2022-12-06T16:20:59.999Z,1255.66,1000.00,-1.00,-0.0996,192.36
1647,SHORT,2022-12-06T17:15:59.999Z,1251.73,2022-12-06T20:50:59.999Z,1253.62,1000.00,-1.51,-0.1510,190.85
1648,SHORT,2022-12-07T03:11:59.999Z,1264.14,2022-12-07T13:27:59.999Z,1233.21,1000.00,24.47,2.4467,215.32
1649,SHORT,2022-12-07T15:44:59.999Z,1229.47,2022-12-07T15:53:59.999Z,1233.67,1000.00,-3.42,-0.3416,211.90
1650,SHORT,2022-12-07T16:29:59.999Z,1230.01,2022-12-07T17:56:59.999Z,1231.38,1000.00,-1.11,-0.1114,210.79
1651,SHORT,2022-12-07T19:10:59.999Z,1230.82,2022-12-07T19:16:59.999Z,1231.79,1000.00,-0.79,-0.0788,210.00
1652,SHORT,2022-12-07T19:17:59.999Z,1231.10,2022-12-07T19:52:59.999Z,1231.93,1000.00,-0.67,-0.0674,209.33
1653,SHORT,2022-12-07T20:06:59.999Z,1230.96,2022-12-07T20:20:59.999Z,1231.95,1000.00,-0.80,-0.0804,208.52
1654,SHORT,2022-12-07T21:28:59.999Z,1231.04,2022-12-07T23:17:59.999Z,1232.75,1000.00,-1.39,-0.1389,207.13
1655,SHORT,2022-12-08T00:59:59.999Z,1227.17,2022-12-08T02:44:59.999Z,1236.50,1000.00,-7.60,-0.7603,199.53
1656,SHORT,2022-12-08T04:24:59.999Z,1227.02,2022-12-08T07:10:59.999Z,1231.41,1000.00,-3.58,-0.3578,195.95
1657,SHORT,2022-12-08T09:51:59.999Z,1230.78,2022-12-08T10:21:59.999Z,1234.34,1000.00,-2.89,-0.2892,193.06
1658,SHORT,2022-12-09T00:23:59.999Z,1276.70,2022-12-09T01:30:59.999Z,1286.06,1000.00,-7.33,-0.7331,185.73
1659,SHORT,2022-12-09T05:33:59.999Z,1281.36,2022-12-09T07:31:59.999Z,1283.10,1000.00,-1.36,-0.1358,184.37
1660,SHORT,2022-12-09T08:21:59.999Z,1279.63,2022-12-09T09:49:59.999Z,1283.41,1000.00,-2.95,-0.2954,181.42
1661,SHORT,2022-12-09T13:19:59.999Z,1281.88,2022-12-09T23:38:59.999Z,1264.26,1000.00,13.75,1.3745,195.16
1662,SHORT,2022-12-09T23:45:59.999Z,1262.33,2022-12-10T00:26:59.999Z,1266.10,1000.00,-2.99,-0.2987,192.18
1663,SHORT,2022-12-10T00:46:59.999Z,1263.00,2022-12-10T00:51:59.999Z,1263.97,1000.00,-0.77,-0.0768,191.41
1664,SHORT,2022-12-10T02:39:59.999Z,1263.93,2022-12-10T03:59:59.999Z,1265.20,1000.00,-1.00,-0.1005,190.40
1665,SHORT,2022-12-10T05:22:59.999Z,1263.95,2022-12-10T05:36:59.999Z,1264.86,1000.00,-0.72,-0.0720,189.68
1666,SHORT,2022-12-10T05:43:59.999Z,1264.17,2022-12-10T06:34:59.999Z,1265.72,1000.00,-1.23,-0.1226,188.46
1667,SHORT,2022-12-10T06:44:59.999Z,1264.21,2022-12-10T06:51:59.999Z,1265.52,1000.00,-1.04,-0.1036,187.42
1668,SHORT,2022-12-10T08:39:59.999Z,1263.88,2022-12-10T10:05:59.999Z,1265.82,1000.00,-1.53,-0.1535,185.89
1669,SHORT,2022-12-10T13:32:59.999Z,1265.09,2022-12-10T13:40:59.999Z,1266.54,1000.00,-1.15,-0.1146,184.74
1670,SHORT,2022-12-10T17:53:59.999Z,1270.65,2022-12-10T19:17:59.999Z,1274.17,1000.00,-2.77,-0.2770,181.97
1671,SHORT,2022-12-10T19:27:59.999Z,1270.73,2022-12-10T20:22:59.999Z,1273.19,1000.00,-1.94,-0.1936,180.03
1672,SHORT,2022-12-10T21:29:59.999Z,1271.59,2022-12-11T01:17:59.999Z,1269.88,1000.00,1.34,0.1345,181.38
1673,SHORT,2022-12-11T01:35:59.999Z,1268.01,2022-12-11T01:38:59.999Z,1268.78,1000.00,-0.61,-0.0607,180.77
1674,SHORT,2022-12-11T09:03:59.999Z,1274.15,2022-12-11T12:45:59.999Z,1273.58,1000.00,0.45,0.0447,181.22
1675,SHORT,2022-12-11T14:02:59.999Z,1271.89,2022-12-11T15:33:59.999Z,1273.27,1000.00,-1.08,-0.1085,180.13
1676,SHORT,2022-12-11T16:19:59.999Z,1271.29,2022-12-11T16:41:59.999Z,1273.37,1000.00,-1.64,-0.1636,178.50
1677,SHORT,2022-12-11T20:07:59.999Z,1272.28,2022-12-12T09:01:59.999Z,1248.50,1000.00,18.69,1.8691,197.19
1678,SHORT,2022-12-12T12:32:59.999Z,1247.43,2022-12-12T15:04:59.999Z,1252.78,1000.00,-4.29,-0.4289,192.90
1679,SHORT,2022-12-12T15:57:59.999Z,1249.09,2022-12-12T16:32:59.999Z,1252.10,1000.00,-2.41,-0.2410,190.49
1680,SHORT,2022-12-13T01:05:59.999Z,1269.33,2022-12-13T03:19:59.999Z,1272.00,1000.00,-2.10,-0.2103,188.39
1681,SHORT,2022-12-13T04:05:59.999Z,1268.58,2022-12-13T04:10:59.999Z,1271.90,1000.00,-2.62,-0.2617,185.77
1682,SHORT,2022-12-13T06:49:59.999Z,1267.74,2022-12-13T09:35:59.999Z,1268.46,1000.00,-0.57,-0.0568,185.20
1683,SHORT,2022-12-13T17:19:59.999Z,1316.74,2022-12-13T20:56:59.999Z,1318.88,1000.00,-1.63,-0.1625,183.58
1684,SHORT,2022-12-13T22:35:59.999Z,1315.25,2022-12-13T22:51:59.999Z,1318.85,1000.00,-2.74,-0.2737,180.84
1685,SHORT,2022-12-14T02:17:59.999Z,1318.67,2022-12-14T03:11:59.999Z,1322.25,1000.00,-2.71,-0.2715,178.13
1686,SHORT,2022-12-14T04:11:59.999Z,1319.39,2022-12-14T06:11:59.999Z,1320.88,1000.00,-1.13,-0.1129,177.00
1687,SHORT,2022-12-14T09:42:59.999Z,1319.80,2022-12-14T10:24:59.999Z,1323.53,1000.00,-2.83,-0.2826,174.17
1688,SHORT,2022-12-14T18:05:59.999Z,1333.82,2022-12-14T18:14:59.999Z,1338.54,1000.00,-3.54,-0.3539,170.63
1689,SHORT,2022-12-14T19:05:59.999Z,1319.09,2022-12-15T11:33:59.999Z,1290.29,1000.00,21.83,2.1833,192.46
1690,SHORT,2022-12-15T12:52:59.999Z,1285.99,2022-12-15T19:30:59.999Z,1273.29,1000.00,9.88,0.9876,202.34
1691,SHORT,2022-12-15T21:09:59.999Z,1269.79,2022-12-16T00:17:59.999Z,1269.34,1000.00,0.35,0.0354,202.69
1692,SHORT,2022-12-16T05:03:59.999Z,1269.55,2022-12-16T06:59:59.999Z,1271.13,1000.00,-1.24,-0.1245,201.45
1693,SHORT,2022-12-16T08:53:59.999Z,1262.78,2022-12-16T14:54:59.999Z,1216.40,1000.00,36.73,3.6728,238.18
1694,SHORT,2022-12-16T15:06:59.999Z,1211.35,2022-12-16T19:52:59.999Z,1202.39,1000.00,7.40,0.7397,245.57
1695,SHORT,2022-12-16T21:36:59.999Z,1197.07,2022-12-17T03:34:59.999Z,1173.85,1000.00,19.40,1.9397,264.97
1696,SHORT,2022-12-17T06:25:59.999Z,1175.25,2022-12-17T06:28:59.999Z,1176.28,1000.00,-0.88,-0.0876,264.10
1697,SHORT,2022-12-17T09:29:59.999Z,1178.16,2022-12-17T11:00:59.999Z,1185.58,1000.00,-6.30,-0.6298,257.80
1698,SHORT,2022-12-17T12:56:59.999Z,1178.83,2022-12-17T14:21:59.999Z,1180.91,1000.00,-1.76,-0.1764,256.03
1699,SHORT,2022-12-17T14:54:59.999Z,1177.53,2022-12-17T15:46:59.999Z,1180.08,1000.00,-2.17,-0.2166,253.87
1700,SHORT,2022-12-17T16:15:59.999Z,1177.17,2022-12-17T18:49:59.999Z,1179.00,1000.00,-1.55,-0.1555,252.31
1701,SHORT,2022-12-17T19:41:59.999Z,1176.29,2022-12-17T20:16:59.999Z,1178.10,1000.00,-1.54,-0.1539,250.77
1702,SHORT,2022-12-17T20:29:59.999Z,1175.45,2022-12-17T20:59:59.999Z,1177.66,1000.00,-1.88,-0.1880,248.89
1703,SHORT,2022-12-17T21:00:59.999Z,1177.02,2022-12-17T21:06:59.999Z,1178.70,1000.00,-1.43,-0.1427,247.47
1704,SHORT,2022-12-17T22:26:59.999Z,1177.51,2022-12-17T22:39:59.999Z,1179.61,1000.00,-1.78,-0.1783,245.68
1705,SHORT,2022-12-18T01:32:59.999Z,1181.94,2022-12-18T02:12:59.999Z,1184.49,1000.00,-2.16,-0.2157,243.53
1706,SHORT,2022-12-18T06:02:59.999Z,1186.58,2022-12-18T08:08:59.999Z,1188.35,1000.00,-1.49,-0.1492,242.03
1707,SHORT,2022-12-18T08:39:59.999Z,1186.90,2022-12-18T08:40:59.999Z,1187.19,1000.00,-0.24,-0.0244,241.79
1708,SHORT,2022-12-18T09:12:59.999Z,1186.09,2022-12-18T11:48:59.999Z,1182.86,1000.00,2.72,0.2723,244.51
1709,SHORT,2022-12-18T11:54:59.999Z,1181.54,2022-12-18T12:00:59.999Z,1182.75,1000.00,-1.02,-0.1024,243.49
1710,SHORT,2022-12-18T12:17:59.999Z,1181.33,2022-12-18T12:51:59.999Z,1183.60,1000.00,-1.92,-0.1922,241.57
1711,SHORT,2022-12-18T13:01:59.999Z,1181.33,2022-12-18T17:06:59.999Z,1178.16,1000.00,2.68,0.2683,244.25
1712,SHORT,2022-12-18T17:15:59.999Z,1176.52,2022-12-18T17:36:59.999Z,1177.73,1000.00,-1.03,-0.1028,243.22
1713,SHORT,2022-12-19T00:07:59.999Z,1181.99,2022-12-19T00:21:59.999Z,1188.38,1000.00,-5.41,-0.5406,237.82
1714,SHORT,2022-12-19T02:30:59.999Z,1184.95,2022-12-19T08:26:59.999Z,1182.48,1000.00,2.08,0.2084,239.90
1715,SHORT,2022-12-19T11:58:59.999Z,1183.30,2022-12-19T12:39:59.999Z,1187.68,1000.00,-3.70,-0.3702,236.20
1716,SHORT,2022-12-19T13:42:59.999Z,1183.24,2022-12-19T15:13:59.999Z,1186.41,1000.00,-2.68,-0.2679,233.52
1717,SHORT,2022-12-19T15:53:59.999Z,1180.69,2022-12-19T20:48:59.999Z,1174.82,1000.00,4.97,0.4972,238.49
1718,SHORT,2022-12-19T22:31:59.999Z,1166.41,2022-12-20T00:41:59.999Z,1173.26,1000.00,-5.87,-0.5873,232.62
1719,SHORT,2022-12-20T14:05:59.999Z,1210.25,2022-12-20T15:01:59.999Z,1220.10,1000.00,-8.14,-0.8139,224.48
1720,SHORT,2022-12-20T16:25:59.999Z,1209.77,2022-12-20T18:38:59.999Z,1216.25,1000.00,-5.36,-0.5356,219.12
1721,SHORT,2022-12-20T21:11:59.999Z,1213.31,2022-12-20T22:11:59.999Z,1216.23,1000.00,-2.41,-0.2407,216.72
1722,SHORT,2022-12-21T00:19:59.999Z,1211.89,2022-12-21T05:54:59.999Z,1211.26,1000.00,0.52,0.0520,217.24
1723,SHORT,2022-12-21T08:13:59.999Z,1210.14,2022-12-21T08:51:59.999Z,1213.57,1000.00,-2.83,-0.2834,214.40
1724,SHORT,2022-12-21T12:28:59.999Z,1213.49,2022-12-21T14:22:59.999Z,1215.20,1000.00,-1.41,-0.1409,212.99
1725,SHORT,2022-12-21T14:34:59.999Z,1212.17,2022-12-21T14:45:59.999Z,1216.51,1000.00,-3.58,-0.3580,209.41
1726,SHORT,2022-12-21T14:59:59.999Z,1211.10,2022-12-21T15:42:59.999Z,1215.70,1000.00,-3.80,-0.3798,205.62
1727,SHORT,2022-12-21T16:28:59.999Z,1213.49,2022-12-21T21:25:59.999Z,1211.61,1000.00,1.55,0.1549,207.16
1728,SHORT,2022-12-21T23:03:59.999Z,1208.88,2022-12-21T23:13:59.999Z,1213.73,1000.00,-4.01,-0.4012,203.15
1729,SHORT,2022-12-22T04:15:59.999Z,1212.26,2022-12-22T07:48:59.999Z,1212.96,1000.00,-0.58,-0.0577,202.58
1730,SHORT,2022-12-22T12:43:59.999Z,1215.76,2022-12-22T19:31:59.999Z,1193.60,1000.00,18.23,1.8227,220.80
1731,SHORT,2022-12-23T06:21:59.999Z,1221.16,2022-12-23T07:05:59.999Z,1222.59,1000.00,-1.17,-0.1171,219.63
1732,SHORT,2022-12-23T08:07:59.999Z,1217.68,2022-12-23T10:21:59.999Z,1221.64,1000.00,-3.25,-0.3252,216.38
1733,SHORT,2022-12-23T14:04:59.999Z,1218.37,2022-12-23T15:44:59.999Z,1222.82,1000.00,-3.65,-0.3652,212.73
1734,SHORT,2022-12-23T16:00:59.999Z,1218.86,2022-12-23T18:10:59.999Z,1220.69,1000.00,-1.50,-0.1501,211.23
1735,SHORT,2022-12-23T18:50:59.999Z,1218.55,2022-12-23T19:30:59.999Z,1219.85,1000.00,-1.07,-0.1067,210.16
1736,SHORT,2022-12-23T20:56:59.999Z,1218.76,2022-12-23T21:03:59.999Z,1219.45,1000.00,-0.57,-0.0566,209.59
1737,SHORT,2022-12-23T21:04:59.999Z,1219.21,2022-12-23T21:39:59.999Z,1220.75,1000.00,-1.26,-0.1263,208.33
1738,SHORT,2022-12-23T22:32:59.999Z,1218.46,2022-12-23T23:30:59.999Z,1220.36,1000.00,-1.56,-0.1559,206.77
1739,SHORT,2022-12-24T01:13:59.999Z,1218.28,2022-12-24T04:01:59.999Z,1218.99,1000.00,-0.58,-0.0583,206.19
1740,SHORT,2022-12-24T04:36:59.999Z,1217.72,2022-12-24T07:25:59.999Z,1217.92,1000.00,-0.16,-0.0164,206.02
1741,SHORT,2022-12-24T09:30:59.999Z,1217.66,2022-12-24T09:55:59.999Z,1218.96,1000.00,-1.07,-0.1068,204.96
1742,SHORT,2022-12-24T12:42:59.999Z,1218.49,2022-12-24T13:34:59.999Z,1218.97,1000.00,-0.39,-0.0394,204.56
1743,SHORT,2022-12-24T13:54:59.999Z,1218.26,2022-12-24T14:36:59.999Z,1218.79,1000.00,-0.44,-0.0435,204.13
1744,SHORT,2022-12-24T15:06:59.999Z,1218.09,2022-12-24T15:48:59.999Z,1219.25,1000.00,-0.95,-0.0952,203.17
1745,SHORT,2022-12-24T21:37:59.999Z,1221.32,2022-12-24T23:42:59.999Z,1221.60,1000.00,-0.23,-0.0229,202.94
1746,SHORT,2022-12-25T00:12:59.999Z,1220.23,2022-12-25T00:23:59.999Z,1220.93,1000.00,-0.57,-0.0574,202.37
1747,SHORT,2022-12-25T02:33:59.999Z,1220.52,2022-12-25T03:40:59.999Z,1221.77,1000.00,-1.02,-0.1024,201.35
1748,SHORT,2022-12-25T04:10:59.999Z,1220.96,2022-12-25T08:05:59.999Z,1220.07,1000.00,0.73,0.0729,202.08
1749,SHORT,2022-12-25T10:26:59.999Z,1219.02,2022-12-25T21:26:59.999Z,1214.45,1000.00,3.75,0.3749,205.82
1750,SHORT,2022-12-26T06:00:59.999Z,1220.29,2022-12-26T07:43:59.999Z,1221.00,1000.00,-0.58,-0.0582,205.24
1751,SHORT,2022-12-26T08:17:59.999Z,1219.28,2022-12-26T09:41:59.999Z,1220.53,1000.00,-1.03,-0.1025,204.22
1752,SHORT,2022-12-26T10:07:59.999Z,1219.45,2022-12-26T10:31:59.999Z,1222.05,1000.00,-2.13,-0.2132,202.09
1753,SHORT,2022-12-26T11:11:59.999Z,1219.02,2022-12-26T11:29:59.999Z,1220.74,1000.00,-1.41,-0.1411,200.67
1754,SHORT,2022-12-26T12:15:59.999Z,1219.77,2022-12-26T19:22:59.999Z,1218.69,1000.00,0.89,0.0885,201.56
1755,SHORT,2022-12-27T03:23:59.999Z,1222.89,2022-12-27T04:57:59.999Z,1224.43,1000.00,-1.26,-0.1259,200.30
1756,SHORT,2022-12-27T05:51:59.999Z,1222.70,2022-12-27T06:54:59.999Z,1224.21,1000.00,-1.23,-0.1235,199.07
1757,SHORT,2022-12-27T07:19:59.999Z,1222.96,2022-12-27T07:22:59.999Z,1223.93,1000.00,-0.79,-0.0793,198.27
1758,SHORT,2022-12-27T07:39:59.999Z,1222.41,2022-12-27T10:12:59.999Z,1222.49,1000.00,-0.07,-0.0065,198.21
1759,SHORT,2022-12-27T11:22:59.999Z,1219.10,2022-12-27T19:58:59.999Z,1211.11,1000.00,6.55,0.6554,204.76
1760,SHORT,2022-12-27T21:14:59.999Z,1208.60,2022-12-27T21:57:59.999Z,1211.09,1000.00,-2.06,-0.2060,202.70
1761,SHORT,2022-12-28T00:27:59.999Z,1210.17,2022-12-28T09:40:59.999Z,1196.45,1000.00,11.34,1.1337,214.04
1762,SHORT,2022-12-28T12:19:59.999Z,1194.36,2022-12-28T14:34:59.999Z,1203.84,1000.00,-7.94,-0.7937,206.10
1763,SHORT,2022-12-28T15:47:59.999Z,1192.81,2022-12-28T18:00:59.999Z,1196.97,1000.00,-3.49,-0.3488,202.61
1764,SHORT,2022-12-28T19:39:59.999Z,1194.40,2022-12-29T00:06:59.999Z,1191.82,1000.00,2.16,0.2160,204.77
1765,SHORT,2022-12-29T02:18:59.999Z,1188.98,2022-12-29T03:02:59.999Z,1191.39,1000.00,-2.03,-0.2027,202.75
1766,SHORT,2022-12-29T07:04:59.999Z,1193.37,2022-12-29T07:55:59.999Z,1194.87,1000.00,-1.26,-0.1257,201.49
1767,SHORT,2022-12-29T08:24:59.999Z,1192.11,2022-12-29T09:23:59.999Z,1200.03,1000.00,-6.64,-0.6644,194.85
1768,SHORT,2022-12-29T16:11:59.999Z,1199.17,2022-12-29T19:13:59.999Z,1201.99,1000.00,-2.35,-0.2352,192.49
1769,SHORT,2022-12-29T19:30:59.999Z,1197.86,2022-12-29T22:42:59.999Z,1198.53,1000.00,-0.56,-0.0559,191.93
1770,SHORT,2022-12-30T01:33:59.999Z,1198.02,2022-12-30T03:54:59.999Z,1198.45,1000.00,-0.36,-0.0359,191.58
1771,SHORT,2022-12-30T03:56:59.999Z,1197.78,2022-12-30T09:24:59.999Z,1194.21,1000.00,2.98,0.2981,194.56
1772,SHORT,2022-12-30T10:47:59.999Z,1190.94,2022-12-30T11:38:59.999Z,1193.00,1000.00,-1.73,-0.1730,192.83
1773,SHORT,2022-12-30T11:46:59.999Z,1191.09,2022-12-30T12:52:59.999Z,1193.22,1000.00,-1.79,-0.1788,191.04
1774,SHORT,2022-12-30T13:38:59.999Z,1190.43,2022-12-30T14:36:59.999Z,1192.93,1000.00,-2.10,-0.2100,188.94
1775,SHORT,2022-12-30T14:46:59.999Z,1190.14,2022-12-30T15:24:59.999Z,1195.23,1000.00,-4.28,-0.4277,184.66
1776,SHORT,2022-12-31T00:46:59.999Z,1198.36,2022-12-31T07:20:59.999Z,1195.53,1000.00,2.36,0.2362,187.02
1777,SHORT,2022-12-31T12:41:59.999Z,1196.54,2022-12-31T13:13:59.999Z,1197.45,1000.00,-0.76,-0.0761,186.26
1778,SHORT,2022-12-31T17:19:59.999Z,1199.66,2022-12-31T19:42:59.999Z,1202.92,1000.00,-2.72,-0.2717,183.55
1779,SHORT,2022-12-31T21:38:59.999Z,1200.88,2023-01-01T05:55:59.999Z,1194.27,1000.00,5.50,0.5504,189.05
1780,SHORT,2023-01-01T07:27:59.999Z,1193.39,2023-01-01T07:30:59.999Z,1194.24,1000.00,-0.71,-0.0712,188.34
1781,SHORT,2023-01-01T09:11:59.999Z,1194.33,2023-01-01T09:16:59.999Z,1194.70,1000.00,-0.31,-0.0310,188.03
1782,SHORT,2023-01-01T13:36:59.999Z,1193.55,2023-01-01T15:56:59.999Z,1196.72,1000.00,-2.66,-0.2656,185.37
1783,SHORT,2023-01-01T22:59:59.999Z,1201.03,2023-01-02T03:49:59.999Z,1198.91,1000.00,1.77,0.1765,187.14
1784,SHORT,2023-01-02T13:23:59.999Z,1215.84,2023-01-02T14:59:59.999Z,1216.78,1000.00,-0.77,-0.0773,186.36
1785,SHORT,2023-01-02T17:11:59.999Z,1216.01,2023-01-02T18:31:59.999Z,1217.76,1000.00,-1.44,-0.1439,184.92
1786,SHORT,2023-01-02T20:22:59.999Z,1217.38,2023-01-02T20:26:59.999Z,1218.00,1000.00,-0.51,-0.0509,184.42
1787,SHORT,2023-01-02T22:26:59.999Z,1217.72,2023-01-03T03:36:59.999Z,1215.69,1000.00,1.67,0.1667,186.08
1788,SHORT,2023-01-03T04:45:59.999Z,1213.60,2023-01-03T05:25:59.999Z,1215.20,1000.00,-1.32,-0.1318,184.76
1789,SHORT,2023-01-03T08:14:59.999Z,1215.19,2023-01-03T09:29:59.999Z,1216.31,1000.00,-0.92,-0.0922,183.84
1790,SHORT,2023-01-03T11:05:59.999Z,1215.77,2023-01-03T13:20:59.999Z,1216.73,1000.00,-0.79,-0.0790,183.05
1791,SHORT,2023-01-03T14:55:59.999Z,1212.55,2023-01-03T20:03:59.999Z,1210.00,1000.00,2.10,0.2103,185.16
1792,SHORT,2023-01-04T10:14:59.999Z,1249.29,2023-01-04T11:39:59.999Z,1250.83,1000.00,-1.23,-0.1233,183.92
1793,SHORT,2023-01-04T14:53:59.999Z,1250.37,2023-01-04T15:48:59.999Z,1254.13,1000.00,-3.01,-0.3007,180.92
1794,SHORT,2023-01-04T19:32:59.999Z,1251.87,2023-01-04T22:45:59.999Z,1254.92,1000.00,-2.44,-0.2436,178.48
1795,SHORT,2023-01-05T01:01:59.999Z,1254.89,2023-01-05T01:50:59.999Z,1256.52,1000.00,-1.30,-0.1299,177.18
1796,SHORT,2023-01-05T02:00:59.999Z,1254.47,2023-01-05T05:18:59.999Z,1254.07,1000.00,0.32,0.0319,177.50
1797,SHORT,2023-01-05T05:35:59.999Z,1253.01,2023-01-05T10:32:59.999Z,1251.20,1000.00,1.44,0.1445,178.94
1798,SHORT,2023-01-05T13:38:59.999Z,1249.14,2023-01-05T18:32:59.999Z,1250.97,1000.00,-1.47,-0.1465,177.48
1799,SHORT,2023-01-05T22:36:59.999Z,1251.24,2023-01-06T00:35:59.999Z,1254.10,1000.00,-2.29,-0.2286,175.19
1800,SHORT,2023-01-06T02:07:59.999Z,1249.27,2023-01-06T03:47:59.999Z,1252.83,1000.00,-2.85,-0.2850,172.34
1801,SHORT,2023-01-06T04:02:59.999Z,1251.37,2023-01-06T08:42:59.999Z,1249.33,1000.00,1.63,0.1630,173.97
1802,SHORT,2023-01-06T09:08:59.999Z,1247.29,2023-01-06T13:46:59.999Z,1250.56,1000.00,-2.62,-0.2622,171.35
1803,SHORT,2023-01-06T21:14:59.999Z,1265.76,2023-01-06T22:49:59.999Z,1268.59,1000.00,-2.24,-0.2236,169.12
1804,SHORT,2023-01-07T00:27:59.999Z,1267.56,2023-01-07T00:44:59.999Z,1269.26,1000.00,-1.34,-0.1341,167.78
1805,SHORT,2023-01-07T02:23:59.999Z,1267.44,2023-01-07T07:23:59.999Z,1265.85,1000.00,1.25,0.1254,169.03
1806,SHORT,2023-01-07T08:58:59.999Z,1264.67,2023-01-07T13:22:59.999Z,1264.69,1000.00,-0.02,-0.0016,169.01
1807,SHORT,2023-01-07T14:03:59.999Z,1262.83,2023-01-07T14:43:59.999Z,1264.43,1000.00,-1.27,-0.1267,167.75
1808,SHORT,2023-01-07T16:15:59.999Z,1263.39,2023-01-07T18:34:59.999Z,1263.76,1000.00,-0.29,-0.0293,167.45
1809,SHORT,2023-01-07T20:49:59.999Z,1263.26,2023-01-07T21:05:59.999Z,1264.55,1000.00,-1.02,-0.1021,166.43
1810,SHORT,2023-01-07T21:19:59.999Z,1263.91,2023-01-07T21:55:59.999Z,1265.01,1000.00,-0.87,-0.0870,165.56
1811,SHORT,2023-01-07T22:16:59.999Z,1263.39,2023-01-07T23:56:59.999Z,1264.27,1000.00,-0.70,-0.0697,164.87
1812,SHORT,2023-01-08T00:35:59.999Z,1261.81,2023-01-08T03:57:59.999Z,1262.82,1000.00,-0.80,-0.0800,164.07
1813,SHORT,2023-01-08T08:35:59.999Z,1262.53,2023-01-08T09:11:59.999Z,1263.49,1000.00,-0.76,-0.0760,163.30
1814,SHORT,2023-01-08T10:31:59.999Z,1262.76,2023-01-08T13:30:59.999Z,1263.37,1000.00,-0.48,-0.0483,162.82
1815,SHORT,2023-01-08T17:00:59.999Z,1264.49,2023-01-08T19:29:59.999Z,1266.06,1000.00,-1.24,-0.1242,161.58
1816,SHORT,2023-01-08T19:34:59.999Z,1265.16,2023-01-08T20:09:59.999Z,1268.08,1000.00,-2.31,-0.2308,159.27
1817,SHORT,2023-01-09T19:05:59.999Z,1331.12,2023-01-10T00:36:59.999Z,1324.40,1000.00,5.05,0.5048,164.32
1818,SHORT,2023-01-10T02:38:59.999Z,1319.60,2023-01-10T04:06:59.999Z,1324.25,1000.00,-3.52,-0.3524,160.80
1819,SHORT,2023-01-10T06:42:59.999Z,1322.70,2023-01-10T08:27:59.999Z,1327.49,1000.00,-3.62,-0.3621,157.18
1820,SHORT,2023-01-10T12:18:59.999Z,1327.59,2023-01-10T14:08:59.999Z,1335.45,1000.00,-5.92,-0.5921,151.26
1821,SHORT,2023-01-10T16:42:59.999Z,1328.53,2023-01-10T17:54:59.999Z,1331.89,1000.00,-2.53,-0.2529,148.73
1822,SHORT,2023-01-10T22:24:59.999Z,1338.02,2023-01-11T01:01:59.999Z,1338.37,1000.00,-0.26,-0.0262,148.46
1823,SHORT,2023-01-11T01:42:59.999Z,1336.04,2023-01-11T01:56:59.999Z,1337.91,1000.00,-1.40,-0.1400,147.06
1824,SHORT,2023-01-11T02:08:59.999Z,1335.81,2023-01-11T05:40:59.999Z,1333.47,1000.00,1.75,0.1752,148.82
1825,SHORT,2023-01-11T06:00:59.999Z,1329.49,2023-01-11T06:30:59.999Z,1333.02,1000.00,-2.66,-0.2655,146.16
1826,SHORT,2023-01-11T08:42:59.999Z,1332.07,2023-01-11T09:00:59.999Z,1334.45,1000.00,-1.79,-0.1787,144.37
1827,SHORT,2023-01-11T12:16:59.999Z,1334.24,2023-01-11T18:06:59.999Z,1333.24,1000.00,0.75,0.0749,145.12
1828,SHORT,2023-01-12T05:53:59.999Z,1396.69,2023-01-12T07:21:59.999Z,1400.40,1000.00,-2.66,-0.2656,142.47
1829,SHORT,2023-01-12T07:55:59.999Z,1398.97,2023-01-12T09:13:59.999Z,1400.58,1000.00,-1.15,-0.1151,141.32
1830,SHORT,2023-01-12T10:12:59.999Z,1398.10,2023-01-12T10:23:59.999Z,1401.33,1000.00,-2.31,-0.2310,139.01
1831,SHORT,2023-01-12T11:13:59.999Z,1397.27,2023-01-12T13:59:59.999Z,1405.15,1000.00,-5.64,-0.5640,133.37
1832,SHORT,2023-01-12T14:24:59.999Z,1391.39,2023-01-12T17:27:59.999Z,1394.12,1000.00,-1.96,-0.1962,131.41
1833,SHORT,2023-01-12T22:27:59.999Z,1419.41,2023-01-13T03:34:59.999Z,1414.09,1000.00,3.75,0.3748,135.15
1834,SHORT,2023-01-13T05:35:59.999Z,1408.76,2023-01-13T09:10:59.999Z,1411.00,1000.00,-1.59,-0.1590,133.56
1835,SHORT,2023-01-13T11:53:59.999Z,1409.36,2023-01-13T14:48:59.999Z,1410.73,1000.00,-0.97,-0.0972,132.59
1836,SHORT,2023-01-13T17:02:59.999Z,1411.18,2023-01-13T17:15:59.999Z,1413.43,1000.00,-1.59,-0.1594,131.00
1837,SHORT,2023-01-14T09:21:59.999Z,1514.92,2023-01-14T12:33:59.999Z,1540.85,1000.00,-17.12,-1.7116,113.88
1838,SHORT,2023-01-14T13:51:59.999Z,1529.70,2023-01-14T14:34:59.999Z,1542.74,1000.00,-8.52,-0.8525,105.36
1839,SHORT,2023-01-14T14:39:59.999Z,1524.66,2023-01-14T17:07:59.999Z,1528.38,1000.00,-2.44,-0.2440,102.92
1840,SHORT,2023-01-14T20:11:59.999Z,1527.89,2023-01-14T20:29:59.999Z,1532.82,1000.00,-3.23,-0.3227,99.69
1841,SHORT,2023-01-15T00:34:59.999Z,1519.12,2023-01-15T05:27:59.999Z,1528.77,1000.00,-6.35,-0.6352,93.34
1842,SHORT,2023-01-15T06:51:59.999Z,1526.54,2023-01-15T07:57:59.999Z,1528.46,1000.00,-1.26,-0.1258,92.08
1843,SHORT,2023-01-15T08:23:59.999Z,1522.35,2023-01-15T09:58:59.999Z,1530.09,1000.00,-5.08,-0.5084,86.99
1844,SHORT,2023-01-15T18:19:59.999Z,1542.87,2023-01-15T18:52:59.999Z,1549.52,1000.00,-4.31,-0.4310,82.68
1845,SHORT,2023-01-15T19:06:59.999Z,1543.10,2023-01-15T19:14:59.999Z,1549.99,1000.00,-4.47,-0.4465,78.22
1846,SHORT,2023-01-15T22:17:59.999Z,1546.42,2023-01-15T22:54:59.999Z,1559.34,1000.00,-8.35,-0.8355,69.86
1847,SHORT,2023-01-16T00:28:59.999Z,1545.12,2023-01-16T00:56:59.999Z,1557.74,1000.00,-8.17,-0.8168,61.70
1848,SHORT,2023-01-16T07:06:59.999Z,1566.65,2023-01-16T14:36:59.999Z,1546.26,1000.00,13.02,1.3015,74.71
1849,SHORT,2023-01-16T14:56:59.999Z,1541.86,2023-01-16T15:44:59.999Z,1548.60,1000.00,-4.37,-0.4371,70.34
1850,SHORT,2023-01-16T23:04:59.999Z,1578.64,2023-01-17T04:20:59.999Z,1565.92,1000.00,8.06,0.8058,78.40
1851,SHORT,2023-01-17T06:45:59.999Z,1563.16,2023-01-17T08:34:59.999Z,1564.84,1000.00,-1.07,-0.1075,77.32
1852,SHORT,2023-01-17T10:06:59.999Z,1563.68,2023-01-17T11:33:59.999Z,1566.97,1000.00,-2.10,-0.2104,75.22
1853,SHORT,2023-01-17T15:54:59.999Z,1571.48,2023-01-17T17:05:59.999Z,1575.98,1000.00,-2.86,-0.2864,72.36
1854,SHORT,2023-01-17T17:10:59.999Z,1572.77,2023-01-17T17:55:59.999Z,1575.07,1000.00,-1.46,-0.1462,70.89
1855,SHORT,2023-01-17T21:07:59.999Z,1581.88,2023-01-18T01:56:59.999Z,1578.90,1000.00,1.88,0.1884,72.78
1856,SHORT,2023-01-18T06:52:59.999Z,1581.36,2023-01-18T12:23:59.999Z,1578.84,1000.00,1.59,0.1594,74.37
1857,SHORT,2023-01-18T15:46:59.999Z,1575.09,2023-01-19T02:46:59.999Z,1524.58,1000.00,32.07,3.2068,106.44
1858,SHORT,2023-01-19T08:32:59.999Z,1528.12,2023-01-19T08:39:59.999Z,1530.49,1000.00,-1.55,-0.1551,104.89
1859,SHORT,2023-01-19T08:55:59.999Z,1527.20,2023-01-19T13:48:59.999Z,1525.07,1000.00,1.39,0.1395,106.28
1860,SHORT,2023-01-19T17:56:59.999Z,1527.41,2023-01-19T18:38:59.999Z,1537.78,1000.00,-6.79,-0.6789,99.49
1861,SHORT,2023-01-19T23:21:59.999Z,1547.72,2023-01-19T23:31:59.999Z,1550.63,1000.00,-1.88,-0.1880,97.61
1862,SHORT,2023-01-20T00:20:59.999Z,1547.92,2023-01-20T00:26:59.999Z,1551.92,1000.00,-2.58,-0.2584,95.03
1863,SHORT,2023-01-20T00:47:59.999Z,1546.35,2023-01-20T01:27:59.999Z,1557.11,1000.00,-6.96,-0.6958,88.07
1864,SHORT,2023-01-20T04:47:59.999Z,1551.77,2023-01-20T07:44:59.999Z,1552.97,1000.00,-0.77,-0.0773,87.30
1865,SHORT,2023-01-20T08:32:59.999Z,1546.01,2023-01-20T08:43:59.999Z,1551.60,1000.00,-3.62,-0.3616,83.68
1866,SHORT,2023-01-20T11:38:59.999Z,1549.85,2023-01-20T12:18:59.999Z,1553.18,1000.00,-2.15,-0.2149,81.53
1867,SHORT,2023-01-21T02:52:59.999Z,1647.50,2023-01-21T04:30:59.999Z,1653.48,1000.00,-3.63,-0.3630,77.90
1868,SHORT,2023-01-21T05:09:59.999Z,1649.00,2023-01-21T06:48:59.999Z,1651.82,1000.00,-1.71,-0.1710,76.19
1869,SHORT,2023-01-21T08:59:59.999Z,1647.28,2023-01-21T09:53:59.999Z,1655.24,1000.00,-4.83,-0.4832,71.36
1870,SHORT,2023-01-21T10:38:59.999Z,1640.28,2023-01-21T12:24:59.999Z,1652.77,1000.00,-7.61,-0.7615,63.75
1871,SHORT,2023-01-21T14:16:59.999Z,1647.70,2023-01-21T14:39:59.999Z,1651.60,1000.00,-2.37,-0.2367,61.38
1872,SHORT,2023-01-21T14:58:59.999Z,1649.94,2023-01-21T15:01:59.999Z,1651.49,1000.00,-0.94,-0.0939,60.44
1873,SHORT,2023-01-21T18:13:59.999Z,1652.61,2023-01-21T18:40:59.999Z,1656.85,1000.00,-2.57,-0.2566,57.87
1874,SHORT,2023-01-21T20:49:59.999Z,1657.55,2023-01-21T21:55:59.999Z,1661.37,1000.00,-2.30,-0.2305,55.57
1875,SHORT,2023-01-21T22:16:59.999Z,1656.57,2023-01-22T04:49:59.999Z,1626.38,1000.00,18.22,1.8224,73.79
1876,SHORT,2023-01-22T08:09:59.999Z,1625.40,2023-01-22T08:48:59.999Z,1630.83,1000.00,-3.34,-0.3341,70.45
1877,SHORT,2023-01-22T09:48:59.999Z,1626.01,2023-01-22T12:51:59.999Z,1630.21,1000.00,-2.58,-0.2583,67.87
1878,SHORT,2023-01-22T19:22:59.999Z,1642.73,2023-01-22T23:16:59.999Z,1629.02,1000.00,8.35,0.8346,76.22
1879,SHORT,2023-01-22T23:26:59.999Z,1626.59,2023-01-22T23:40:59.999Z,1630.78,1000.00,-2.58,-0.2576,73.64
1880,SHORT,2023-01-23T03:41:59.999Z,1633.30,2023-01-23T06:25:59.999Z,1635.09,1000.00,-1.10,-0.1096,72.54
1881,SHORT,2023-01-23T07:35:59.999Z,1632.60,2023-01-23T07:37:59.999Z,1635.70,1000.00,-1.90,-0.1899,70.65
1882,SHORT,2023-01-23T07:49:59.999Z,1633.09,2023-01-23T08:09:59.999Z,1636.99,1000.00,-2.39,-0.2388,68.26
1883,SHORT,2023-01-23T08:36:59.999Z,1632.59,2023-01-23T10:12:59.999Z,1635.96,1000.00,-2.06,-0.2064,66.19
1884,SHORT,2023-01-23T12:11:59.999Z,1631.84,2023-01-23T12:54:59.999Z,1637.58,1000.00,-3.52,-0.3518,62.68
1885,SHORT,2023-01-23T13:11:59.999Z,1630.44,2023-01-23T18:03:59.999Z,1628.65,1000.00,1.10,0.1098,63.77
1886,SHORT,2023-01-23T19:38:59.999Z,1616.66,2023-01-23T20:50:59.999Z,1627.47,1000.00,-6.69,-0.6687,57.09
1887,SHORT,2023-01-23T23:13:59.999Z,1626.98,2023-01-24T00:36:59.999Z,1631.16,1000.00,-2.57,-0.2569,54.52
1888,SHORT,2023-01-24T07:05:59.999Z,1635.95,2023-01-24T12:35:59.999Z,1630.02,1000.00,3.62,0.3625,58.14
1889,SHORT,2023-01-24T13:41:59.999Z,1616.22,2023-01-24T18:20:59.999Z,1622.86,1000.00,-4.11,-0.4108,54.03
1890,SHORT,2023-01-24T20:29:59.999Z,1617.02,2023-01-25T04:23:59.999Z,1547.45,1000.00,43.02,4.3024,97.06
1891,SHORT,2023-01-25T09:02:59.999Z,1550.19,2023-01-25T12:12:59.999Z,1553.60,1000.00,-2.20,-0.2200,94.86
1892,SHORT,2023-01-25T14:26:59.999Z,1548.30,2023-01-25T16:37:59.999Z,1549.05,1000.00,-0.48,-0.0484,94.37
1893,SHORT,2023-01-26T04:09:59.999Z,1614.01,2023-01-26T04:10:59.999Z,1615.85,1000.00,-1.14,-0.1140,93.23
1894,SHORT,2023-01-26T06:26:59.999Z,1604.99,2023-01-26T12:30:59.999Z,1609.20,1000.00,-2.62,-0.2623,90.61
1895,SHORT,2023-01-26T14:55:59.999Z,1603.68,2023-01-26T15:32:59.999Z,1612.82,1000.00,-5.70,-0.5699,84.91
1896,SHORT,2023-01-26T15:40:59.999Z,1607.67,2023-01-26T18:37:59.999Z,1606.63,1000.00,0.65,0.0647,85.56
1897,SHORT,2023-01-26T23:12:59.999Z,1599.69,2023-01-27T00:11:59.999Z,1605.37,1000.00,-3.55,-0.3551,82.01
1898,SHORT,2023-01-27T00:18:59.999Z,1597.91,2023-01-27T05:49:59.999Z,1577.68,1000.00,12.66,1.2660,94.67
1899,SHORT,2023-01-27T09:28:59.999Z,1576.58,2023-01-27T10:34:59.999Z,1580.90,1000.00,-2.74,-0.2740,91.93
1900,SHORT,2023-01-27T10:52:59.999Z,1574.57,2023-01-27T12:14:59.999Z,1580.62,1000.00,-3.84,-0.3842,88.09
1901,SHORT,2023-01-27T12:29:59.999Z,1576.75,2023-01-27T14:56:59.999Z,1583.49,1000.00,-4.27,-0.4275,83.81
1902,SHORT,2023-01-27T21:13:59.999Z,1601.40,2023-01-27T21:43:59.999Z,1604.01,1000.00,-1.63,-0.1630,82.18
1903,SHORT,2023-01-27T21:46:59.999Z,1602.16,2023-01-28T00:33:59.999Z,1600.90,1000.00,0.79,0.0786,82.97
1904,SHORT,2023-01-28T01:34:59.999Z,1596.75,2023-01-28T01:41:59.999Z,1600.25,1000.00,-2.19,-0.2192,80.78
1905,SHORT,2023-01-28T01:48:59.999Z,1598.10,2023-01-28T03:52:59.999Z,1599.44,1000.00,-0.84,-0.0838,79.94
1906,SHORT,2023-01-28T05:43:59.999Z,1597.63,2023-01-28T05:55:59.999Z,1599.34,1000.00,-1.07,-0.1070,78.87
1907,SHORT,2023-01-28T06:20:59.999Z,1595.47,2023-01-28T15:46:59.999Z,1578.99,1000.00,10.33,1.0329,89.20
1908,SHORT,2023-01-28T17:19:59.999Z,1572.38,2023-01-28T19:25:59.999Z,1577.31,1000.00,-3.14,-0.3135,86.06
1909,SHORT,2023-01-28T20:29:59.999Z,1573.17,2023-01-28T23:49:59.999Z,1569.42,1000.00,2.38,0.2384,88.44
1910,SHORT,2023-01-29T07:09:59.999Z,1593.92,2023-01-29T09:24:59.999Z,1597.84,1000.00,-2.46,-0.2459,85.99
1911,SHORT,2023-01-29T16:35:59.999Z,1607.20,2023-01-29T16:49:59.999Z,1613.56,1000.00,-3.96,-0.3957,82.03
1912,SHORT,2023-01-30T00:27:59.999Z,1639.57,2023-01-30T00:52:59.999Z,1646.12,1000.00,-3.99,-0.3995,78.03
1913,SHORT,2023-01-30T01:16:59.999Z,1637.82,2023-01-30T04:18:59.999Z,1640.80,1000.00,-1.82,-0.1819,76.21
1914,SHORT,2023-01-30T04:55:59.999Z,1635.82,2023-01-30T14:44:59.999Z,1589.34,1000.00,28.41,2.8414,104.63
1915,SHORT,2023-01-30T15:44:59.999Z,1578.75,2023-01-30T16:19:59.999Z,1587.51,1000.00,-5.55,-0.5549,99.08
1916,SHORT,2023-01-30T16:25:59.999Z,1583.33,2023-01-30T23:01:59.999Z,1564.17,1000.00,12.10,1.2101,111.18
1917,SHORT,2023-01-31T04:12:59.999Z,1567.70,2023-01-31T04:33:59.999Z,1570.50,1000.00,-1.79,-0.1786,109.39
1918,SHORT,2023-01-31T05:51:59.999Z,1566.80,2023-01-31T07:16:59.999Z,1569.50,1000.00,-1.72,-0.1723,107.67
1919,SHORT,2023-01-31T10:10:59.999Z,1570.06,2023-01-31T10:32:59.999Z,1574.01,1000.00,-2.52,-0.2516,105.15
1920,SHORT,2023-01-31T10:44:59.999Z,1570.33,2023-01-31T12:05:59.999Z,1573.77,1000.00,-2.19,-0.2191,102.96
1921,SHORT,2023-01-31T20:34:59.999Z,1584.01,2023-01-31T23:03:59.999Z,1586.04,1000.00,-1.28,-0.1282,101.68
1922,SHORT,2023-02-01T00:36:59.999Z,1582.98,2023-02-01T00:37:59.999Z,1584.30,1000.00,-0.83,-0.0834,100.85
1923,SHORT,2023-02-01T02:44:59.999Z,1584.07,2023-02-01T05:27:59.999Z,1585.66,1000.00,-1.00,-0.1004,99.84
1924,SHORT,2023-02-01T05:45:59.999Z,1582.79,2023-02-01T11:03:59.999Z,1575.74,1000.00,4.45,0.4454,104.30
1925,SHORT,2023-02-01T15:26:59.999Z,1578.82,2023-02-01T18:55:59.999Z,1580.09,1000.00,-0.80,-0.0804,103.49
1926,SHORT,2023-02-01T19:32:59.999Z,1561.56,2023-02-01T19:40:59.999Z,1593.90,1000.00,-20.71,-2.0710,82.78
1927,SHORT,2023-02-02T06:07:59.999Z,1670.23,2023-02-02T08:55:59.999Z,1669.39,1000.00,0.50,0.0503,83.29
1928,SHORT,2023-02-02T09:17:59.999Z,1666.73,2023-02-02T09:51:59.999Z,1669.70,1000.00,-1.78,-0.1782,81.51
1929,SHORT,2023-02-02T14:58:59.999Z,1651.20,2023-02-02T15:55:59.999Z,1681.17,1000.00,-18.15,-1.8150,63.36
1930,SHORT,2023-02-02T19:35:59.999Z,1670.25,2023-02-03T04:45:59.999Z,1643.47,1000.00,16.03,1.6034,79.39
1931,SHORT,2023-02-03T04:51:59.999Z,1639.99,2023-02-03T05:21:59.999Z,1643.93,1000.00,-2.40,-0.2402,76.99
1932,SHORT,2023-02-03T06:51:59.999Z,1640.83,2023-02-03T07:19:59.999Z,1646.94,1000.00,-3.72,-0.3724,73.26
1933,SHORT,2023-02-03T07:32:59.999Z,1640.96,2023-02-03T09:17:59.999Z,1642.43,1000.00,-0.90,-0.0896,72.37
1934,SHORT,2023-02-03T10:27:59.999Z,1637.06,2023-02-03T10:44:59.999Z,1644.29,1000.00,-4.42,-0.4416,67.95
1935,SHORT,2023-02-03T13:38:59.999Z,1636.72,2023-02-03T14:49:59.999Z,1660.16,1000.00,-14.32,-1.4321,53.63
1936,SHORT,2023-02-03T18:19:59.999Z,1655.54,2023-02-03T21:25:59.999Z,1657.69,1000.00,-1.30,-0.1299,52.33
1937,SHORT,2023-02-03T21:54:59.999Z,1656.37,2023-02-03T21:58:59.999Z,1657.80,1000.00,-0.86,-0.0863,51.47
1938,SHORT,2023-02-04T01:48:59.999Z,1661.34,2023-02-04T07:04:59.999Z,1655.10,1000.00,3.76,0.3756,55.22
1939,SHORT,2023-02-04T09:00:59.999Z,1652.32,2023-02-04T09:26:59.999Z,1657.48,1000.00,-3.12,-0.3123,52.10
1940,SHORT,2023-02-04T18:34:59.999Z,1675.86,2023-02-04T20:23:59.999Z,1679.80,1000.00,-2.35,-0.2351,49.75
1941,SHORT,2023-02-04T21:42:59.999Z,1677.35,2023-02-04T21:45:59.999Z,1679.06,1000.00,-1.02,-0.1019,48.73
1942,SHORT,2023-02-04T21:47:59.999Z,1676.84,2023-02-04T21:51:59.999Z,1678.60,1000.00,-1.05,-0.1050,47.68
1943,SHORT,2023-02-04T23:38:59.999Z,1669.83,2023-02-05T05:11:59.999Z,1664.81,1000.00,3.01,0.3006,50.69
1944,SHORT,2023-02-05T09:54:59.999Z,1666.12,2023-02-05T11:00:59.999Z,1668.95,1000.00,-1.70,-0.1699,48.99
1945,SHORT,2023-02-05T11:03:59.999Z,1666.75,2023-02-05T11:07:59.999Z,1668.04,1000.00,-0.77,-0.0774,48.21
1946,SHORT,2023-02-05T11:10:59.999Z,1667.05,2023-02-05T22:11:59.999Z,1629.98,1000.00,22.24,2.2237,70.45
1947,SHORT,2023-02-06T02:23:59.999Z,1632.43,2023-02-06T06:51:59.999Z,1627.12,1000.00,3.25,0.3253,73.70
1948,SHORT,2023-02-06T10:45:59.999Z,1628.92,2023-02-06T12:00:59.999Z,1637.00,1000.00,-4.96,-0.4960,68.74
1949,SHORT,2023-02-06T13:55:59.999Z,1628.28,2023-02-06T15:58:59.999Z,1647.15,1000.00,-11.59,-1.1589,57.15
1950,SHORT,2023-02-06T21:10:59.999Z,1643.52,2023-02-07T01:57:59.999Z,1626.66,1000.00,10.26,1.0258,67.41
1951,SHORT,2023-02-07T02:07:59.999Z,1623.74,2023-02-07T02:53:59.999Z,1629.06,1000.00,-3.28,-0.3276,64.14
1952,SHORT,2023-02-07T07:51:59.999Z,1632.09,2023-02-07T09:10:59.999Z,1636.96,1000.00,-2.98,-0.2984,61.15
1953,SHORT,2023-02-07T13:27:59.999Z,1638.03,2023-02-07T16:53:59.999Z,1641.05,1000.00,-1.84,-0.1844,59.31
1954,SHORT,2023-02-07T17:27:59.999Z,1630.71,2023-02-07T17:46:59.999Z,1653.98,1000.00,-14.27,-1.4270,45.04
1955,SHORT,2023-02-07T18:53:59.999Z,1637.38,2023-02-07T19:07:59.999Z,1652.77,1000.00,-9.40,-0.9399,35.64
1956,SHORT,2023-02-08T03:16:59.999Z,1677.66,2023-02-08T03:17:59.999Z,1679.01,1000.00,-0.80,-0.0805,34.83
1957,SHORT,2023-02-08T05:08:59.999Z,1677.82,2023-02-08T07:57:59.999Z,1677.61,1000.00,0.13,0.0125,34.96
1958,SHORT,2023-02-08T08:04:59.999Z,1675.43,2023-02-08T11:30:59.999Z,1675.90,1000.00,-0.28,-0.0281,34.68
1959,SHORT,2023-02-08T13:04:59.999Z,1669.72,2023-02-08T13:43:59.999Z,1675.17,1000.00,-3.26,-0.3264,31.42
1960,SHORT,2023-02-08T14:07:59.999Z,1670.80,2023-02-08T14:46:59.999Z,1678.25,1000.00,-4.46,-0.4459,26.96
1961,SHORT,2023-02-08T14:53:59.999Z,1666.67,2023-02-08T21:39:59.999Z,1651.75,1000.00,8.95,0.8952,35.91
1962,SHORT,2023-02-08T23:21:59.999Z,1645.80,2023-02-08T23:39:59.999Z,1651.92,1000.00,-3.72,-0.3719,32.19
1963,SHORT,2023-02-09T00:18:59.999Z,1646.39,2023-02-09T00:42:59.999Z,1651.09,1000.00,-2.85,-0.2855,29.34
1964,SHORT,2023-02-09T00:44:59.999Z,1649.39,2023-02-09T00:55:59.999Z,1652.20,1000.00,-1.70,-0.1704,27.63
1965,SHORT,2023-02-09T02:14:59.999Z,1645.02,2023-02-09T06:46:59.999Z,1630.80,1000.00,8.64,0.8644,36.28
1966,SHORT,2023-02-09T11:11:59.999Z,1631.10,2023-02-09T11:43:59.999Z,1634.93,1000.00,-2.35,-0.2348,33.93
1967,SHORT,2023-02-09T12:34:59.999Z,1630.64,2023-02-09T12:48:59.999Z,1640.19,1000.00,-5.86,-0.5857,28.07
1968,SHORT,2023-02-09T15:31:59.999Z,1633.14,2023-02-10T06:16:59.999Z,1545.41,1000.00,53.72,5.3719,81.79
1969,SHORT,2023-02-10T10:01:59.999Z,1546.24,2023-02-10T14:31:59.999Z,1543.04,1000.00,2.07,0.2070,83.86
1970,SHORT,2023-02-10T15:42:59.999Z,1530.79,2023-02-10T19:01:59.999Z,1529.17,1000.00,1.06,0.1058,84.92
1971,SHORT,2023-02-10T19:11:59.999Z,1524.57,2023-02-10T19:33:59.999Z,1533.40,1000.00,-5.79,-0.5792,79.13
1972,SHORT,2023-02-10T21:10:59.999Z,1523.05,2023-02-11T01:25:59.999Z,1515.68,1000.00,4.84,0.4839,83.96
1973,SHORT,2023-02-11T01:48:59.999Z,1512.66,2023-02-11T02:52:59.999Z,1515.70,1000.00,-2.01,-0.2010,81.95
1974,SHORT,2023-02-11T06:07:59.999Z,1516.78,2023-02-11T07:04:59.999Z,1519.59,1000.00,-1.85,-0.1853,80.10
1975,SHORT,2023-02-11T07:34:59.999Z,1516.31,2023-02-11T07:45:59.999Z,1519.99,1000.00,-2.43,-0.2427,77.68
1976,SHORT,2023-02-11T10:22:59.999Z,1518.11,2023-02-11T12:12:59.999Z,1521.91,1000.00,-2.50,-0.2503,75.17
1977,SHORT,2023-02-11T12:49:59.999Z,1516.97,2023-02-11T13:23:59.999Z,1522.37,1000.00,-3.56,-0.3560,71.61
1978,SHORT,2023-02-11T16:14:59.999Z,1520.16,2023-02-11T20:17:59.999Z,1518.89,1000.00,0.84,0.0835,72.45
1979,SHORT,2023-02-12T01:23:59.999Z,1533.04,2023-02-12T03:03:59.999Z,1534.91,1000.00,-1.22,-0.1220,71.23
1980,SHORT,2023-02-12T03:29:59.999Z,1532.20,2023-02-12T05:44:59.999Z,1533.08,1000.00,-0.57,-0.0574,70.65
1981,SHORT,2023-02-12T07:10:59.999Z,1531.53,2023-02-12T08:31:59.999Z,1533.00,1000.00,-0.96,-0.0960,69.69
1982,SHORT,2023-02-12T11:46:59.999Z,1533.48,2023-02-12T14:48:59.999Z,1532.65,1000.00,0.54,0.0541,70.24
1983,SHORT,2023-02-12T19:17:59.999Z,1536.51,2023-02-12T19:49:59.999Z,1541.85,1000.00,-3.48,-0.3475,66.76
1984,SHORT,2023-02-12T20:51:59.999Z,1537.31,2023-02-13T03:24:59.999Z,1517.34,1000.00,12.99,1.2990,79.75
1985,SHORT,2023-02-13T08:20:59.999Z,1515.51,2023-02-13T15:36:59.999Z,1485.97,1000.00,19.49,1.9492,99.24
1986,SHORT,2023-02-13T15:43:59.999Z,1481.61,2023-02-13T18:31:59.999Z,1484.25,1000.00,-1.78,-0.1782,97.46
1987,SHORT,2023-02-13T21:36:59.999Z,1483.17,2023-02-13T22:33:59.999Z,1488.45,1000.00,-3.56,-0.3560,93.90
1988,SHORT,2023-02-14T03:44:59.999Z,1498.13,2023-02-14T04:29:59.999Z,1501.85,1000.00,-2.48,-0.2483,91.42
1989,SHORT,2023-02-14T08:30:59.999Z,1501.00,2023-02-14T09:48:59.999Z,1503.89,1000.00,-1.93,-0.1925,89.49
1990,SHORT,2023-02-14T14:20:59.999Z,1509.33,2023-02-14T14:48:59.999Z,1524.85,1000.00,-10.28,-1.0283,79.21
1991,SHORT,2023-02-15T00:13:59.999Z,1550.82,2023-02-15T04:30:59.999Z,1549.97,1000.00,0.55,0.0548,79.76
1992,SHORT,2023-02-15T05:22:59.999Z,1547.83,2023-02-15T05:37:59.999Z,1550.72,1000.00,-1.87,-0.1867,77.89
1993,SHORT,2023-02-15T07:44:59.999Z,1549.11,2023-02-15T09:46:59.999Z,1550.83,1000.00,-1.11,-0.1110,76.78
1994,SHORT,2023-02-16T07:02:59.999Z,1684.22,2023-02-16T09:57:59.999Z,1688.52,1000.00,-2.55,-0.2553,74.23
1995,SHORT,2023-02-16T11:16:59.999Z,1683.36,2023-02-16T12:51:59.999Z,1687.70,1000.00,-2.58,-0.2578,71.65
1996,SHORT,2023-02-16T13:45:59.999Z,1678.39,2023-02-16T15:21:59.999Z,1691.25,1000.00,-7.66,-0.7662,63.99
1997,SHORT,2023-02-16T20:03:59.999Z,1708.45,2023-02-17T02:00:59.999Z,1662.96,1000.00,26.63,2.6626,90.61
1998,SHORT,2023-02-17T04:38:59.999Z,1655.35,2023-02-17T07:14:59.999Z,1662.94,1000.00,-4.59,-0.4585,86.03
1999,SHORT,2023-02-17T08:02:59.999Z,1650.95,2023-02-17T09:03:59.999Z,1669.59,1000.00,-11.29,-1.1290,74.74
2000,SHORT,2023-02-17T13:23:59.999Z,1659.29,2023-02-17T14:26:59.999Z,1668.03,1000.00,-5.27,-0.5267,69.47
2001,SHORT,2023-02-17T15:00:59.999Z,1660.80,2023-02-17T15:17:59.999Z,1665.80,1000.00,-3.01,-0.3011,66.46
2002,SHORT,2023-02-17T22:03:59.999Z,1682.56,2023-02-18T00:29:59.999Z,1700.05,1000.00,-10.39,-1.0395,56.06
2003,SHORT,2023-02-18T00:45:59.999Z,1693.63,2023-02-18T01:30:59.999Z,1697.38,1000.00,-2.21,-0.2214,53.85
2004,SHORT,2023-02-18T01:34:59.999Z,1695.33,2023-02-18T01:38:59.999Z,1698.53,1000.00,-1.89,-0.1888,51.96
2005,SHORT,2023-02-18T02:48:59.999Z,1694.89,2023-02-18T03:36:59.999Z,1699.46,1000.00,-2.70,-0.2696,49.27
2006,SHORT,2023-02-18T05:35:59.999Z,1697.01,2023-02-18T12:19:59.999Z,1694.56,1000.00,1.44,0.1444,50.71
2007,SHORT,2023-02-18T14:36:59.999Z,1692.20,2023-02-18T15:00:59.999Z,1696.70,1000.00,-2.66,-0.2659,48.05
2008,SHORT,2023-02-18T16:27:59.999Z,1693.56,2023-02-18T18:12:59.999Z,1701.17,1000.00,-4.49,-0.4493,43.56
2009,SHORT,2023-02-18T19:08:59.999Z,1693.32,2023-02-18T22:20:59.999Z,1688.56,1000.00,2.81,0.2811,46.37
2010,SHORT,2023-02-19T06:54:59.999Z,1694.89,2023-02-19T10:49:59.999Z,1697.31,1000.00,-1.43,-0.1428,44.94
2011,SHORT,2023-02-19T12:55:59.999Z,1695.22,2023-02-19T12:58:59.999Z,1696.92,1000.00,-1.00,-0.1003,43.94
2012,SHORT,2023-02-19T13:40:59.999Z,1694.97,2023-02-19T13:46:59.999Z,1696.15,1000.00,-0.70,-0.0696,43.24
2013,SHORT,2023-02-19T17:01:59.999Z,1699.94,2023-02-19T22:12:59.999Z,1687.68,1000.00,7.21,0.7212,50.45
2014,SHORT,2023-02-19T22:52:59.999Z,1682.99,2023-02-19T23:34:59.999Z,1687.38,1000.00,-2.61,-0.2608,47.84
2015,SHORT,2023-02-19T23:42:59.999Z,1683.64,2023-02-20T02:58:59.999Z,1679.50,1000.00,2.46,0.2459,50.30
2016,SHORT,2023-02-20T12:56:59.999Z,1706.55,2023-02-20T14:58:59.999Z,1712.33,1000.00,-3.39,-0.3387,46.92
2017,SHORT,2023-02-20T16:04:59.999Z,1703.72,2023-02-20T19:30:59.999Z,1701.67,1000.00,1.20,0.1203,48.12
2018,SHORT,2023-02-20T22:11:59.999Z,1701.91,2023-02-20T23:59:59.999Z,1703.27,1000.00,-0.80,-0.0799,47.32
2019,SHORT,2023-02-21T03:54:59.999Z,1702.64,2023-02-21T06:44:59.999Z,1702.80,1000.00,-0.09,-0.0094,47.23
2020,SHORT,2023-02-21T08:41:59.999Z,1688.95,2023-02-21T14:41:59.999Z,1682.94,1000.00,3.56,0.3558,50.79
2021,SHORT,2023-02-21T15:02:59.999Z,1674.21,2023-02-21T18:00:59.999Z,1677.59,1000.00,-2.02,-0.2019,48.77
2022,SHORT,2023-02-21T19:57:59.999Z,1670.87,2023-02-22T00:03:59.999Z,1658.43,1000.00,7.45,0.7445,56.21
2023,SHORT,2023-02-22T01:39:59.999Z,1649.84,2023-02-22T04:18:59.999Z,1648.92,1000.00,0.56,0.0558,56.77
2024,SHORT,2023-02-22T04:23:59.999Z,1646.97,2023-02-22T07:51:59.999Z,1644.24,1000.00,1.66,0.1658,58.43
2025,SHORT,2023-02-22T08:14:59.999Z,1637.79,2023-02-22T09:51:59.999Z,1640.26,1000.00,-1.51,-0.1508,56.92
2026,SHORT,2023-02-22T14:09:59.999Z,1633.78,2023-02-22T19:07:59.999Z,1625.83,1000.00,4.87,0.4866,61.79
2027,SHORT,2023-02-22T20:38:59.999Z,1611.37,2023-02-22T21:05:59.999Z,1618.06,1000.00,-4.15,-0.4152,57.63
2028,SHORT,2023-02-22T21:41:59.999Z,1613.03,2023-02-22T21:56:59.999Z,1619.60,1000.00,-4.07,-0.4073,53.56
2029,SHORT,2023-02-23T06:41:59.999Z,1661.93,2023-02-23T06:58:59.999Z,1665.92,1000.00,-2.40,-0.2401,51.16
2030,SHORT,2023-02-23T09:52:59.999Z,1664.34,2023-02-23T13:21:59.999Z,1668.98,1000.00,-2.79,-0.2788,48.37
2031,SHORT,2023-02-23T15:20:59.999Z,1650.63,2023-02-23T15:36:59.999Z,1659.99,1000.00,-5.67,-0.5671,42.70
2032,SHORT,2023-02-23T15:54:59.999Z,1656.19,2023-02-23T16:04:59.999Z,1658.23,1000.00,-1.23,-0.1232,41.47
2033,SHORT,2023-02-23T16:06:59.999Z,1653.34,2023-02-23T17:45:59.999Z,1659.68,1000.00,-3.83,-0.3835,37.63
2034,SHORT,2023-02-23T17:54:59.999Z,1643.69,2023-02-23T19:30:59.999Z,1654.57,1000.00,-6.62,-0.6619,31.02
2035,SHORT,2023-02-23T21:41:59.999Z,1650.32,2023-02-23T23:54:59.999Z,1651.41,1000.00,-0.66,-0.0660,30.35
2036,SHORT,2023-02-24T02:51:59.999Z,1647.72,2023-02-24T06:49:59.999Z,1650.71,1000.00,-1.81,-0.1815,28.54
2037,SHORT,2023-02-24T09:43:59.999Z,1647.49,2023-02-24T12:17:59.999Z,1652.87,1000.00,-3.27,-0.3266,25.27
2038,SHORT,2023-02-24T12:28:59.999Z,1647.13,2023-02-24T19:57:59.999Z,1609.70,1000.00,22.72,2.2724,48.00
2039,SHORT,2023-02-24T21:55:59.999Z,1602.00,2023-02-24T22:21:59.999Z,1606.79,1000.00,-2.99,-0.2990,45.01
2040,SHORT,2023-02-24T22:25:59.999Z,1604.92,2023-02-24T23:18:59.999Z,1608.19,1000.00,-2.04,-0.2037,42.97
2041,SHORT,2023-02-25T00:47:59.999Z,1604.21,2023-02-25T01:38:59.999Z,1606.85,1000.00,-1.65,-0.1646,41.33
2042,SHORT,2023-02-25T01:42:59.999Z,1605.46,2023-02-25T01:51:59.999Z,1607.02,1000.00,-0.97,-0.0972,40.35
2043,SHORT,2023-02-25T02:13:59.999Z,1604.16,2023-02-25T06:55:59.999Z,1600.54,1000.00,2.26,0.2257,42.61
2044,SHORT,2023-02-25T09:46:59.999Z,1601.41,2023-02-25T13:10:59.999Z,1600.32,1000.00,0.68,0.0681,43.29
2045,SHORT,2023-02-25T14:12:59.999Z,1598.99,2023-02-25T16:42:59.999Z,1600.26,1000.00,-0.79,-0.0794,42.50
2046,SHORT,2023-02-25T16:52:59.999Z,1597.35,2023-02-25T22:35:59.999Z,1586.36,1000.00,6.88,0.6880,49.38
2047,SHORT,2023-02-26T06:14:59.999Z,1596.59,2023-02-26T07:21:59.999Z,1599.99,1000.00,-2.13,-0.2130,47.25
2048,SHORT,2023-02-26T08:18:59.999Z,1597.54,2023-02-26T08:55:59.999Z,1600.43,1000.00,-1.81,-0.1809,45.44
2049,SHORT,2023-02-26T12:34:59.999Z,1600.87,2023-02-26T14:08:59.999Z,1603.99,1000.00,-1.95,-0.1949,43.49
2050,SHORT,2023-02-26T16:48:59.999Z,1601.75,2023-02-26T17:59:59.999Z,1607.99,1000.00,-3.90,-0.3896,39.59
2051,SHORT,2023-02-26T22:37:59.999Z,1627.48,2023-02-26T23:11:59.999Z,1638.35,1000.00,-6.68,-0.6679,32.92
2052,SHORT,2023-02-27T01:07:59.999Z,1633.97,2023-02-27T01:45:59.999Z,1640.61,1000.00,-4.06,-0.4064,28.85
2053,SHORT,2023-02-27T04:17:59.999Z,1638.49,2023-02-27T07:32:59.999Z,1638.79,1000.00,-0.18,-0.0183,28.67
2054,SHORT,2023-02-27T08:12:59.999Z,1633.94,2023-02-27T09:28:59.999Z,1639.54,1000.00,-3.43,-0.3427,25.24
2055,SHORT,2023-02-27T10:35:59.999Z,1634.55,2023-02-27T11:07:59.999Z,1639.59,1000.00,-3.08,-0.3083,22.16
2056,SHORT,2023-02-27T15:49:59.999Z,1645.51,2023-02-27T21:40:59.999Z,1626.88,1000.00,11.32,1.1322,33.48
2057,SHORT,2023-02-28T01:05:59.999Z,1627.94,2023-02-28T01:15:59.999Z,1631.87,1000.00,-2.41,-0.2414,31.07
2058,SHORT,2023-02-28T01:31:59.999Z,1629.91,2023-02-28T02:00:59.999Z,1632.36,1000.00,-1.50,-0.1503,29.56
2059,SHORT,2023-02-28T04:21:59.999Z,1629.36,2023-02-28T10:48:59.999Z,1626.98,1000.00,1.46,0.1461,31.02
2060,SHORT,2023-02-28T17:06:59.999Z,1635.58,2023-02-28T17:16:59.999Z,1637.99,1000.00,-1.47,-0.1473,29.55
2061,SHORT,2023-02-28T19:23:59.999Z,1635.86,2023-03-01T01:46:59.999Z,1612.89,1000.00,14.04,1.4042,43.59
2062,SHORT,2023-03-01T12:57:59.999Z,1652.89,2023-03-01T14:44:59.999Z,1656.20,1000.00,-2.00,-0.2003,41.59
2063,SHORT,2023-03-01T16:13:59.999Z,1646.46,2023-03-01T16:56:59.999Z,1656.47,1000.00,-6.08,-0.6080,35.51
2064,SHORT,2023-03-01T18:35:59.999Z,1652.15,2023-03-01T21:39:59.999Z,1657.47,1000.00,-3.22,-0.3220,32.29
2065,SHORT,2023-03-02T01:32:59.999Z,1655.12,2023-03-02T09:10:59.999Z,1646.75,1000.00,5.06,0.5057,37.35
2066,SHORT,2023-03-02T09:21:59.999Z,1644.23,2023-03-02T09:32:59.999Z,1646.60,1000.00,-1.44,-0.1441,35.90
2067,SHORT,2023-03-02T09:55:59.999Z,1643.72,2023-03-02T11:57:59.999Z,1644.54,1000.00,-0.50,-0.0499,35.41
2068,SHORT,2023-03-02T12:22:59.999Z,1640.93,2023-03-02T18:40:59.999Z,1634.20,1000.00,4.10,0.4101,39.51
2069,SHORT,2023-03-03T00:30:59.999Z,1644.41,2023-03-03T08:47:59.999Z,1570.50,1000.00,44.95,4.4946,84.45
2070,SHORT,2023-03-03T09:38:59.999Z,1567.41,2023-03-03T13:27:59.999Z,1569.00,1000.00,-1.01,-0.1014,83.44
2071,SHORT,2023-03-03T15:45:59.999Z,1566.57,2023-03-03T17:07:59.999Z,1571.77,1000.00,-3.32,-0.3319,80.12
2072,SHORT,2023-03-03T18:35:59.999Z,1565.06,2023-03-03T22:37:59.999Z,1563.72,1000.00,0.86,0.0856,80.98
2073,SHORT,2023-03-04T03:33:59.999Z,1569.76,2023-03-04T04:17:59.999Z,1571.97,1000.00,-1.41,-0.1408,79.57
2074,SHORT,2023-03-04T04:31:59.999Z,1569.83,2023-03-04T06:39:59.999Z,1570.76,1000.00,-0.59,-0.0592,78.97
2075,SHORT,2023-03-04T07:48:59.999Z,1568.88,2023-03-04T09:27:59.999Z,1570.35,1000.00,-0.94,-0.0937,78.04
2076,SHORT,2023-03-04T10:38:59.999Z,1567.41,2023-03-04T12:07:59.999Z,1570.03,1000.00,-1.67,-0.1672,76.37
2077,SHORT,2023-03-04T12:33:59.999Z,1568.38,2023-03-04T12:55:59.999Z,1571.77,1000.00,-2.16,-0.2161,74.20
2078,SHORT,2023-03-04T14:00:59.999Z,1567.44,2023-03-04T22:26:59.999Z,1564.88,1000.00,1.63,0.1633,75.84
2079,SHORT,2023-03-05T02:45:59.999Z,1562.54,2023-03-05T04:58:59.999Z,1572.23,1000.00,-6.20,-0.6201,69.64
2080,SHORT,2023-03-05T05:47:59.999Z,1569.51,2023-03-05T05:55:59.999Z,1570.96,1000.00,-0.92,-0.0924,68.71
2081,SHORT,2023-03-05T06:10:59.999Z,1569.35,2023-03-05T06:55:59.999Z,1571.82,1000.00,-1.57,-0.1574,67.14
2082,SHORT,2023-03-05T07:09:59.999Z,1568.77,2023-03-05T10:09:59.999Z,1569.01,1000.00,-0.15,-0.0153,66.99
2083,SHORT,2023-03-05T12:08:59.999Z,1568.88,2023-03-05T13:03:59.999Z,1570.55,1000.00,-1.06,-0.1064,65.92
2084,SHORT,2023-03-05T14:57:59.999Z,1569.98,2023-03-05T15:36:59.999Z,1570.73,1000.00,-0.48,-0.0478,65.44
2085,SHORT,2023-03-05T15:47:59.999Z,1569.03,2023-03-05T17:01:59.999Z,1570.81,1000.00,-1.13,-0.1134,64.31
2086,SHORT,2023-03-05T17:15:59.999Z,1569.74,2023-03-05T17:29:59.999Z,1570.40,1000.00,-0.42,-0.0420,63.89
2087,SHORT,2023-03-05T17:56:59.999Z,1568.91,2023-03-05T20:47:59.999Z,1569.93,1000.00,-0.65,-0.0650,63.24
2088,SHORT,2023-03-05T21:50:59.999Z,1565.72,2023-03-05T21:56:59.999Z,1571.30,1000.00,-3.56,-0.3564,59.67
2089,SHORT,2023-03-05T22:27:59.999Z,1564.55,2023-03-06T00:40:59.999Z,1567.91,1000.00,-2.15,-0.2148,57.53
2090,SHORT,2023-03-06T01:20:59.999Z,1559.79,2023-03-06T06:27:59.999Z,1563.58,1000.00,-2.43,-0.2430,55.10
2091,SHORT,2023-03-06T08:15:59.999Z,1560.33,2023-03-06T08:38:59.999Z,1565.39,1000.00,-3.24,-0.3243,51.85
2092,SHORT,2023-03-06T12:01:59.999Z,1563.19,2023-03-06T12:44:59.999Z,1565.31,1000.00,-1.36,-0.1356,50.50
2093,SHORT,2023-03-06T12:45:59.999Z,1564.09,2023-03-06T13:09:59.999Z,1566.01,1000.00,-1.23,-0.1228,49.27
2094,SHORT,2023-03-06T19:19:59.999Z,1566.75,2023-03-06T22:15:59.999Z,1569.47,1000.00,-1.74,-0.1736,47.53
2095,SHORT,2023-03-06T23:54:59.999Z,1566.21,2023-03-07T01:18:59.999Z,1569.87,1000.00,-2.34,-0.2337,45.20
2096,SHORT,2023-03-07T06:07:59.999Z,1573.56,2023-03-07T13:06:59.999Z,1567.67,1000.00,3.74,0.3743,48.94
2097,SHORT,2023-03-07T13:57:59.999Z,1564.04,2023-03-07T17:40:59.999Z,1562.44,1000.00,1.02,0.1023,49.96
2098,SHORT,2023-03-07T18:33:59.999Z,1557.12,2023-03-07T23:08:59.999Z,1554.00,1000.00,2.00,0.2004,51.97
2099,SHORT,2023-03-08T02:59:59.999Z,1561.25,2023-03-08T04:21:59.999Z,1562.33,1000.00,-0.69,-0.0692,51.28
2100,SHORT,2023-03-08T04:24:59.999Z,1561.55,2023-03-08T09:55:59.999Z,1556.21,1000.00,3.42,0.3420,54.70
2101,SHORT,2023-03-08T12:50:59.999Z,1554.29,2023-03-08T15:22:59.999Z,1556.27,1000.00,-1.27,-0.1274,53.42
2102,SHORT,2023-03-08T17:56:59.999Z,1555.18,2023-03-08T20:38:59.999Z,1559.61,1000.00,-2.85,-0.2849,50.57
2103,SHORT,2023-03-08T21:52:59.999Z,1550.92,2023-03-09T02:25:59.999Z,1543.94,1000.00,4.50,0.4501,55.07
2104,SHORT,2023-03-09T04:16:59.999Z,1539.09,2023-03-09T07:07:59.999Z,1540.74,1000.00,-1.07,-0.1072,54.00
2105,SHORT,2023-03-09T07:41:59.999Z,1537.38,2023-03-09T11:39:59.999Z,1534.59,1000.00,1.81,0.1815,55.82
2106,SHORT,2023-03-09T12:17:59.999Z,1531.25,2023-03-09T13:47:59.999Z,1535.97,1000.00,-3.08,-0.3082,52.73
2107,SHORT,2023-03-09T16:02:59.999Z,1534.57,2023-03-10T12:53:59.999Z,1395.34,1000.00,90.73,9.0729,143.46
2108,SHORT,2023-03-10T17:29:59.999Z,1406.29,2023-03-10T17:39:59.999Z,1413.59,1000.00,-5.19,-0.5191,138.27
2109,SHORT,2023-03-10T18:05:59.999Z,1407.83,2023-03-10T18:09:59.999Z,1412.77,1000.00,-3.51,-0.3509,134.76
2110,SHORT,2023-03-10T18:17:59.999Z,1405.43,2023-03-10T19:14:59.999Z,1413.53,1000.00,-5.76,-0.5763,129.00
2111,SHORT,2023-03-10T21:24:59.999Z,1409.81,2023-03-10T21:59:59.999Z,1424.61,1000.00,-10.50,-1.0498,118.50
2112,SHORT,2023-03-11T06:33:59.999Z,1453.00,2023-03-11T13:23:59.999Z,1434.76,1000.00,12.55,1.2553,131.06
2113,SHORT,2023-03-11T14:25:59.999Z,1429.24,2023-03-11T14:30:59.999Z,1431.99,1000.00,-1.92,-0.1924,129.13
2114,SHORT,2023-03-11T15:52:59.999Z,1426.85,2023-03-11T17:06:59.999Z,1434.95,1000.00,-5.68,-0.5677,123.45
2115,SHORT,2023-03-12T02:08:59.999Z,1461.23,2023-03-12T03:03:59.999Z,1466.45,1000.00,-3.57,-0.3572,119.88
2116,SHORT,2023-03-12T06:04:59.999Z,1463.41,2023-03-12T09:00:59.999Z,1464.58,1000.00,-0.80,-0.0800,119.08
2117,SHORT,2023-03-12T10:01:59.999Z,1460.04,2023-03-12T10:27:59.999Z,1464.11,1000.00,-2.79,-0.2788,116.29
2118,SHORT,2023-03-12T12:13:59.999Z,1450.10,2023-03-12T13:30:59.999Z,1463.59,1000.00,-9.30,-0.9303,106.99
2119,SHORT,2023-03-12T14:02:59.999Z,1456.50,2023-03-12T16:32:59.999Z,1460.37,1000.00,-2.66,-0.2657,104.33
2120,SHORT,2023-03-13T03:25:59.999Z,1587.25,2023-03-13T03:35:59.999Z,1591.48,1000.00,-2.66,-0.2665,101.67
2121,SHORT,2023-03-13T03:53:59.999Z,1587.99,2023-03-13T04:03:59.999Z,1591.04,1000.00,-1.92,-0.1921,99.75
2122,SHORT,2023-03-13T08:43:59.999Z,1593.63,2023-03-13T13:06:59.999Z,1590.50,1000.00,1.96,0.1964,101.71
2123,SHORT,2023-03-13T20:38:59.999Z,1663.63,2023-03-13T21:53:59.999Z,1669.24,1000.00,-3.37,-0.3372,98.34
2124,SHORT,2023-03-13T21:58:59.999Z,1666.51,2023-03-13T22:02:59.999Z,1668.97,1000.00,-1.48,-0.1476,96.87
2125,SHORT,2023-03-13T23:31:59.999Z,1666.02,2023-03-14T00:18:59.999Z,1676.11,1000.00,-6.06,-0.6056,90.81
2126,SHORT,2023-03-14T01:01:59.999Z,1665.69,2023-03-14T01:57:59.999Z,1675.10,1000.00,-5.65,-0.5649,85.16
2127,SHORT,2023-03-14T03:03:59.999Z,1670.09,2023-03-14T03:36:59.999Z,1675.16,1000.00,-3.04,-0.3036,82.12
2128,SHORT,2023-03-14T04:54:59.999Z,1672.93,2023-03-14T04:57:59.999Z,1675.47,1000.00,-1.52,-0.1518,80.61
2129,SHORT,2023-03-14T05:38:59.999Z,1667.80,2023-03-14T06:33:59.999Z,1675.68,1000.00,-4.72,-0.4725,75.88
2130,SHORT,2023-03-14T06:41:59.999Z,1671.78,2023-03-14T07:08:59.999Z,1674.54,1000.00,-1.65,-0.1651,74.23
2131,SHORT,2023-03-14T07:29:59.999Z,1667.79,2023-03-14T10:25:59.999Z,1672.11,1000.00,-2.59,-0.2590,71.64
2132,SHORT,2023-03-14T18:06:59.999Z,1739.48,2023-03-15T01:13:59.999Z,1706.50,1000.00,18.96,1.8960,90.60
2133,SHORT,2023-03-15T03:31:59.999Z,1699.25,2023-03-15T05:15:59.999Z,1706.51,1000.00,-4.27,-0.4272,86.33
2134,SHORT,2023-03-15T05:42:59.999Z,1700.50,2023-03-15T07:59:59.999Z,1705.13,1000.00,-2.72,-0.2723,83.60
2135,SHORT,2023-03-15T08:30:59.999Z,1696.26,2023-03-15T13:21:59.999Z,1689.47,1000.00,4.00,0.4003,87.61
2136,SHORT,2023-03-15T13:53:59.999Z,1672.00,2023-03-15T18:52:59.999Z,1637.99,1000.00,20.34,2.0341,107.95
2137,SHORT,2023-03-15T23:46:59.999Z,1647.25,2023-03-16T00:04:59.999Z,1652.15,1000.00,-2.97,-0.2975,104.97
2138,SHORT,2023-03-16T00:11:59.999Z,1646.17,2023-03-16T00:16:59.999Z,1651.97,1000.00,-3.52,-0.3523,101.45
2139,SHORT,2023-03-16T00:46:59.999Z,1644.15,2023-03-16T02:23:59.999Z,1651.74,1000.00,-4.62,-0.4616,96.83
2140,SHORT,2023-03-16T03:19:59.999Z,1643.79,2023-03-16T05:55:59.999Z,1645.87,1000.00,-1.27,-0.1265,95.57
2141,SHORT,2023-03-16T09:17:59.999Z,1645.64,2023-03-16T09:54:59.999Z,1655.62,1000.00,-6.06,-0.6065,89.50
2142,SHORT,2023-03-16T12:42:59.999Z,1652.86,2023-03-16T14:39:59.999Z,1654.38,1000.00,-0.92,-0.0920,88.58
2143,SHORT,2023-03-16T18:07:59.999Z,1656.27,2023-03-16T18:23:59.999Z,1659.20,1000.00,-1.77,-0.1769,86.81
2144,SHORT,2023-03-16T21:02:59.999Z,1656.55,2023-03-16T21:47:59.999Z,1672.50,1000.00,-9.63,-0.9628,77.19
2145,SHORT,2023-03-17T00:35:59.999Z,1666.58,2023-03-17T01:31:59.999Z,1676.87,1000.00,-6.17,-0.6174,71.01
2146,SHORT,2023-03-17T05:51:59.999Z,1699.81,2023-03-17T05:58:59.999Z,1701.84,1000.00,-1.19,-0.1194,69.82
2147,SHORT,2023-03-17T13:53:59.999Z,1730.80,2023-03-17T14:06:59.999Z,1741.84,1000.00,-6.38,-0.6379,63.44
2148,SHORT,2023-03-17T14:11:59.999Z,1734.61,2023-03-17T14:14:59.999Z,1739.43,1000.00,-2.78,-0.2779,60.66
2149,SHORT,2023-03-17T14:20:59.999Z,1735.15,2023-03-17T17:31:59.999Z,1722.00,1000.00,7.58,0.7579,68.24
2150,SHORT,2023-03-17T17:36:59.999Z,1719.95,2023-03-17T17:47:59.999Z,1725.68,1000.00,-3.33,-0.3331,64.91
2151,SHORT,2023-03-17T18:16:59.999Z,1716.33,2023-03-17T18:45:59.999Z,1723.47,1000.00,-4.16,-0.4160,60.75
2152,SHORT,2023-03-18T05:12:59.999Z,1803.77,2023-03-18T05:34:59.999Z,1811.24,1000.00,-4.14,-0.4141,56.61
2153,SHORT,2023-03-18T08:16:59.999Z,1796.86,2023-03-18T09:53:59.999Z,1811.61,1000.00,-8.21,-0.8209,48.40
2154,SHORT,2023-03-18T12:14:59.999Z,1806.32,2023-03-18T12:43:59.999Z,1819.44,1000.00,-7.26,-0.7263,41.13
2155,SHORT,2023-03-18T15:03:59.999Z,1810.66,2023-03-18T19:04:59.999Z,1795.89,1000.00,8.16,0.8157,49.29
2156,SHORT,2023-03-18T20:13:59.999Z,1786.67,2023-03-18T20:36:59.999Z,1794.26,1000.00,-4.25,-0.4248,45.04
2157,SHORT,2023-03-18T21:23:59.999Z,1787.64,2023-03-19T00:59:59.999Z,1774.75,1000.00,7.21,0.7211,52.25
2158,SHORT,2023-03-19T05:58:59.999Z,1776.92,2023-03-19T08:29:59.999Z,1777.62,1000.00,-0.39,-0.0394,51.86
2159,SHORT,2023-03-19T09:17:59.999Z,1771.23,2023-03-19T09:46:59.999Z,1776.12,1000.00,-2.76,-0.2761,49.10
2160,SHORT,2023-03-19T11:05:59.999Z,1769.32,2023-03-19T11:41:59.999Z,1777.49,1000.00,-4.62,-0.4618,44.48
2161,SHORT,2023-03-19T13:44:59.999Z,1775.81,2023-03-19T14:28:59.999Z,1784.99,1000.00,-5.17,-0.5169,39.31
2162,SHORT,2023-03-19T20:38:59.999Z,1800.40,2023-03-19T23:29:59.999Z,1807.23,1000.00,-3.79,-0.3794,35.52
2163,SHORT,2023-03-19T23:40:59.999Z,1801.37,2023-03-20T06:16:59.999Z,1761.68,1000.00,22.03,2.2033,57.55
2164,SHORT,2023-03-20T06:44:59.999Z,1753.83,2023-03-20T07:00:59.999Z,1759.69,1000.00,-3.34,-0.3341,54.21
2165,SHORT,2023-03-20T10:21:59.999Z,1772.70,2023-03-20T10:49:59.999Z,1779.29,1000.00,-3.72,-0.3717,50.49
2166,SHORT,2023-03-20T10:50:59.999Z,1776.45,2023-03-20T11:18:59.999Z,1782.60,1000.00,-3.46,-0.3462,47.03
2167,SHORT,2023-03-20T12:10:59.999Z,1774.81,2023-03-20T12:36:59.999Z,1781.23,1000.00,-3.62,-0.3617,43.41
2168,SHORT,2023-03-20T13:14:59.999Z,1775.37,2023-03-20T18:59:59.999Z,1763.24,1000.00,6.83,0.6832,50.25
2169,SHORT,2023-03-20T19:14:59.999Z,1757.04,2023-03-20T21:01:59.999Z,1760.38,1000.00,-1.90,-0.1901,48.35
2170,SHORT,2023-03-20T21:46:59.999Z,1750.18,2023-03-21T00:51:59.999Z,1754.31,1000.00,-2.36,-0.2360,45.99
2171,SHORT,2023-03-21T03:31:59.999Z,1745.06,2023-03-21T04:20:59.999Z,1750.51,1000.00,-3.12,-0.3123,42.86
2172,SHORT,2023-03-21T05:08:59.999Z,1746.14,2023-03-21T09:15:59.999Z,1737.36,1000.00,5.03,0.5028,47.89
2173,SHORT,2023-03-21T17:32:59.999Z,1802.58,2023-03-21T20:40:59.999Z,1798.88,1000.00,2.05,0.2053,49.94
2174,SHORT,2023-03-21T21:19:59.999Z,1790.83,2023-03-21T23:19:59.999Z,1797.04,1000.00,-3.47,-0.3468,46.48
2175,SHORT,2023-03-22T00:40:59.999Z,1782.66,2023-03-22T02:10:59.999Z,1797.88,1000.00,-8.54,-0.8538,37.94
2176,SHORT,2023-03-22T06:40:59.999Z,1797.37,2023-03-22T12:21:59.999Z,1797.79,1000.00,-0.23,-0.0234,37.70
2177,SHORT,2023-03-22T17:02:59.999Z,1800.78,2023-03-22T23:48:59.999Z,1734.73,1000.00,36.68,3.6679,74.38
2178,SHORT,2023-03-23T01:48:59.999Z,1732.38,2023-03-23T02:33:59.999Z,1737.52,1000.00,-2.97,-0.2967,71.42
2179,SHORT,2023-03-23T04:58:59.999Z,1730.38,2023-03-23T05:34:59.999Z,1746.09,1000.00,-9.08,-0.9079,62.34
2180,SHORT,2023-03-23T11:13:59.999Z,1748.57,2023-03-23T11:59:59.999Z,1754.80,1000.00,-3.56,-0.3563,58.77
2181,SHORT,2023-03-23T13:10:59.999Z,1749.78,2023-03-23T14:47:59.999Z,1767.67,1000.00,-10.22,-1.0224,48.55
2182,SHORT,2023-03-23T18:55:59.999Z,1797.63,2023-03-23T20:43:59.999Z,1814.06,1000.00,-9.14,-0.9140,39.41
2183,SHORT,2023-03-23T21:18:59.999Z,1805.44,2023-03-23T21:56:59.999Z,1814.40,1000.00,-4.96,-0.4963,34.45
2184,SHORT,2023-03-23T22:26:59.999Z,1805.65,2023-03-23T23:19:59.999Z,1816.28,1000.00,-5.89,-0.5887,28.56
2185,SHORT,2023-03-24T01:05:59.999Z,1810.01,2023-03-24T01:42:59.999Z,1815.70,1000.00,-3.14,-0.3144,25.42
2186,SHORT,2023-03-24T02:56:59.999Z,1810.62,2023-03-24T06:14:59.999Z,1812.97,1000.00,-1.30,-0.1298,24.12
2187,SHORT,2023-03-24T08:14:59.999Z,1807.14,2023-03-24T19:20:59.999Z,1759.98,1000.00,26.10,2.6096,50.21
2188,SHORT,2023-03-24T20:40:59.999Z,1751.08,2023-03-24T23:29:59.999Z,1750.80,1000.00,0.16,0.0160,50.37
2189,SHORT,2023-03-25T04:48:59.999Z,1751.51,2023-03-25T07:44:59.999Z,1751.85,1000.00,-0.19,-0.0194,50.18
2190,SHORT,2023-03-25T07:50:59.999Z,1749.35,2023-03-25T10:49:59.999Z,1749.47,1000.00,-0.07,-0.0069,50.11
2191,SHORT,2023-03-25T11:53:59.999Z,1744.56,2023-03-25T13:37:59.999Z,1753.65,1000.00,-5.21,-0.5210,44.90
2192,SHORT,2023-03-25T17:26:59.999Z,1746.79,2023-03-25T21:33:59.999Z,1735.47,1000.00,6.48,0.6480,51.38
2193,SHORT,2023-03-25T21:45:59.999Z,1730.36,2023-03-25T22:07:59.999Z,1737.11,1000.00,-3.90,-0.3901,47.48
2194,SHORT,2023-03-26T04:23:59.999Z,1748.51,2023-03-26T05:49:59.999Z,1753.22,1000.00,-2.69,-0.2694,44.79
2195,SHORT,2023-03-26T14:49:59.999Z,1771.88,2023-03-26T18:12:59.999Z,1771.42,1000.00,0.26,0.0260,45.05
2196,SHORT,2023-03-26T18:38:59.999Z,1764.66,2023-03-26T19:19:59.999Z,1768.06,1000.00,-1.93,-0.1927,43.12
2197,SHORT,2023-03-26T19:29:59.999Z,1764.44,2023-03-26T20:07:59.999Z,1767.74,1000.00,-1.87,-0.1870,41.25
2198,SHORT,2023-03-26T20:34:59.999Z,1758.67,2023-03-26T22:14:59.999Z,1772.64,1000.00,-7.94,-0.7944,33.31
2199,SHORT,2023-03-27T01:27:59.999Z,1767.94,2023-03-27T09:18:59.999Z,1757.74,1000.00,5.77,0.5769,39.08
2200,SHORT,2023-03-27T12:46:59.999Z,1757.22,2023-03-27T22:04:59.999Z,1711.82,1000.00,25.84,2.5836,64.91
2201,SHORT,2023-03-27T22:41:59.999Z,1709.02,2023-03-27T23:19:59.999Z,1712.47,1000.00,-2.02,-0.2019,62.89
2202,SHORT,2023-03-28T00:57:59.999Z,1707.33,2023-03-28T01:38:59.999Z,1725.40,1000.00,-10.58,-1.0584,52.31
2203,SHORT,2023-03-28T03:15:59.999Z,1713.19,2023-03-28T04:36:59.999Z,1713.27,1000.00,-0.05,-0.0047,52.26
2204,SHORT,2023-03-28T08:35:59.999Z,1722.17,2023-03-28T08:49:59.999Z,1727.25,1000.00,-2.95,-0.2950,49.31
2205,SHORT,2023-03-28T09:37:59.999Z,1723.81,2023-03-28T11:25:59.999Z,1732.31,1000.00,-4.93,-0.4931,44.38
2206,SHORT,2023-03-28T16:30:59.999Z,1736.85,2023-03-28T18:27:59.999Z,1741.20,1000.00,-2.50,-0.2505,41.88
2207,SHORT,2023-03-29T03:51:59.999Z,1775.75,2023-03-29T04:04:59.999Z,1778.94,1000.00,-1.80,-0.1796,40.08
2208,SHORT,2023-03-29T11:03:59.999Z,1806.72,2023-03-29T14:13:59.999Z,1811.90,1000.00,-2.87,-0.2867,37.21
2209,SHORT,2023-03-29T14:30:59.999Z,1803.35,2023-03-29T16:01:59.999Z,1807.09,1000.00,-2.07,-0.2074,35.14
2210,SHORT,2023-03-29T16:04:59.999Z,1804.17,2023-03-29T18:49:59.999Z,1805.90,1000.00,-0.96,-0.0959,34.18
2211,SHORT,2023-03-29T21:07:59.999Z,1801.20,2023-03-30T02:19:59.999Z,1805.82,1000.00,-2.56,-0.2565,31.62
2212,SHORT,2023-03-30T03:22:59.999Z,1786.64,2023-03-30T04:55:59.999Z,1798.19,1000.00,-6.46,-0.6465,25.15
2213,SHORT,2023-03-30T05:07:59.999Z,1792.36,2023-03-30T05:56:59.999Z,1797.99,1000.00,-3.14,-0.3141,22.01
2214,SHORT,2023-03-30T09:19:59.999Z,1795.82,2023-03-30T10:12:59.999Z,1802.94,1000.00,-3.96,-0.3965,18.05
2215,SHORT,2023-03-30T13:39:59.999Z,1801.11,2023-03-30T19:48:59.999Z,1781.50,1000.00,10.89,1.0888,28.93
2216,SHORT,2023-03-30T23:05:59.999Z,1787.86,2023-03-30T23:32:59.999Z,1792.24,1000.00,-2.45,-0.2450,26.48
2217,SHORT,2023-03-31T04:22:59.999Z,1800.31,2023-03-31T04:40:59.999Z,1804.64,1000.00,-2.41,-0.2405,24.08
2218,SHORT,2023-03-31T05:50:59.999Z,1800.80,2023-03-31T10:32:59.999Z,1796.81,1000.00,2.22,0.2216,26.29
2219,SHORT,2023-03-31T11:30:59.999Z,1790.92,2023-03-31T11:56:59.999Z,1794.57,1000.00,-2.04,-0.2038,24.26
2220,SHORT,2023-03-31T12:18:59.999Z,1791.40,2023-03-31T12:21:59.999Z,1793.78,1000.00,-1.33,-0.1329,22.93
2221,SHORT,2023-03-31T17:52:59.999Z,1823.52,2023-03-31T19:44:59.999Z,1827.67,1000.00,-2.28,-0.2276,20.65
2222,SHORT,2023-03-31T20:23:59.999Z,1821.97,2023-03-31T21:54:59.999Z,1826.01,1000.00,-2.22,-0.2217,18.43
2223,SHORT,2023-03-31T23:42:59.999Z,1823.46,2023-04-01T01:34:59.999Z,1828.15,1000.00,-2.57,-0.2572,15.86
2224,SHORT,2023-04-01T03:43:59.999Z,1826.40,2023-04-01T04:49:59.999Z,1828.70,1000.00,-1.26,-0.1259,14.60
2225,SHORT,2023-04-01T05:08:59.999Z,1825.16,2023-04-01T07:50:59.999Z,1825.39,1000.00,-0.13,-0.0126,14.48
2226,SHORT,2023-04-01T08:04:59.999Z,1823.01,2023-04-01T08:10:59.999Z,1824.41,1000.00,-0.77,-0.0768,13.71
2227,SHORT,2023-04-01T08:21:59.999Z,1822.52,2023-04-01T08:28:59.999Z,1827.34,1000.00,-2.64,-0.2645,11.06
2228,SHORT,2023-04-01T10:15:59.999Z,1822.26,2023-04-01T10:54:59.999Z,1826.19,1000.00,-2.16,-0.2157,8.91
2229,SHORT,2023-04-01T12:01:59.999Z,1824.15,2023-04-01T12:43:59.999Z,1826.30,1000.00,-1.18,-0.1179,7.73
2230,SHORT,2023-04-01T13:54:59.999Z,1824.12,2023-04-01T20:27:59.999Z,1818.29,1000.00,3.20,0.3196,10.93
2231,SHORT,2023-04-02T00:37:59.999Z,1817.24,2023-04-02T03:39:59.999Z,1818.04,1000.00,-0.44,-0.0440,10.49
2232,SHORT,2023-04-02T04:46:59.999Z,1815.04,2023-04-02T05:35:59.999Z,1818.93,1000.00,-2.14,-0.2143,8.34
2233,SHORT,2023-04-02T08:20:59.999Z,1818.16,2023-04-02T09:28:59.999Z,1821.41,1000.00,-1.79,-0.1788,6.55
2234,SHORT,2023-04-02T10:35:59.999Z,1818.82,2023-04-02T23:02:59.999Z,1793.16,1000.00,14.11,1.4108,20.66
2235,SHORT,2023-04-03T00:53:59.999Z,1789.52,2023-04-03T01:00:59.999Z,1792.43,1000.00,-1.63,-0.1626,19.04
2236,SHORT,2023-04-03T01:12:59.999Z,1788.94,2023-04-03T05:37:59.999Z,1779.99,1000.00,5.00,0.5003,24.04
2237,SHORT,2023-04-03T12:30:59.999Z,1802.99,2023-04-03T13:39:59.999Z,1808.08,1000.00,-2.82,-0.2823,21.22
2238,SHORT,2023-04-03T14:41:59.999Z,1798.84,2023-04-03T17:52:59.999Z,1801.80,1000.00,-1.65,-0.1646,19.57
2239,SHORT,2023-04-03T20:15:59.999Z,1782.02,2023-04-03T22:22:59.999Z,1814.55,1000.00,-18.25,-1.8255,1.32
2240,SHORT,2023-04-04T04:16:59.999Z,1807.13,2023-04-04T05:39:59.999Z,1810.39,1000.00,-1.80,-0.1804,-0.49
2241,SHORT,2023-04-04T15:25:59.999Z,1856.71,2023-04-04T16:46:59.999Z,1865.82,1000.00,-4.91,-0.4907,-5.39
2242,SHORT,2023-04-04T19:31:59.999Z,1863.87,2023-04-04T19:49:59.999Z,1867.17,1000.00,-1.77,-0.1771,-7.16
2243,SHORT,2023-04-04T22:42:59.999Z,1867.66,2023-04-05T00:21:59.999Z,1873.00,1000.00,-2.86,-0.2859,-10.02
2244,SHORT,2023-04-05T07:51:59.999Z,1909.47,2023-04-05T08:37:59.999Z,1913.14,1000.00,-1.92,-0.1922,-11.95
2245,SHORT,2023-04-05T09:36:59.999Z,1908.49,2023-04-05T10:50:59.999Z,1912.35,1000.00,-2.02,-0.2023,-13.97
2246,SHORT,2023-04-05T12:34:59.999Z,1900.34,2023-04-05T12:50:59.999Z,1926.21,1000.00,-13.61,-1.3613,-27.58
2247,SHORT,2023-04-05T13:50:59.999Z,1910.01,2023-04-05T19:18:59.999Z,1904.29,1000.00,2.99,0.2995,-24.59
2248,SHORT,2023-04-06T00:09:59.999Z,1899.46,2023-04-06T14:22:59.999Z,1867.66,1000.00,16.74,1.6742,-7.85
2249,SHORT,2023-04-06T14:41:59.999Z,1864.63,2023-04-06T14:55:59.999Z,1869.42,1000.00,-2.57,-0.2569,-10.41
2250,SHORT,2023-04-06T18:41:59.999Z,1868.90,2023-04-06T20:30:59.999Z,1875.34,1000.00,-3.45,-0.3446,-13.86
2251,SHORT,2023-04-06T20:56:59.999Z,1866.00,2023-04-06T23:19:59.999Z,1870.60,1000.00,-2.47,-0.2465,-16.33
2252,SHORT,2023-04-07T02:35:59.999Z,1868.49,2023-04-07T03:19:59.999Z,1876.03,1000.00,-4.04,-0.4035,-20.36
2253,SHORT,2023-04-07T05:21:59.999Z,1874.76,2023-04-07T11:03:59.999Z,1857.59,1000.00,9.16,0.9159,-11.20
2254,SHORT,2023-04-07T11:05:59.999Z,1856.98,2023-04-07T14:06:59.999Z,1855.60,1000.00,0.74,0.0743,-10.46
2255,SHORT,2023-04-07T16:41:59.999Z,1853.21,2023-04-07T17:39:59.999Z,1858.68,1000.00,-2.95,-0.2952,-13.41
2256,SHORT,2023-04-07T18:51:59.999Z,1854.86,2023-04-07T21:26:59.999Z,1856.18,1000.00,-0.71,-0.0712,-14.12
2257,SHORT,2023-04-08T00:43:59.999Z,1856.52,2023-04-08T02:28:59.999Z,1860.63,1000.00,-2.21,-0.2214,-16.34
2258,SHORT,2023-04-08T08:48:59.999Z,1869.03,2023-04-08T09:54:59.999Z,1872.97,1000.00,-2.11,-0.2108,-18.44
2259,SHORT,2023-04-08T09:58:59.999Z,1870.23,2023-04-08T14:13:59.999Z,1868.75,1000.00,0.79,0.0791,-17.65
2260,SHORT,2023-04-08T15:31:59.999Z,1867.62,2023-04-08T17:17:59.999Z,1868.25,1000.00,-0.34,-0.0337,-17.99
2261,SHORT,2023-04-08T17:37:59.999Z,1866.45,2023-04-09T00:46:59.999Z,1856.04,1000.00,5.58,0.5577,-12.41
2262,SHORT,2023-04-09T03:13:59.999Z,1853.23,2023-04-09T05:27:59.999Z,1854.88,1000.00,-0.89,-0.0890,-13.30
2263,SHORT,2023-04-09T05:50:59.999Z,1851.75,2023-04-09T11:59:59.999Z,1839.22,1000.00,6.77,0.6767,-6.54
2264,SHORT,2023-04-09T13:24:59.999Z,1835.60,2023-04-09T15:51:59.999Z,1838.68,1000.00,-1.68,-0.1678,-8.21
2265,SHORT,2023-04-09T23:52:59.999Z,1857.45,2023-04-10T00:33:59.999Z,1861.79,1000.00,-2.34,-0.2337,-10.55
2266,SHORT,2023-04-10T00:34:59.999Z,1859.98,2023-04-10T00:41:59.999Z,1863.12,1000.00,-1.69,-0.1688,-12.24
2267,SHORT,2023-04-10T00:56:59.999Z,1859.62,2023-04-10T03:28:59.999Z,1858.44,1000.00,0.63,0.0635,-11.60
2268,SHORT,2023-04-10T05:15:59.999Z,1856.30,2023-04-10T05:42:59.999Z,1863.60,1000.00,-3.93,-0.3933,-15.54
2269,SHORT,2023-04-10T07:34:59.999Z,1855.30,2023-04-10T08:03:59.999Z,1860.13,1000.00,-2.60,-0.2603,-18.14
2270,SHORT,2023-04-10T09:06:59.999Z,1857.82,2023-04-10T09:27:59.999Z,1859.59,1000.00,-0.95,-0.0953,-19.09
2271,SHORT,2023-04-10T09:31:59.999Z,1858.58,2023-04-10T10:56:59.999Z,1862.09,1000.00,-1.89,-0.1889,-20.98
2272,SHORT,2023-04-10T11:55:59.999Z,1857.00,2023-04-10T14:49:59.999Z,1860.20,1000.00,-1.72,-0.1723,-22.71
2273,SHORT,2023-04-10T20:28:59.999Z,1883.92,2023-04-10T21:27:59.999Z,1889.81,1000.00,-3.13,-0.3126,-25.83
2274,SHORT,2023-04-11T04:43:59.999Z,1916.99,2023-04-11T05:19:59.999Z,1921.58,1000.00,-2.39,-0.2394,-28.23
2275,SHORT,2023-04-11T05:47:59.999Z,1914.26,2023-04-11T06:50:59.999Z,1920.25,1000.00,-3.13,-0.3129,-31.36
2276,SHORT,2023-04-11T08:45:59.999Z,1916.96,2023-04-11T10:44:59.999Z,1919.06,1000.00,-1.10,-0.1095,-32.45
2277,SHORT,2023-04-11T11:38:59.999Z,1916.31,2023-04-11T14:04:59.999Z,1922.75,1000.00,-3.36,-0.3361,-35.81
2278,SHORT,2023-04-11T14:39:59.999Z,1909.32,2023-04-11T19:20:59.999Z,1908.47,1000.00,0.45,0.0445,-35.37
2279,SHORT,2023-04-11T19:45:59.999Z,1894.25,2023-04-12T00:53:59.999Z,1893.32,1000.00,0.49,0.0491,-34.88
2280,SHORT,2023-04-12T00:56:59.999Z,1892.24,2023-04-12T07:06:59.999Z,1869.11,1000.00,12.22,1.2224,-22.65
2281,SHORT,2023-04-12T09:00:59.999Z,1866.80,2023-04-12T09:58:59.999Z,1870.85,1000.00,-2.17,-0.2169,-24.82
2282,SHORT,2023-04-12T18:43:59.999Z,1905.73,2023-04-12T20:55:59.999Z,1907.63,1000.00,-1.00,-0.0997,-25.82
2283,SHORT,2023-04-13T00:51:59.999Z,1910.09,2023-04-13T03:36:59.999Z,1910.84,1000.00,-0.39,-0.0393,-26.21
2284,SHORT,2023-04-13T06:58:59.999Z,1909.05,2023-04-13T07:31:59.999Z,1918.54,1000.00,-4.97,-0.4971,-31.18
2285,SHORT,2023-04-13T20:19:59.999Z,2005.81,2023-04-13T21:56:59.999Z,2009.50,1000.00,-1.84,-0.1840,-33.02
2286,SHORT,2023-04-13T23:09:59.999Z,2005.18,2023-04-13T23:55:59.999Z,2009.82,1000.00,-2.31,-0.2314,-35.34
2287,SHORT,2023-04-14T07:38:59.999Z,2104.43,2023-04-14T09:37:59.999Z,2112.42,1000.00,-3.80,-0.3797,-39.13
2288,SHORT,2023-04-14T12:48:59.999Z,2108.70,2023-04-14T18:09:59.999Z,2087.87,1000.00,9.88,0.9878,-29.25
2289,SHORT,2023-04-15T00:08:59.999Z,2094.96,2023-04-15T00:29:59.999Z,2102.88,1000.00,-3.78,-0.3781,-33.03
2290,SHORT,2023-04-15T00:37:59.999Z,2088.44,2023-04-15T03:10:59.999Z,2092.25,1000.00,-1.82,-0.1824,-34.86
2291,SHORT,2023-04-15T03:45:59.999Z,2087.52,2023-04-15T05:32:59.999Z,2089.17,1000.00,-0.79,-0.0790,-35.65
2292,SHORT,2023-04-15T06:11:59.999Z,2086.76,2023-04-15T07:18:59.999Z,2088.99,1000.00,-1.07,-0.1069,-36.72
2293,SHORT,2023-04-15T12:07:59.999Z,2098.67,2023-04-15T12:24:59.999Z,2103.48,1000.00,-2.29,-0.2292,-39.01
2294,SHORT,2023-04-15T13:40:59.999Z,2098.92,2023-04-15T15:33:59.999Z,2102.49,1000.00,-1.70,-0.1701,-40.71
2295,SHORT,2023-04-15T16:10:59.999Z,2095.52,2023-04-15T16:27:59.999Z,2103.01,1000.00,-3.57,-0.3574,-44.29
2296,SHORT,2023-04-15T17:23:59.999Z,2095.70,2023-04-15T20:21:59.999Z,2098.34,1000.00,-1.26,-0.1260,-45.54
2297,SHORT,2023-04-15T20:43:59.999Z,2094.62,2023-04-15T22:26:59.999Z,2095.63,1000.00,-0.48,-0.0482,-46.03
2298,SHORT,2023-04-15T23:48:59.999Z,2091.91,2023-04-16T04:32:59.999Z,2096.11,1000.00,-2.01,-0.2008,-48.03
2299,SHORT,2023-04-16T09:21:59.999Z,2094.17,2023-04-16T13:00:59.999Z,2092.23,1000.00,0.93,0.0926,-47.11
2300,SHORT,2023-04-16T13:18:59.999Z,2088.07,2023-04-16T15:22:59.999Z,2089.60,1000.00,-0.73,-0.0733,-47.84
2301,SHORT,2023-04-16T23:34:59.999Z,2116.83,2023-04-17T03:25:59.999Z,2101.83,1000.00,7.09,0.7086,-40.75
2302,SHORT,2023-04-17T03:32:59.999Z,2098.28,2023-04-17T05:58:59.999Z,2101.71,1000.00,-1.63,-0.1635,-42.39
2303,SHORT,2023-04-17T06:28:59.999Z,2096.25,2023-04-17T09:08:59.999Z,2096.40,1000.00,-0.07,-0.0072,-42.46
2304,SHORT,2023-04-17T09:36:59.999Z,2093.52,2023-04-17T16:27:59.999Z,2078.75,1000.00,7.06,0.7055,-35.41
2305,SHORT,2023-04-17T20:06:59.999Z,2080.01,2023-04-17T22:38:59.999Z,2081.79,1000.00,-0.86,-0.0856,-36.26
2306,SHORT,2023-04-17T23:24:59.999Z,2076.89,2023-04-18T02:21:59.999Z,2077.42,1000.00,-0.26,-0.0255,-36.52
2307,SHORT,2023-04-18T14:11:59.999Z,2104.04,2023-04-18T20:47:59.999Z,2088.83,1000.00,7.23,0.7229,-29.29
2308,SHORT,2023-04-19T02:10:59.999Z,2090.73,2023-04-19T14:05:59.999Z,1988.63,1000.00,48.83,4.8835,19.55
2309,SHORT,2023-04-19T15:50:59.999Z,1978.78,2023-04-19T19:27:59.999Z,1984.58,1000.00,-2.93,-0.2931,16.62
2310,SHORT,2023-04-19T19:50:59.999Z,1979.91,2023-04-19T20:09:59.999Z,1983.87,1000.00,-2.00,-0.2000,14.62
2311,SHORT,2023-04-19T20:25:59.999Z,1976.05,2023-04-20T02:09:59.999Z,1952.39,1000.00,11.97,1.1973,26.59
2312,SHORT,2023-04-20T02:14:59.999Z,1948.49,2023-04-20T04:02:59.999Z,1953.34,1000.00,-2.49,-0.2489,24.10
2313,SHORT,2023-04-20T07:33:59.999Z,1951.20,2023-04-20T08:24:59.999Z,1955.64,1000.00,-2.28,-0.2276,21.82
2314,SHORT,2023-04-20T08:46:59.999Z,1950.20,2023-04-20T09:21:59.999Z,1954.60,1000.00,-2.26,-0.2256,19.57
2315,SHORT,2023-04-20T10:48:59.999Z,1952.71,2023-04-20T12:32:59.999Z,1969.00,1000.00,-8.34,-0.8342,11.23
2316,SHORT,2023-04-20T15:34:59.999Z,1956.61,2023-04-20T20:45:59.999Z,1939.87,1000.00,8.56,0.8556,19.78
2317,SHORT,2023-04-21T00:33:59.999Z,1936.67,2023-04-21T00:39:59.999Z,1951.21,1000.00,-7.51,-0.7508,12.27
2318,SHORT,2023-04-21T01:59:59.999Z,1941.17,2023-04-21T03:09:59.999Z,1945.84,1000.00,-2.41,-0.2406,9.87
2319,SHORT,2023-04-21T04:47:59.999Z,1941.68,2023-04-21T10:24:59.999Z,1924.95,1000.00,8.62,0.8616,18.48
2320,SHORT,2023-04-21T10:35:59.999Z,1918.33,2023-04-21T13:13:59.999Z,1917.68,1000.00,0.34,0.0339,18.82
2321,SHORT,2023-04-21T14:00:59.999Z,1908.91,2023-04-21T23:35:59.999Z,1851.11,1000.00,30.28,3.0279,49.10
2322,SHORT,2023-04-22T00:54:59.999Z,1847.28,2023-04-22T01:25:59.999Z,1851.94,1000.00,-2.52,-0.2523,46.58
2323,SHORT,2023-04-22T06:26:59.999Z,1854.97,2023-04-22T11:50:59.999Z,1853.80,1000.00,0.63,0.0631,47.21
2324,SHORT,2023-04-22T13:46:59.999Z,1848.69,2023-04-22T14:35:59.999Z,1855.19,1000.00,-3.52,-0.3516,43.69
2325,SHORT,2023-04-22T19:40:59.999Z,1872.50,2023-04-22T22:14:59.999Z,1879.29,1000.00,-3.63,-0.3626,40.07
2326,SHORT,2023-04-23T00:16:59.999Z,1871.46,2023-04-23T03:31:59.999Z,1867.95,1000.00,1.88,0.1876,41.94
2327,SHORT,2023-04-23T10:21:59.999Z,1869.32,2023-04-23T11:54:59.999Z,1873.97,1000.00,-2.49,-0.2488,39.46
2328,SHORT,2023-04-23T14:47:59.999Z,1866.63,2023-04-23T17:07:59.999Z,1865.79,1000.00,0.45,0.0450,39.91
2329,SHORT,2023-04-23T17:33:59.999Z,1862.10,2023-04-23T21:56:59.999Z,1855.81,1000.00,3.38,0.3378,43.28
2330,SHORT,2023-04-23T22:15:59.999Z,1849.84,2023-04-23T22:23:59.999Z,1853.37,1000.00,-1.91,-0.1908,41.38
2331,SHORT,2023-04-24T00:38:59.999Z,1853.21,2023-04-24T00:52:59.999Z,1871.00,1000.00,-9.60,-0.9600,31.78
2332,SHORT,2023-04-24T03:21:59.999Z,1865.82,2023-04-24T11:05:59.999Z,1847.69,1000.00,9.72,0.9717,41.49
2333,SHORT,2023-04-24T15:10:59.999Z,1853.38,2023-04-24T20:18:59.999Z,1841.91,1000.00,6.19,0.6189,47.68
2334,SHORT,2023-04-24T21:33:59.999Z,1829.76,2023-04-24T22:25:59.999Z,1838.73,1000.00,-4.90,-0.4902,42.78
2335,SHORT,2023-04-25T01:45:59.999Z,1834.87,2023-04-25T11:22:59.999Z,1820.63,1000.00,7.76,0.7761,50.54
2336,SHORT,2023-04-25T14:06:59.999Z,1821.09,2023-04-25T16:39:59.999Z,1823.12,1000.00,-1.11,-0.1115,49.43
2337,SHORT,2023-04-26T03:23:59.999Z,1864.78,2023-04-26T05:19:59.999Z,1868.66,1000.00,-2.08,-0.2081,47.34
2338,SHORT,2023-04-26T06:31:59.999Z,1863.94,2023-04-26T08:28:59.999Z,1873.30,1000.00,-5.02,-0.5022,42.32
2339,SHORT,2023-04-26T18:42:59.999Z,1946.41,2023-04-27T00:18:59.999Z,1889.34,1000.00,29.32,2.9321,71.64
2340,SHORT,2023-04-27T06:22:59.999Z,1899.20,2023-04-27T11:17:59.999Z,1888.72,1000.00,5.52,0.5518,77.16
2341,SHORT,2023-04-27T11:36:59.999Z,1880.81,2023-04-27T14:00:59.999Z,1889.03,1000.00,-4.37,-0.4370,72.79
2342,SHORT,2023-04-27T22:04:59.999Z,1912.20,2023-04-28T01:51:59.999Z,1913.08,1000.00,-0.46,-0.0460,72.33
2343,SHORT,2023-04-28T02:15:59.999Z,1906.57,2023-04-28T04:21:59.999Z,1912.32,1000.00,-3.02,-0.3016,69.32
2344,SHORT,2023-04-28T08:43:59.999Z,1906.53,2023-04-28T11:27:59.999Z,1912.35,1000.00,-3.05,-0.3053,66.26
2345,SHORT,2023-04-28T11:37:59.999Z,1907.22,2023-04-28T18:54:59.999Z,1893.36,1000.00,7.27,0.7267,73.53
2346,SHORT,2023-04-28T23:25:59.999Z,1889.12,2023-04-29T02:22:59.999Z,1892.22,1000.00,-1.64,-0.1641,71.89
2347,SHORT,2023-04-29T06:59:59.999Z,1898.44,2023-04-29T07:00:59.999Z,1900.15,1000.00,-0.90,-0.0901,70.99
2348,SHORT,2023-04-29T08:29:59.999Z,1898.32,2023-04-29T09:57:59.999Z,1902.38,1000.00,-2.14,-0.2139,68.85
2349,SHORT,2023-04-29T10:18:59.999Z,1898.44,2023-04-29T13:09:59.999Z,1898.65,1000.00,-0.11,-0.0111,68.74
2350,SHORT,2023-04-29T16:22:59.999Z,1904.12,2023-04-29T19:39:59.999Z,1904.20,1000.00,-0.04,-0.0042,68.70
2351,SHORT,2023-04-29T23:09:59.999Z,1900.71,2023-04-29T23:46:59.999Z,1905.51,1000.00,-2.53,-0.2525,66.17
2352,SHORT,2023-04-30T00:44:59.999Z,1901.46,2023-04-30T05:12:59.999Z,1898.79,1000.00,1.40,0.1404,67.58
2353,SHORT,2023-04-30T09:44:59.999Z,1902.51,2023-04-30T09:45:59.999Z,1903.33,1000.00,-0.43,-0.0431,67.14
2354,SHORT,2023-04-30T11:38:59.999Z,1903.36,2023-04-30T13:30:59.999Z,1905.00,1000.00,-0.86,-0.0862,66.28
2355,SHORT,2023-04-30T18:42:59.999Z,1920.19,2023-05-01T07:06:59.999Z,1853.51,1000.00,34.73,3.4726,101.01
2356,SHORT,2023-05-01T08:11:59.999Z,1845.52,2023-05-01T09:16:59.999Z,1849.50,1000.00,-2.16,-0.2157,98.85
2357,SHORT,2023-05-01T09:49:59.999Z,1846.16,2023-05-01T12:38:59.999Z,1850.12,1000.00,-2.14,-0.2145,96.71
2358,SHORT,2023-05-01T13:51:59.999Z,1843.45,2023-05-01T17:25:59.999Z,1838.15,1000.00,2.88,0.2875,99.58
2359,SHORT,2023-05-01T17:27:59.999Z,1835.39,2023-05-01T17:50:59.999Z,1839.68,1000.00,-2.34,-0.2337,97.24
2360,SHORT,2023-05-01T18:21:59.999Z,1835.50,2023-05-01T21:57:59.999Z,1825.35,1000.00,5.53,0.5530,102.77
2361,SHORT,2023-05-02T02:03:59.999Z,1825.95,2023-05-02T04:00:59.999Z,1831.59,1000.00,-3.09,-0.3089,99.69
2362,SHORT,2023-05-02T04:44:59.999Z,1828.35,2023-05-02T05:51:59.999Z,1830.20,1000.00,-1.01,-0.1012,98.67
2363,SHORT,2023-05-02T06:30:59.999Z,1826.87,2023-05-02T06:59:59.999Z,1828.71,1000.00,-1.01,-0.1007,97.67
2364,SHORT,2023-05-02T09:21:59.999Z,1831.12,2023-05-02T11:22:59.999Z,1834.30,1000.00,-1.74,-0.1737,95.93
2365,SHORT,2023-05-02T13:31:59.999Z,1830.07,2023-05-02T13:35:59.999Z,1832.21,1000.00,-1.17,-0.1169,94.76
2366,SHORT,2023-05-02T13:36:59.999Z,1826.22,2023-05-02T14:19:59.999Z,1839.30,1000.00,-7.16,-0.7162,87.60
2367,SHORT,2023-05-02T23:44:59.999Z,1869.09,2023-05-03T06:41:59.999Z,1865.56,1000.00,1.89,0.1889,89.49
2368,SHORT,2023-05-03T11:11:59.999Z,1865.45,2023-05-03T16:26:59.999Z,1859.75,1000.00,3.06,0.3056,92.54
2369,SHORT,2023-05-03T20:34:59.999Z,1867.78,2023-05-03T21:16:59.999Z,1881.40,1000.00,-7.29,-0.7292,85.25
2370,SHORT,2023-05-04T02:50:59.999Z,1899.34,2023-05-04T03:00:59.999Z,1902.53,1000.00,-1.68,-0.1680,83.57
2371,SHORT,2023-05-04T05:08:59.999Z,1898.49,2023-05-04T06:00:59.999Z,1903.41,1000.00,-2.59,-0.2592,80.98
2372,SHORT,2023-05-04T06:02:59.999Z,1900.56,2023-05-04T08:32:59.999Z,1901.03,1000.00,-0.25,-0.0247,80.73
2373,SHORT,2023-05-04T09:33:59.999Z,1899.18,2023-05-04T09:57:59.999Z,1902.38,1000.00,-1.68,-0.1685,79.05
2374,SHORT,2023-05-04T12:29:59.999Z,1905.05,2023-05-04T23:38:59.999Z,1876.25,1000.00,15.12,1.5118,94.16
2375,SHORT,2023-05-05T07:41:59.999Z,1894.37,2023-05-05T08:23:59.999Z,1899.34,1000.00,-2.62,-0.2624,91.54
2376,SHORT,2023-05-05T09:06:59.999Z,1896.99,2023-05-05T09:09:59.999Z,1897.52,1000.00,-0.28,-0.0279,91.26
2377,SHORT,2023-05-05T09:17:59.999Z,1896.49,2023-05-05T09:20:59.999Z,1897.81,1000.00,-0.70,-0.0696,90.57
2378,SHORT,2023-05-06T01:28:59.999Z,1985.69,2023-05-06T18:23:59.999Z,1889.28,1000.00,48.55,4.8552,139.12
2379,SHORT,2023-05-06T21:38:59.999Z,1892.52,2023-05-06T22:57:59.999Z,1895.66,1000.00,-1.66,-0.1659,137.46
2380,SHORT,2023-05-07T02:29:59.999Z,1896.64,2023-05-07T05:23:59.999Z,1895.79,1000.00,0.45,0.0448,137.91
2381,SHORT,2023-05-07T09:23:59.999Z,1901.37,2023-05-07T09:27:59.999Z,1905.58,1000.00,-2.21,-0.2214,135.69
2382,SHORT,2023-05-07T10:11:59.999Z,1900.18,2023-05-07T10:58:59.999Z,1905.65,1000.00,-2.88,-0.2879,132.81
2383,SHORT,2023-05-07T11:17:59.999Z,1901.60,2023-05-07T12:15:59.999Z,1906.78,1000.00,-2.72,-0.2724,130.09
2384,SHORT,2023-05-07T16:33:59.999Z,1909.04,2023-05-07T17:15:59.999Z,1918.73,1000.00,-5.08,-0.5076,125.01
2385,SHORT,2023-05-07T17:35:59.999Z,1914.84,2023-05-07T20:12:59.999Z,1915.57,1000.00,-0.38,-0.0381,124.63
2386,SHORT,2023-05-07T21:57:59.999Z,1908.77,2023-05-08T05:36:59.999Z,1867.08,1000.00,21.84,2.1841,146.47
2387,SHORT,2023-05-08T06:47:59.999Z,1862.23,2023-05-08T10:16:59.999Z,1855.14,1000.00,3.81,0.3807,150.28
2388,SHORT,2023-05-08T13:10:59.999Z,1856.19,2023-05-08T13:14:59.999Z,1859.77,1000.00,-1.93,-0.1929,148.35
2389,SHORT,2023-05-08T14:12:59.999Z,1852.27,2023-05-08T14:56:59.999Z,1867.36,1000.00,-8.15,-0.8147,140.21
2390,SHORT,2023-05-08T16:47:59.999Z,1860.85,2023-05-08T21:49:59.999Z,1845.01,1000.00,8.51,0.8512,148.72
2391,SHORT,2023-05-09T00:53:59.999Z,1841.30,2023-05-09T01:06:59.999Z,1854.47,1000.00,-7.15,-0.7153,141.57
2392,SHORT,2023-05-09T02:25:59.999Z,1841.49,2023-05-09T07:40:59.999Z,1843.00,1000.00,-0.82,-0.0820,140.75
2393,SHORT,2023-05-09T09:09:59.999Z,1840.19,2023-05-09T09:18:59.999Z,1841.93,1000.00,-0.95,-0.0946,139.80
2394,SHORT,2023-05-09T09:21:59.999Z,1839.73,2023-05-09T10:28:59.999Z,1843.36,1000.00,-1.97,-0.1973,137.83
2395,SHORT,2023-05-09T11:15:59.999Z,1836.99,2023-05-09T11:33:59.999Z,1845.48,1000.00,-4.62,-0.4622,133.21
2396,SHORT,2023-05-09T13:51:59.999Z,1840.22,2023-05-09T16:55:59.999Z,1848.01,1000.00,-4.23,-0.4233,128.97
2397,SHORT,2023-05-09T19:14:59.999Z,1843.92,2023-05-09T19:22:59.999Z,1847.90,1000.00,-2.16,-0.2158,126.81
2398,SHORT,2023-05-09T21:14:59.999Z,1846.29,2023-05-09T23:46:59.999Z,1848.43,1000.00,-1.16,-0.1159,125.65
2399,SHORT,2023-05-10T02:23:59.999Z,1847.04,2023-05-10T10:09:59.999Z,1841.65,1000.00,2.92,0.2918,128.57
2400,SHORT,2023-05-10T17:14:59.999Z,1855.01,2023-05-10T19:30:59.999Z,1851.51,1000.00,1.89,0.1887,130.46
2401,SHORT,2023-05-10T21:29:59.999Z,1842.56,2023-05-11T06:02:59.999Z,1830.32,1000.00,6.64,0.6643,137.10
2402,SHORT,2023-05-11T06:21:59.999Z,1828.71,2023-05-11T06:25:59.999Z,1829.76,1000.00,-0.57,-0.0574,136.53
2403,SHORT,2023-05-11T06:38:59.999Z,1828.43,2023-05-11T06:52:59.999Z,1830.28,1000.00,-1.01,-0.1012,135.52
2404,SHORT,2023-05-11T08:03:59.999Z,1817.35,2023-05-11T11:06:59.999Z,1823.22,1000.00,-3.23,-0.3230,132.29
2405,SHORT,2023-05-11T11:25:59.999Z,1822.33,2023-05-11T11:30:59.999Z,1824.07,1000.00,-0.95,-0.0955,131.33
2406,SHORT,2023-05-11T11:42:59.999Z,1821.46,2023-05-11T12:09:59.999Z,1829.60,1000.00,-4.47,-0.4469,126.86
2407,SHORT,2023-05-11T13:00:59.999Z,1818.07,2023-05-11T20:43:59.999Z,1794.68,1000.00,12.87,1.2865,139.73
2408,SHORT,2023-05-11T23:01:59.999Z,1790.77,2023-05-11T23:44:59.999Z,1799.01,1000.00,-4.60,-0.4601,135.13
2409,SHORT,2023-05-12T01:35:59.999Z,1790.58,2023-05-12T08:11:59.999Z,1761.44,1000.00,16.27,1.6274,151.40
2410,SHORT,2023-05-12T08:26:59.999Z,1756.60,2023-05-12T08:46:59.999Z,1761.40,1000.00,-2.73,-0.2733,148.67
2411,SHORT,2023-05-12T15:04:59.999Z,1768.78,2023-05-12T16:28:59.999Z,1773.51,1000.00,-2.67,-0.2674,145.99
2412,SHORT,2023-05-12T19:01:59.999Z,1769.18,2023-05-12T19:59:59.999Z,1790.01,1000.00,-11.77,-1.1774,134.22
2413,SHORT,2023-05-13T04:03:59.999Z,1805.61,2023-05-13T07:46:59.999Z,1804.39,1000.00,0.68,0.0676,134.90
2414,SHORT,2023-05-13T11:43:59.999Z,1803.50,2023-05-13T12:38:59.999Z,1809.63,1000.00,-3.40,-0.3399,131.50
2415,SHORT,2023-05-13T12:56:59.999Z,1801.43,2023-05-13T13:12:59.999Z,1806.46,1000.00,-2.79,-0.2792,128.71
2416,SHORT,2023-05-13T13:24:59.999Z,1802.62,2023-05-13T18:48:59.999Z,1799.01,1000.00,2.00,0.2003,130.71
2417,SHORT,2023-05-13T19:01:59.999Z,1789.90,2023-05-13T19:22:59.999Z,1799.16,1000.00,-5.17,-0.5173,125.53
2418,SHORT,2023-05-13T19:41:59.999Z,1792.54,2023-05-13T20:28:59.999Z,1797.41,1000.00,-2.72,-0.2717,122.82
2419,SHORT,2023-05-13T23:52:59.999Z,1794.78,2023-05-14T02:53:59.999Z,1798.21,1000.00,-1.91,-0.1911,120.91
2420,SHORT,2023-05-14T08:14:59.999Z,1802.43,2023-05-14T12:58:59.999Z,1807.36,1000.00,-2.74,-0.2735,118.17
2421,SHORT,2023-05-14T17:03:59.999Z,1806.51,2023-05-14T22:22:59.999Z,1801.10,1000.00,2.99,0.2995,121.17
2422,SHORT,2023-05-14T23:14:59.999Z,1796.13,2023-05-14T23:36:59.999Z,1800.60,1000.00,-2.49,-0.2489,118.68
2423,SHORT,2023-05-15T00:15:59.999Z,1795.00,2023-05-15T01:30:59.999Z,1809.06,1000.00,-7.83,-0.7833,110.84
2424,SHORT,2023-05-15T09:50:59.999Z,1827.88,2023-05-15T11:05:59.999Z,1828.68,1000.00,-0.44,-0.0438,110.41
2425,SHORT,2023-05-15T11:06:59.999Z,1826.35,2023-05-15T11:28:59.999Z,1828.85,1000.00,-1.37,-0.1369,109.04
2426,SHORT,2023-05-15T11:32:59.999Z,1827.24,2023-05-15T15:20:59.999Z,1826.92,1000.00,0.18,0.0175,109.21
2427,SHORT,2023-05-15T18:26:59.999Z,1828.19,2023-05-16T03:41:59.999Z,1812.73,1000.00,8.46,0.8456,117.67
2428,SHORT,2023-05-16T05:47:59.999Z,1809.96,2023-05-16T07:02:59.999Z,1812.97,1000.00,-1.66,-0.1663,116.01
2429,SHORT,2023-05-16T10:08:59.999Z,1815.92,2023-05-16T11:49:59.999Z,1818.40,1000.00,-1.37,-0.1366,114.64
2430,SHORT,2023-05-16T13:58:59.999Z,1814.01,2023-05-16T15:12:59.999Z,1818.41,1000.00,-2.43,-0.2426,112.22
2431,SHORT,2023-05-16T19:53:59.999Z,1817.52,2023-05-16T21:21:59.999Z,1823.57,1000.00,-3.33,-0.3329,108.89
2432,SHORT,2023-05-16T23:09:59.999Z,1820.87,2023-05-16T23:34:59.999Z,1825.80,1000.00,-2.71,-0.2707,106.18
2433,SHORT,2023-05-17T00:05:59.999Z,1822.97,2023-05-17T00:58:59.999Z,1825.87,1000.00,-1.59,-0.1591,104.59
2434,SHORT,2023-05-17T02:58:59.999Z,1823.42,2023-05-17T15:17:59.999Z,1799.59,1000.00,13.07,1.3069,117.66
2435,SHORT,2023-05-17T15:23:59.999Z,1794.21,2023-05-17T15:39:59.999Z,1797.41,1000.00,-1.78,-0.1784,115.87
2436,SHORT,2023-05-17T15:51:59.999Z,1795.08,2023-05-17T16:00:59.999Z,1797.14,1000.00,-1.15,-0.1148,114.73
2437,SHORT,2023-05-17T16:03:59.999Z,1795.21,2023-05-17T16:07:59.999Z,1797.84,1000.00,-1.47,-0.1465,113.26
2438,SHORT,2023-05-17T22:28:59.999Z,1822.33,2023-05-18T01:19:59.999Z,1823.42,1000.00,-0.60,-0.0598,112.66
2439,SHORT,2023-05-18T01:46:59.999Z,1819.41,2023-05-18T02:36:59.999Z,1823.67,1000.00,-2.34,-0.2341,110.32
2440,SHORT,2023-05-18T05:01:59.999Z,1822.26,2023-05-18T07:42:59.999Z,1828.06,1000.00,-3.18,-0.3183,107.14
2441,SHORT,2023-05-18T11:32:59.999Z,1825.27,2023-05-18T20:27:59.999Z,1796.27,1000.00,15.89,1.5888,123.03
2442,SHORT,2023-05-18T23:53:59.999Z,1802.60,2023-05-19T03:37:59.999Z,1803.45,1000.00,-0.47,-0.0472,122.55
2443,SHORT,2023-05-19T04:10:59.999Z,1800.22,2023-05-19T04:51:59.999Z,1803.58,1000.00,-1.87,-0.1866,120.69
2444,SHORT,2023-05-19T11:10:59.999Z,1806.01,2023-05-19T12:04:59.999Z,1809.08,1000.00,-1.70,-0.1700,118.99
2445,SHORT,2023-05-19T14:22:59.999Z,1809.93,2023-05-19T15:20:59.999Z,1826.23,1000.00,-9.01,-0.9006,109.98
2446,SHORT,2023-05-19T19:17:59.999Z,1813.77,2023-05-19T21:43:59.999Z,1813.93,1000.00,-0.09,-0.0088,109.89
2447,SHORT,2023-05-19T21:54:59.999Z,1812.53,2023-05-19T23:39:59.999Z,1813.93,1000.00,-0.77,-0.0772,109.12
2448,SHORT,2023-05-19T23:47:59.999Z,1812.40,2023-05-20T03:35:59.999Z,1811.56,1000.00,0.46,0.0463,109.59
2449,SHORT,2023-05-20T05:34:59.999Z,1810.75,2023-05-20T07:45:59.999Z,1811.26,1000.00,-0.28,-0.0282,109.30
2450,SHORT,2023-05-20T16:39:59.999Z,1815.31,2023-05-20T17:46:59.999Z,1824.53,1000.00,-5.08,-0.5079,104.22
2451,SHORT,2023-05-20T20:29:59.999Z,1818.47,2023-05-20T23:32:59.999Z,1818.30,1000.00,0.09,0.0093,104.32
2452,SHORT,2023-05-21T02:02:59.999Z,1817.17,2023-05-21T07:45:59.999Z,1816.82,1000.00,0.19,0.0193,104.51
2453,SHORT,2023-05-21T08:05:59.999Z,1814.10,2023-05-21T09:50:59.999Z,1816.59,1000.00,-1.37,-0.1373,103.14
2454,SHORT,2023-05-21T10:17:59.999Z,1814.93,2023-05-21T13:07:59.999Z,1813.30,1000.00,0.90,0.0898,104.04
2455,SHORT,2023-05-21T15:44:59.999Z,1803.72,2023-05-21T19:44:59.999Z,1808.60,1000.00,-2.71,-0.2706,101.33
2456,SHORT,2023-05-21T21:00:59.999Z,1805.25,2023-05-21T23:10:59.999Z,1807.65,1000.00,-1.33,-0.1329,100.00
2457,SHORT,2023-05-21T23:58:59.999Z,1804.57,2023-05-22T00:13:59.999Z,1806.72,1000.00,-1.19,-0.1191,98.81
2458,SHORT,2023-05-22T00:22:59.999Z,1804.85,2023-05-22T03:00:59.999Z,1801.85,1000.00,1.66,0.1662,100.47
2459,SHORT,2023-05-22T11:42:59.999Z,1813.00,2023-05-22T12:34:59.999Z,1816.11,1000.00,-1.72,-0.1715,98.76
2460,SHORT,2023-05-22T12:46:59.999Z,1813.08,2023-05-22T13:36:59.999Z,1819.96,1000.00,-3.79,-0.3795,94.96
2461,SHORT,2023-05-22T15:22:59.999Z,1813.87,2023-05-22T15:56:59.999Z,1817.61,1000.00,-2.06,-0.2062,92.90
2462,SHORT,2023-05-22T17:13:59.999Z,1814.77,2023-05-22T18:01:59.999Z,1819.36,1000.00,-2.53,-0.2529,90.37
2463,SHORT,2023-05-22T19:30:59.999Z,1816.50,2023-05-22T21:04:59.999Z,1820.58,1000.00,-2.25,-0.2246,88.13
2464,SHORT,2023-05-22T23:08:59.999Z,1818.14,2023-05-23T00:35:59.999Z,1822.15,1000.00,-2.21,-0.2206,85.92
2465,SHORT,2023-05-23T01:00:59.999Z,1815.82,2023-05-23T01:28:59.999Z,1824.13,1000.00,-4.58,-0.4576,81.34
2466,SHORT,2023-05-23T07:21:59.999Z,1855.00,2023-05-23T08:55:59.999Z,1857.41,1000.00,-1.30,-0.1299,80.04
2467,SHORT,2023-05-23T11:54:59.999Z,1853.62,2023-05-23T14:56:59.999Z,1854.39,1000.00,-0.42,-0.0415,79.63
2468,SHORT,2023-05-23T16:47:59.999Z,1850.28,2023-05-23T19:51:59.999Z,1852.37,1000.00,-1.13,-0.1130,78.50
2469,SHORT,2023-05-23T22:00:59.999Z,1848.09,2023-05-23T22:40:59.999Z,1851.65,1000.00,-1.93,-0.1926,76.57
2470,SHORT,2023-05-24T00:38:59.999Z,1850.01,2023-05-24T12:42:59.999Z,1818.16,1000.00,17.22,1.7216,93.79
2471,SHORT,2023-05-24T13:29:59.999Z,1815.28,2023-05-24T19:33:59.999Z,1796.38,1000.00,10.41,1.0412,104.20
2472,SHORT,2023-05-25T00:34:59.999Z,1797.16,2023-05-25T05:54:59.999Z,1782.33,1000.00,8.25,0.8252,112.45
2473,SHORT,2023-05-25T07:37:59.999Z,1779.27,2023-05-25T08:22:59.999Z,1784.48,1000.00,-2.93,-0.2928,109.52
2474,SHORT,2023-05-25T11:41:59.999Z,1783.15,2023-05-25T11:56:59.999Z,1790.60,1000.00,-4.18,-0.4178,105.35
2475,SHORT,2023-05-25T15:30:59.999Z,1793.39,2023-05-25T16:42:59.999Z,1797.04,1000.00,-2.04,-0.2035,103.31
2476,SHORT,2023-05-25T21:52:59.999Z,1806.80,2023-05-25T22:02:59.999Z,1808.62,1000.00,-1.01,-0.1007,102.30
2477,SHORT,2023-05-25T22:33:59.999Z,1806.74,2023-05-25T23:11:59.999Z,1809.02,1000.00,-1.26,-0.1262,101.04
2478,SHORT,2023-05-25T23:39:59.999Z,1806.20,2023-05-26T03:38:59.999Z,1806.98,1000.00,-0.43,-0.0432,100.61
2479,SHORT,2023-05-26T05:48:59.999Z,1804.28,2023-05-26T06:33:59.999Z,1806.33,1000.00,-1.14,-0.1136,99.47
2480,SHORT,2023-05-26T17:35:59.999Z,1826.73,2023-05-26T18:42:59.999Z,1833.67,1000.00,-3.80,-0.3799,95.67
2481,SHORT,2023-05-26T21:49:59.999Z,1831.63,2023-05-27T02:00:59.999Z,1830.00,1000.00,0.89,0.0890,96.56
2482,SHORT,2023-05-27T02:23:59.999Z,1827.53,2023-05-27T02:44:59.999Z,1831.80,1000.00,-2.34,-0.2336,94.23
2483,SHORT,2023-05-27T05:41:59.999Z,1830.18,2023-05-27T07:02:59.999Z,1832.70,1000.00,-1.38,-0.1377,92.85
2484,SHORT,2023-05-27T07:23:59.999Z,1831.11,2023-05-27T12:37:59.999Z,1828.65,1000.00,1.34,0.1343,94.19
2485,SHORT,2023-05-27T13:57:59.999Z,1815.61,2023-05-27T17:50:59.999Z,1825.12,1000.00,-5.24,-0.5238,88.96
2486,SHORT,2023-05-28T00:21:59.999Z,1825.28,2023-05-28T00:41:59.999Z,1840.79,1000.00,-8.50,-0.8497,80.46
2487,SHORT,2023-05-28T05:47:59.999Z,1847.11,2023-05-28T11:10:59.999Z,1846.66,1000.00,0.24,0.0244,80.70
2488,SHORT,2023-05-28T11:32:59.999Z,1844.20,2023-05-28T16:00:59.999Z,1843.55,1000.00,0.35,0.0352,81.06
2489,SHORT,2023-05-28T16:35:59.999Z,1841.38,2023-05-28T16:39:59.999Z,1843.00,1000.00,-0.88,-0.0880,80.18
2490,SHORT,2023-05-29T03:17:59.999Z,1906.99,2023-05-29T09:34:59.999Z,1903.90,1000.00,1.62,0.1620,81.80
2491,SHORT,2023-05-29T10:55:59.999Z,1899.64,2023-05-29T11:15:59.999Z,1903.61,1000.00,-2.09,-0.2090,79.71
2492,SHORT,2023-05-29T12:20:59.999Z,1899.89,2023-05-29T18:16:59.999Z,1892.30,1000.00,3.99,0.3995,83.70
2493,SHORT,2023-05-29T21:38:59.999Z,1890.55,2023-05-29T21:47:59.999Z,1894.47,1000.00,-2.07,-0.2073,81.63
2494,SHORT,2023-05-29T21:58:59.999Z,1890.44,2023-05-29T23:08:59.999Z,1894.19,1000.00,-1.98,-0.1984,79.64
2495,SHORT,2023-05-30T00:28:59.999Z,1889.96,2023-05-30T01:07:59.999Z,1896.13,1000.00,-3.26,-0.3265,76.38
2496,SHORT,2023-05-30T04:55:59.999Z,1897.92,2023-05-30T06:07:59.999Z,1900.82,1000.00,-1.53,-0.1528,74.85
2497,SHORT,2023-05-30T08:14:59.999Z,1899.51,2023-05-30T08:17:59.999Z,1900.98,1000.00,-0.77,-0.0774,74.08
2498,SHORT,2023-05-30T12:46:59.999Z,1905.96,2023-05-30T13:08:59.999Z,1911.03,1000.00,-2.66,-0.2660,71.42
2499,SHORT,2023-05-30T13:55:59.999Z,1904.38,2023-05-30T17:49:59.999Z,1910.40,1000.00,-3.16,-0.3161,68.26
2500,SHORT,2023-05-30T20:56:59.999Z,1903.54,2023-05-30T21:16:59.999Z,1906.72,1000.00,-1.67,-0.1671,66.59
2501,SHORT,2023-05-30T22:04:59.999Z,1901.68,2023-05-31T00:59:59.999Z,1904.96,1000.00,-1.72,-0.1725,64.86
2502,SHORT,2023-05-31T02:04:59.999Z,1896.90,2023-05-31T13:12:59.999Z,1870.93,1000.00,13.69,1.3691,78.55
2503,SHORT,2023-05-31T14:11:59.999Z,1864.07,2023-05-31T17:35:59.999Z,1864.18,1000.00,-0.06,-0.0059,78.49
2504,SHORT,2023-05-31T21:27:59.999Z,1861.63,2023-05-31T22:17:59.999Z,1866.34,1000.00,-2.53,-0.2530,75.96
2505,SHORT,2023-06-01T02:20:59.999Z,1871.14,2023-06-01T08:43:59.999Z,1857.79,1000.00,7.13,0.7135,83.10
2506,SHORT,2023-06-01T12:16:59.999Z,1858.41,2023-06-01T12:30:59.999Z,1861.42,1000.00,-1.62,-0.1620,81.48
2507,SHORT,2023-06-01T14:23:59.999Z,1857.99,2023-06-01T15:24:59.999Z,1862.92,1000.00,-2.65,-0.2653,78.82
2508,SHORT,2023-06-01T19:37:59.999Z,1864.18,2023-06-01T21:14:59.999Z,1871.26,1000.00,-3.80,-0.3798,75.03
2509,SHORT,2023-06-01T21:54:59.999Z,1869.19,2023-06-02T01:36:59.999Z,1868.40,1000.00,0.42,0.0423,75.45
2510,SHORT,2023-06-02T08:01:59.999Z,1886.58,2023-06-02T08:03:59.999Z,1887.81,1000.00,-0.65,-0.0652,74.80
2511,SHORT,2023-06-02T12:55:59.999Z,1888.21,2023-06-02T15:54:59.999Z,1891.41,1000.00,-1.69,-0.1695,73.10
2512,SHORT,2023-06-03T00:55:59.999Z,1903.37,2023-06-03T05:09:59.999Z,1901.90,1000.00,0.77,0.0772,73.87
2513,SHORT,2023-06-03T08:59:59.999Z,1902.55,2023-06-03T09:44:59.999Z,1903.08,1000.00,-0.28,-0.0279,73.60
2514,SHORT,2023-06-03T10:10:59.999Z,1899.42,2023-06-03T10:39:59.999Z,1906.06,1000.00,-3.50,-0.3496,70.10
2515,SHORT,2023-06-03T13:12:59.999Z,1902.86,2023-06-03T16:30:59.999Z,1902.86,1000.00,0.00,0.0000,70.10
2516,SHORT,2023-06-03T16:48:59.999Z,1898.57,2023-06-03T22:37:59.999Z,1890.14,1000.00,4.44,0.4440,74.54
2517,SHORT,2023-06-04T00:59:59.999Z,1887.97,2023-06-04T01:35:59.999Z,1891.23,1000.00,-1.73,-0.1727,72.81
2518,SHORT,2023-06-04T01:50:59.999Z,1890.15,2023-06-04T01:53:59.999Z,1891.23,1000.00,-0.57,-0.0571,72.24
2519,SHORT,2023-06-04T05:39:59.999Z,1891.66,2023-06-04T06:34:59.999Z,1894.82,1000.00,-1.67,-0.1670,70.57
2520,SHORT,2023-06-04T12:26:59.999Z,1902.21,2023-06-04T12:41:59.999Z,1904.49,1000.00,-1.20,-0.1199,69.37
2521,SHORT,2023-06-04T14:32:59.999Z,1900.31,2023-06-04T14:47:59.999Z,1906.23,1000.00,-3.12,-0.3115,66.26
2522,SHORT,2023-06-04T15:38:59.999Z,1903.94,2023-06-04T18:22:59.999Z,1903.56,1000.00,0.20,0.0200,66.46
2523,SHORT,2023-06-04T21:49:59.999Z,1901.22,2023-06-04T22:14:59.999Z,1906.13,1000.00,-2.58,-0.2583,63.87
2524,SHORT,2023-06-04T23:09:59.999Z,1902.99,2023-06-05T07:46:59.999Z,1872.66,1000.00,15.94,1.5938,79.81
2525,SHORT,2023-06-05T08:54:59.999Z,1869.59,2023-06-05T12:13:59.999Z,1870.23,1000.00,-0.34,-0.0342,79.47
2526,SHORT,2023-06-05T12:30:59.999Z,1868.40,2023-06-05T14:04:59.999Z,1871.15,1000.00,-1.47,-0.1472,78.00
2527,SHORT,2023-06-05T14:14:59.999Z,1864.77,2023-06-05T14:52:59.999Z,1868.08,1000.00,-1.78,-0.1775,76.22
2528,SHORT,2023-06-05T15:02:59.999Z,1860.34,2023-06-05T22:41:59.999Z,1808.99,1000.00,27.60,2.7602,103.83
2529,SHORT,2023-06-06T01:19:59.999Z,1807.96,2023-06-06T02:34:59.999Z,1811.60,1000.00,-2.01,-0.2013,101.81
2530,SHORT,2023-06-06T07:52:59.999Z,1813.83,2023-06-06T08:24:59.999Z,1814.87,1000.00,-0.57,-0.0573,101.24
2531,SHORT,2023-06-06T11:37:59.999Z,1814.44,2023-06-06T14:00:59.999Z,1818.45,1000.00,-2.21,-0.2210,99.03
2532,SHORT,2023-06-07T01:34:59.999Z,1880.50,2023-06-07T04:55:59.999Z,1879.25,1000.00,0.66,0.0665,99.69
2533,SHORT,2023-06-07T06:53:59.999Z,1877.13,2023-06-07T11:42:59.999Z,1870.82,1000.00,3.36,0.3362,103.06
2534,SHORT,2023-06-07T13:10:59.999Z,1861.57,2023-06-07T17:58:59.999Z,1850.00,1000.00,6.22,0.6215,109.27
2535,SHORT,2023-06-07T20:15:59.999Z,1841.44,2023-06-08T00:48:59.999Z,1834.87,1000.00,3.57,0.3568,112.84
2536,SHORT,2023-06-08T03:14:59.999Z,1833.83,2023-06-08T04:17:59.999Z,1838.55,1000.00,-2.57,-0.2574,110.26
2537,SHORT,2023-06-08T06:10:59.999Z,1834.30,2023-06-08T06:40:59.999Z,1840.48,1000.00,-3.37,-0.3369,106.90
2538,SHORT,2023-06-08T09:29:59.999Z,1839.93,2023-06-08T09:30:59.999Z,1840.52,1000.00,-0.32,-0.0321,106.57
2539,SHORT,2023-06-08T09:32:59.999Z,1839.27,2023-06-08T10:46:59.999Z,1843.10,1000.00,-2.08,-0.2082,104.49
2540,SHORT,2023-06-08T16:44:59.999Z,1846.58,2023-06-08T19:59:59.999Z,1847.73,1000.00,-0.62,-0.0623,103.87
2541,SHORT,2023-06-08T23:08:59.999Z,1849.22,2023-06-09T06:19:59.999Z,1839.89,1000.00,5.05,0.5045,108.92
2542,SHORT,2023-06-09T07:04:59.999Z,1836.57,2023-06-09T08:31:59.999Z,1839.67,1000.00,-1.69,-0.1688,107.23
2543,SHORT,2023-06-09T14:50:59.999Z,1842.78,2023-06-09T15:20:59.999Z,1850.22,1000.00,-4.04,-0.4037,103.19
2544,SHORT,2023-06-09T15:52:59.999Z,1844.84,2023-06-09T21:49:59.999Z,1838.11,1000.00,3.65,0.3648,106.84
2545,SHORT,2023-06-09T22:22:59.999Z,1835.36,2023-06-09T22:49:59.999Z,1837.78,1000.00,-1.32,-0.1319,105.52
2546,SHORT,2023-06-10T02:03:59.999Z,1835.91,2023-06-10T11:40:59.999Z,1746.32,1000.00,48.80,4.8799,154.32
2547,SHORT,2023-06-10T12:46:59.999Z,1742.27,2023-06-10T13:47:59.999Z,1744.36,1000.00,-1.20,-0.1200,153.12
2548,SHORT,2023-06-10T13:53:59.999Z,1741.39,2023-06-10T14:02:59.999Z,1743.97,1000.00,-1.48,-0.1482,151.64
2549,SHORT,2023-06-10T14:45:59.999Z,1740.90,2023-06-10T17:25:59.999Z,1750.74,1000.00,-5.65,-0.5652,145.98
2550,SHORT,2023-06-10T18:50:59.999Z,1740.50,2023-06-10T20:45:59.999Z,1745.24,1000.00,-2.72,-0.2723,143.26
2551,SHORT,2023-06-10T21:12:59.999Z,1740.79,2023-06-10T21:43:59.999Z,1744.00,1000.00,-1.84,-0.1844,141.42
2552,SHORT,2023-06-11T00:52:59.999Z,1747.40,2023-06-11T02:00:59.999Z,1749.89,1000.00,-1.42,-0.1425,139.99
2553,SHORT,2023-06-11T02:06:59.999Z,1746.01,2023-06-11T02:58:59.999Z,1749.71,1000.00,-2.12,-0.2119,137.87
2554,SHORT,2023-06-11T04:29:59.999Z,1745.83,2023-06-11T04:48:59.999Z,1753.57,1000.00,-4.43,-0.4433,133.44
2555,SHORT,2023-06-11T07:57:59.999Z,1753.31,2023-06-11T11:07:59.999Z,1751.50,1000.00,1.03,0.1032,134.47
2556,SHORT,2023-06-11T12:32:59.999Z,1748.00,2023-06-11T16:30:59.999Z,1751.75,1000.00,-2.15,-0.2145,132.33
2557,SHORT,2023-06-11T22:18:59.999Z,1761.82,2023-06-12T05:33:59.999Z,1739.75,1000.00,12.53,1.2527,144.85
2558,SHORT,2023-06-12T05:44:59.999Z,1738.22,2023-06-12T06:25:59.999Z,1740.67,1000.00,-1.41,-0.1409,143.44
2559,SHORT,2023-06-12T07:49:59.999Z,1738.20,2023-06-12T08:26:59.999Z,1744.40,1000.00,-3.57,-0.3567,139.88
2560,SHORT,2023-06-12T11:34:59.999Z,1745.56,2023-06-12T18:53:59.999Z,1737.73,1000.00,4.49,0.4486,144.36
2561,SHORT,2023-06-12T19:13:59.999Z,1732.19,2023-06-12T20:30:59.999Z,1737.34,1000.00,-2.97,-0.2973,141.39
2562,SHORT,2023-06-13T00:51:59.999Z,1732.91,2023-06-13T02:32:59.999Z,1742.16,1000.00,-5.34,-0.5338,136.05
2563,SHORT,2023-06-13T08:08:59.999Z,1746.95,2023-06-13T08:24:59.999Z,1750.83,1000.00,-2.22,-0.2221,133.83
2564,SHORT,2023-06-13T09:43:59.999Z,1747.11,2023-06-13T10:55:59.999Z,1751.33,1000.00,-2.42,-0.2415,131.42
2565,SHORT,2023-06-13T11:38:59.999Z,1747.57,2023-06-13T12:02:59.999Z,1754.07,1000.00,-3.72,-0.3719,127.70
2566,SHORT,2023-06-13T12:55:59.999Z,1733.01,2023-06-13T17:15:59.999Z,1738.01,1000.00,-2.89,-0.2885,124.81
2567,SHORT,2023-06-13T17:30:59.999Z,1736.57,2023-06-13T18:08:59.999Z,1741.44,1000.00,-2.80,-0.2804,122.01
2568,SHORT,2023-06-13T20:15:59.999Z,1737.96,2023-06-13T20:38:59.999Z,1742.38,1000.00,-2.54,-0.2543,119.46
2569,SHORT,2023-06-13T21:06:59.999Z,1738.66,2023-06-14T00:02:59.999Z,1739.72,1000.00,-0.61,-0.0610,118.85
2570,SHORT,2023-06-14T04:51:59.999Z,1742.13,2023-06-14T08:16:59.999Z,1742.37,1000.00,-0.14,-0.0138,118.72
2571,SHORT,2023-06-14T13:07:59.999Z,1745.23,2023-06-15T11:48:59.999Z,1644.77,1000.00,57.56,5.7563,176.28
2572,SHORT,2023-06-15T12:41:59.999Z,1638.41,2023-06-15T12:55:59.999Z,1639.75,1000.00,-0.82,-0.0818,175.46
2573,SHORT,2023-06-15T16:00:59.999Z,1641.74,2023-06-15T17:59:59.999Z,1650.19,1000.00,-5.15,-0.5147,170.31
2574,SHORT,2023-06-15T23:13:59.999Z,1663.33,2023-06-15T23:55:59.999Z,1667.76,1000.00,-2.66,-0.2663,167.65
2575,SHORT,2023-06-16T00:06:59.999Z,1664.66,2023-06-16T02:55:59.999Z,1665.66,1000.00,-0.60,-0.0601,167.05
2576,SHORT,2023-06-16T09:38:59.999Z,1671.11,2023-06-16T13:24:59.999Z,1670.30,1000.00,0.48,0.0485,167.53
2577,SHORT,2023-06-16T13:43:59.999Z,1665.58,2023-06-16T15:18:59.999Z,1669.87,1000.00,-2.58,-0.2576,164.96
2578,SHORT,2023-06-16T23:41:59.999Z,1717.19,2023-06-17T02:31:59.999Z,1718.51,1000.00,-0.77,-0.0769,164.19
2579,SHORT,2023-06-17T10:06:59.999Z,1743.10,2023-06-17T10:12:59.999Z,1744.46,1000.00,-0.78,-0.0780,163.41
2580,SHORT,2023-06-17T11:04:59.999Z,1743.42,2023-06-17T11:13:59.999Z,1744.62,1000.00,-0.69,-0.0688,162.72
2581,SHORT,2023-06-17T11:21:59.999Z,1742.47,2023-06-17T22:02:59.999Z,1730.56,1000.00,6.84,0.6835,169.56
2582,SHORT,2023-06-17T23:34:59.999Z,1727.53,2023-06-18T02:09:59.999Z,1727.81,1000.00,-0.16,-0.0162,169.39
2583,SHORT,2023-06-18T02:22:59.999Z,1725.81,2023-06-18T03:27:59.999Z,1727.52,1000.00,-0.99,-0.0991,168.40
2584,SHORT,2023-06-18T06:45:59.999Z,1729.16,2023-06-18T07:12:59.999Z,1731.58,1000.00,-1.40,-0.1400,167.00
2585,SHORT,2023-06-18T08:13:59.999Z,1727.71,2023-06-18T09:42:59.999Z,1731.43,1000.00,-2.15,-0.2153,164.85
2586,SHORT,2023-06-18T18:36:59.999Z,1738.99,2023-06-18T19:59:59.999Z,1741.33,1000.00,-1.35,-0.1346,163.51
2587,SHORT,2023-06-18T20:02:59.999Z,1737.78,2023-06-19T01:45:59.999Z,1725.11,1000.00,7.29,0.7291,170.80
2588,SHORT,2023-06-19T03:40:59.999Z,1724.59,2023-06-19T05:32:59.999Z,1725.06,1000.00,-0.27,-0.0273,170.52
2589,SHORT,2023-06-19T07:03:59.999Z,1723.87,2023-06-19T10:14:59.999Z,1725.82,1000.00,-1.13,-0.1131,169.39
2590,SHORT,2023-06-19T10:59:59.999Z,1721.35,2023-06-19T11:55:59.999Z,1724.68,1000.00,-1.93,-0.1935,167.46
2591,SHORT,2023-06-19T14:16:59.999Z,1724.50,2023-06-19T17:19:59.999Z,1726.83,1000.00,-1.35,-0.1351,166.11
2592,SHORT,2023-06-19T19:04:59.999Z,1713.99,2023-06-19T20:17:59.999Z,1731.43,1000.00,-10.18,-1.0175,155.93
2593,SHORT,2023-06-20T02:05:59.999Z,1732.99,2023-06-20T09:54:59.999Z,1729.37,1000.00,2.09,0.2089,158.02
2594,SHORT,2023-06-20T13:42:59.999Z,1726.81,2023-06-20T15:56:59.999Z,1733.39,1000.00,-3.81,-0.3810,154.21
2595,SHORT,2023-06-21T07:14:59.999Z,1811.04,2023-06-21T09:44:59.999Z,1814.32,1000.00,-1.81,-0.1811,152.40
2596,SHORT,2023-06-21T22:09:59.999Z,1875.04,2023-06-21T22:29:59.999Z,1879.81,1000.00,-2.54,-0.2544,149.86
2597,SHORT,2023-06-22T05:32:59.999Z,1914.98,2023-06-22T10:37:59.999Z,1910.07,1000.00,2.56,0.2564,152.42
2598,SHORT,2023-06-22T10:46:59.999Z,1907.28,2023-06-22T13:26:59.999Z,1903.36,1000.00,2.06,0.2055,154.47
2599,SHORT,2023-06-22T13:46:59.999Z,1897.90,2023-06-22T13:47:59.999Z,1899.80,1000.00,-1.00,-0.1001,153.47
2600,SHORT,2023-06-22T14:09:59.999Z,1897.03,2023-06-22T17:49:59.999Z,1887.98,1000.00,4.77,0.4771,158.24
2601,SHORT,2023-06-22T20:30:59.999Z,1882.36,2023-06-22T20:56:59.999Z,1887.78,1000.00,-2.88,-0.2879,155.36
2602,SHORT,2023-06-22T21:35:59.999Z,1884.19,2023-06-23T01:17:59.999Z,1880.97,1000.00,1.71,0.1709,157.07
2603,SHORT,2023-06-23T02:02:59.999Z,1873.67,2023-06-23T03:09:59.999Z,1878.79,1000.00,-2.73,-0.2733,154.34
2604,SHORT,2023-06-23T06:54:59.999Z,1878.49,2023-06-23T08:21:59.999Z,1883.42,1000.00,-2.62,-0.2624,151.72
2605,SHORT,2023-06-23T09:47:59.999Z,1879.79,2023-06-23T09:54:59.999Z,1886.92,1000.00,-3.79,-0.3793,147.92
2606,SHORT,2023-06-23T10:25:59.999Z,1875.87,2023-06-23T14:50:59.999Z,1884.47,1000.00,-4.58,-0.4585,143.34
2607,SHORT,2023-06-23T19:30:59.999Z,1906.94,2023-06-24T02:25:59.999Z,1890.58,1000.00,8.58,0.8579,151.92
2608,SHORT,2023-06-24T06:11:59.999Z,1889.49,2023-06-24T10:03:59.999Z,1889.35,1000.00,0.07,0.0074,151.99
2609,SHORT,2023-06-24T13:50:59.999Z,1888.44,2023-06-24T18:06:59.999Z,1885.24,1000.00,1.69,0.1695,153.69
2610,SHORT,2023-06-24T20:33:59.999Z,1881.49,2023-06-25T01:33:59.999Z,1878.55,1000.00,1.56,0.1563,155.25
2611,SHORT,2023-06-25T11:31:59.999Z,1911.71,2023-06-25T11:49:59.999Z,1917.05,1000.00,-2.79,-0.2793,152.46
2612,SHORT,2023-06-25T12:23:59.999Z,1913.60,2023-06-25T19:08:59.999Z,1893.41,1000.00,10.55,1.0551,163.01
2613,SHORT,2023-06-25T19:21:59.999Z,1889.22,2023-06-25T20:03:59.999Z,1896.59,1000.00,-3.90,-0.3901,159.11
2614,SHORT,2023-06-26T00:18:59.999Z,1894.59,2023-06-26T00:22:59.999Z,1902.80,1000.00,-4.33,-0.4333,154.77
2615,SHORT,2023-06-26T00:43:59.999Z,1897.30,2023-06-26T06:27:59.999Z,1881.69,1000.00,8.23,0.8227,163.00
2616,SHORT,2023-06-26T09:54:59.999Z,1884.05,2023-06-26T13:00:59.999Z,1883.91,1000.00,0.07,0.0074,163.07
2617,SHORT,2023-06-26T14:56:59.999Z,1882.96,2023-06-26T15:38:59.999Z,1891.22,1000.00,-4.39,-0.4387,158.69
2618,SHORT,2023-06-26T16:28:59.999Z,1883.32,2023-06-26T22:33:59.999Z,1858.24,1000.00,13.32,1.3317,172.00
2619,SHORT,2023-06-27T05:36:59.999Z,1866.59,2023-06-27T07:10:59.999Z,1871.51,1000.00,-2.64,-0.2636,169.37
2620,SHORT,2023-06-27T13:24:59.999Z,1875.93,2023-06-27T14:04:59.999Z,1887.82,1000.00,-6.34,-0.6338,163.03
2621,SHORT,2023-06-27T15:14:59.999Z,1876.80,2023-06-27T16:34:59.999Z,1886.40,1000.00,-5.12,-0.5115,157.92
2622,SHORT,2023-06-27T20:19:59.999Z,1892.02,2023-06-27T21:59:59.999Z,1895.72,1000.00,-1.96,-0.1956,155.96
2623,SHORT,2023-06-27T22:23:59.999Z,1891.00,2023-06-28T09:44:59.999Z,1861.22,1000.00,15.75,1.5748,171.71
2624,SHORT,2023-06-28T12:22:59.999Z,1857.60,2023-06-28T12:34:59.999Z,1863.47,1000.00,-3.16,-0.3160,168.55
2625,SHORT,2023-06-28T12:39:59.999Z,1855.99,2023-06-28T14:36:59.999Z,1864.99,1000.00,-4.85,-0.4849,163.70
2626,SHORT,2023-06-28T16:42:59.999Z,1857.36,2023-06-29T00:34:59.999Z,1834.29,1000.00,12.42,1.2421,176.12
2627,SHORT,2023-06-29T00:40:59.999Z,1830.92,2023-06-29T00:44:59.999Z,1833.14,1000.00,-1.21,-0.1213,174.91
2628,SHORT,2023-06-29T00:49:59.999Z,1830.46,2023-06-29T01:04:59.999Z,1834.83,1000.00,-2.39,-0.2387,172.52
2629,SHORT,2023-06-29T02:54:59.999Z,1831.72,2023-06-29T03:25:59.999Z,1837.59,1000.00,-3.20,-0.3205,169.32
2630,SHORT,2023-06-29T13:59:59.999Z,1857.89,2023-06-29T18:42:59.999Z,1856.79,1000.00,0.59,0.0592,169.91
2631,SHORT,2023-06-29T19:24:59.999Z,1852.14,2023-06-29T19:32:59.999Z,1856.19,1000.00,-2.19,-0.2187,167.72
2632,SHORT,2023-06-29T20:22:59.999Z,1848.80,2023-06-29T22:11:59.999Z,1853.00,1000.00,-2.27,-0.2272,165.45
2633,SHORT,2023-06-29T23:12:59.999Z,1850.62,2023-06-29T23:28:59.999Z,1854.11,1000.00,-1.89,-0.1886,163.56
2634,SHORT,2023-06-30T00:15:59.999Z,1848.49,2023-06-30T00:27:59.999Z,1855.96,1000.00,-4.04,-0.4041,159.52
2635,SHORT,2023-06-30T00:53:59.999Z,1850.22,2023-06-30T02:29:59.999Z,1855.49,1000.00,-2.85,-0.2848,156.67
2636,SHORT,2023-06-30T06:45:59.999Z,1876.22,2023-06-30T07:17:59.999Z,1880.49,1000.00,-2.28,-0.2276,154.40
2637,SHORT,2023-06-30T07:25:59.999Z,1877.34,2023-06-30T07:37:59.999Z,1882.82,1000.00,-2.92,-0.2919,151.48
2638,SHORT,2023-06-30T13:42:59.999Z,1857.20,2023-06-30T16:40:59.999Z,1879.59,1000.00,-12.06,-1.2056,139.42
2639,SHORT,2023-07-01T01:21:59.999Z,1928.06,2023-07-01T07:02:59.999Z,1919.29,1000.00,4.55,0.4549,143.97
2640,SHORT,2023-07-01T07:11:59.999Z,1916.86,2023-07-01T10:23:59.999Z,1922.93,1000.00,-3.17,-0.3167,140.80
2641,SHORT,2023-07-01T14:38:59.999Z,1922.01,2023-07-01T18:56:59.999Z,1920.95,1000.00,0.55,0.0552,141.36
2642,SHORT,2023-07-01T23:12:59.999Z,1921.48,2023-07-01T23:40:59.999Z,1923.47,1000.00,-1.04,-0.1036,140.32
2643,SHORT,2023-07-01T23:44:59.999Z,1922.07,2023-07-01T23:50:59.999Z,1924.76,1000.00,-1.40,-0.1400,138.92
2644,SHORT,2023-07-02T00:20:59.999Z,1921.61,2023-07-02T08:11:59.999Z,1916.00,1000.00,2.92,0.2919,141.84
2645,SHORT,2023-07-02T08:53:59.999Z,1913.24,2023-07-02T09:20:59.999Z,1916.17,1000.00,-1.53,-0.1531,140.31
2646,SHORT,2023-07-02T13:17:59.999Z,1916.82,2023-07-02T14:41:59.999Z,1923.11,1000.00,-3.28,-0.3281,137.03
2647,SHORT,2023-07-02T15:31:59.999Z,1909.48,2023-07-02T16:19:59.999Z,1921.28,1000.00,-6.18,-0.6180,130.85
2648,SHORT,2023-07-02T16:58:59.999Z,1917.60,2023-07-02T19:58:59.999Z,1914.20,1000.00,1.77,0.1773,132.62
2649,SHORT,2023-07-03T06:01:59.999Z,1946.55,2023-07-03T07:04:59.999Z,1949.82,1000.00,-1.68,-0.1680,130.94
2650,SHORT,2023-07-03T10:13:59.999Z,1957.13,2023-07-03T10:19:59.999Z,1959.31,1000.00,-1.11,-0.1114,129.83
2651,SHORT,2023-07-03T10:27:59.999Z,1956.86,2023-07-03T10:32:59.999Z,1959.42,1000.00,-1.31,-0.1308,128.52
2652,SHORT,2023-07-03T14:36:59.999Z,1959.22,2023-07-03T15:09:59.999Z,1966.70,1000.00,-3.82,-0.3818,124.70
2653,SHORT,2023-07-03T16:28:59.999Z,1962.49,2023-07-03T17:58:59.999Z,1964.55,1000.00,-1.05,-0.1050,123.65
2654,SHORT,2023-07-03T18:11:59.999Z,1962.32,2023-07-03T18:51:59.999Z,1969.60,1000.00,-3.71,-0.3710,119.94
2655,SHORT,2023-07-03T20:22:59.999Z,1961.95,2023-07-04T02:46:59.999Z,1956.13,1000.00,2.97,0.2966,122.91
2656,SHORT,2023-07-04T04:44:59.999Z,1951.68,2023-07-04T09:36:59.999Z,1953.75,1000.00,-1.06,-0.1061,121.85
2657,SHORT,2023-07-04T09:40:59.999Z,1952.05,2023-07-04T09:50:59.999Z,1953.31,1000.00,-0.65,-0.0645,121.20
2658,SHORT,2023-07-04T13:52:59.999Z,1955.32,2023-07-04T14:15:59.999Z,1958.68,1000.00,-1.72,-0.1718,119.48
2659,SHORT,2023-07-04T15:03:59.999Z,1956.41,2023-07-04T16:27:59.999Z,1963.68,1000.00,-3.72,-0.3716,115.77
2660,SHORT,2023-07-04T17:07:59.999Z,1955.68,2023-07-05T01:30:59.999Z,1941.71,1000.00,7.14,0.7143,122.91
2661,SHORT,2023-07-05T02:03:59.999Z,1938.50,2023-07-05T02:11:59.999Z,1940.86,1000.00,-1.22,-0.1217,121.69
2662,SHORT,2023-07-05T03:42:59.999Z,1939.96,2023-07-05T03:54:59.999Z,1941.40,1000.00,-0.74,-0.0742,120.95
2663,SHORT,2023-07-05T04:03:59.999Z,1938.39,2023-07-05T07:28:59.999Z,1937.68,1000.00,0.37,0.0366,121.32
2664,SHORT,2023-07-05T07:40:59.999Z,1936.62,2023-07-05T07:49:59.999Z,1937.35,1000.00,-0.38,-0.0377,120.94
2665,SHORT,2023-07-05T07:54:59.999Z,1936.19,2023-07-05T14:59:59.999Z,1911.00,1000.00,13.01,1.3010,133.95
2666,SHORT,2023-07-05T15:09:59.999Z,1907.43,2023-07-05T16:44:59.999Z,1907.89,1000.00,-0.24,-0.0241,133.71
2667,SHORT,2023-07-05T19:07:59.999Z,1908.81,2023-07-05T19:10:59.999Z,1911.32,1000.00,-1.31,-0.1315,132.39
2668,SHORT,2023-07-05T19:56:59.999Z,1909.39,2023-07-05T20:45:59.999Z,1911.16,1000.00,-0.93,-0.0927,131.47
2669,SHORT,2023-07-05T22:45:59.999Z,1907.51,2023-07-05T23:27:59.999Z,1914.60,1000.00,-3.72,-0.3717,127.75
2670,SHORT,2023-07-06T00:16:59.999Z,1909.91,2023-07-06T00:22:59.999Z,1911.96,1000.00,-1.07,-0.1073,126.68
2671,SHORT,2023-07-06T00:34:59.999Z,1906.73,2023-07-06T02:12:59.999Z,1913.51,1000.00,-3.56,-0.3556,123.12
2672,SHORT,2023-07-06T05:08:59.999Z,1910.04,2023-07-06T05:29:59.999Z,1913.57,1000.00,-1.85,-0.1848,121.27
2673,SHORT,2023-07-06T11:50:59.999Z,1932.94,2023-07-06T18:15:59.999Z,1889.15,1000.00,22.65,2.2655,143.93
2674,SHORT,2023-07-06T18:22:59.999Z,1886.42,2023-07-06T18:27:59.999Z,1888.10,1000.00,-0.89,-0.0891,143.04
2675,SHORT,2023-07-06T18:43:59.999Z,1885.28,2023-07-06T18:57:59.999Z,1891.48,1000.00,-3.29,-0.3289,139.75
2676,SHORT,2023-07-06T19:56:59.999Z,1885.88,2023-07-07T03:01:59.999Z,1853.91,1000.00,16.95,1.6952,156.70
2677,SHORT,2023-07-07T05:03:59.999Z,1853.22,2023-07-07T05:25:59.999Z,1861.86,1000.00,-4.66,-0.4662,152.04
2678,SHORT,2023-07-07T07:05:59.999Z,1855.55,2023-07-07T07:21:59.999Z,1857.06,1000.00,-0.81,-0.0814,151.23
2679,SHORT,2023-07-07T07:28:59.999Z,1854.83,2023-07-07T07:45:59.999Z,1858.17,1000.00,-1.80,-0.1801,149.42
2680,SHORT,2023-07-07T07:50:59.999Z,1854.70,2023-07-07T08:08:59.999Z,1858.99,1000.00,-2.31,-0.2313,147.11
2681,SHORT,2023-07-07T12:22:59.999Z,1857.28,2023-07-07T12:33:59.999Z,1866.68,1000.00,-5.06,-0.5061,142.05
2682,SHORT,2023-07-07T17:40:59.999Z,1868.89,2023-07-07T21:06:59.999Z,1867.31,1000.00,0.85,0.0845,142.90
2683,SHORT,2023-07-08T02:06:59.999Z,1867.83,2023-07-08T02:11:59.999Z,1870.49,1000.00,-1.42,-0.1424,141.47
2684,SHORT,2023-07-08T02:40:59.999Z,1867.90,2023-07-08T02:52:59.999Z,1870.78,1000.00,-1.54,-0.1542,139.93
2685,SHORT,2023-07-08T03:04:59.999Z,1866.97,2023-07-08T08:05:59.999Z,1862.49,1000.00,2.40,0.2400,142.33
2686,SHORT,2023-07-08T10:44:59.999Z,1862.06,2023-07-08T14:20:59.999Z,1861.00,1000.00,0.57,0.0569,142.90
2687,SHORT,2023-07-08T18:11:59.999Z,1858.51,2023-07-08T21:56:59.999Z,1855.50,1000.00,1.62,0.1620,144.52
2688,SHORT,2023-07-09T06:00:59.999Z,1867.47,2023-07-09T08:17:59.999Z,1868.69,1000.00,-0.65,-0.0653,143.86
2689,SHORT,2023-07-09T09:18:59.999Z,1866.41,2023-07-09T10:21:59.999Z,1867.97,1000.00,-0.84,-0.0836,143.03
2690,SHORT,2023-07-09T11:02:59.999Z,1866.10,2023-07-09T11:34:59.999Z,1868.23,1000.00,-1.14,-0.1141,141.89
2691,SHORT,2023-07-09T13:57:59.999Z,1866.17,2023-07-09T17:56:59.999Z,1867.62,1000.00,-0.78,-0.0777,141.11
2692,SHORT,2023-07-09T19:11:59.999Z,1863.52,2023-07-09T19:51:59.999Z,1867.57,1000.00,-2.17,-0.2173,138.94
2693,SHORT,2023-07-09T21:59:59.999Z,1865.25,2023-07-10T02:46:59.999Z,1861.31,1000.00,2.11,0.2112,141.05
2694,SHORT,2023-07-10T05:29:59.999Z,1859.85,2023-07-10T09:26:59.999Z,1861.58,1000.00,-0.93,-0.0930,140.12
2695,SHORT,2023-07-10T22:01:59.999Z,1877.07,2023-07-11T01:34:59.999Z,1883.17,1000.00,-3.25,-0.3250,136.87
2696,SHORT,2023-07-11T02:44:59.999Z,1879.37,2023-07-11T06:12:59.999Z,1881.99,1000.00,-1.39,-0.1394,135.48
2697,SHORT,2023-07-11T08:51:59.999Z,1880.21,2023-07-11T14:39:59.999Z,1872.50,1000.00,4.10,0.4101,139.58
2698,SHORT,2023-07-11T16:16:59.999Z,1868.50,2023-07-11T16:54:59.999Z,1875.01,1000.00,-3.48,-0.3484,136.09
2699,SHORT,2023-07-11T18:32:59.999Z,1868.77,2023-07-11T19:28:59.999Z,1874.10,1000.00,-2.85,-0.2852,133.24
2700,SHORT,2023-07-11T21:28:59.999Z,1872.71,2023-07-11T21:54:59.999Z,1874.79,1000.00,-1.11,-0.1111,132.13
2701,SHORT,2023-07-12T04:05:59.999Z,1880.50,2023-07-12T04:52:59.999Z,1881.85,1000.00,-0.72,-0.0718,131.41
2702,SHORT,2023-07-12T10:29:59.999Z,1887.62,2023-07-12T11:32:59.999Z,1889.94,1000.00,-1.23,-0.1229,130.18
2703,SHORT,2023-07-12T13:04:59.999Z,1888.00,2023-07-12T13:10:59.999Z,1890.39,1000.00,-1.27,-0.1266,128.92
2704,SHORT,2023-07-12T13:34:59.999Z,1886.59,2023-07-12T14:10:59.999Z,1892.51,1000.00,-3.14,-0.3138,125.78
2705,SHORT,2023-07-12T15:51:59.999Z,1883.39,2023-07-12T18:18:59.999Z,1888.81,1000.00,-2.88,-0.2878,122.90
2706,SHORT,2023-07-12T18:45:59.999Z,1886.62,2023-07-13T00:08:59.999Z,1873.91,1000.00,6.74,0.6737,129.64
2707,SHORT,2023-07-13T01:00:59.999Z,1871.03,2023-07-13T02:28:59.999Z,1873.83,1000.00,-1.50,-0.1497,128.14
2708,SHORT,2023-07-13T02:52:59.999Z,1870.18,2023-07-13T06:13:59.999Z,1869.97,1000.00,0.11,0.0112,128.25
2709,SHORT,2023-07-13T13:25:59.999Z,1880.33,2023-07-13T13:27:59.999Z,1882.06,1000.00,-0.92,-0.0920,127.33
2710,SHORT,2023-07-13T21:24:59.999Z,1975.41,2023-07-13T22:06:59.999Z,1984.80,1000.00,-4.75,-0.4753,122.58
2711,SHORT,2023-07-14T04:23:59.999Z,2007.60,2023-07-14T04:27:59.999Z,2010.79,1000.00,-1.59,-0.1589,120.99
2712,SHORT,2023-07-14T04:44:59.999Z,2008.88,2023-07-14T04:48:59.999Z,2010.58,1000.00,-0.85,-0.0846,120.14
2713,SHORT,2023-07-14T05:02:59.999Z,2008.41,2023-07-14T13:51:59.999Z,1998.64,1000.00,4.86,0.4865,125.01
2714,SHORT,2023-07-14T16:37:59.999Z,1991.40,2023-07-14T22:38:59.999Z,1928.93,1000.00,31.37,3.1370,156.38
2715,SHORT,2023-07-15T02:26:59.999Z,1928.92,2023-07-15T02:50:59.999Z,1932.53,1000.00,-1.87,-0.1872,154.51
2716,SHORT,2023-07-15T03:11:59.999Z,1928.67,2023-07-15T04:16:59.999Z,1931.99,1000.00,-1.72,-0.1721,152.79
2717,SHORT,2023-07-15T05:33:59.999Z,1927.79,2023-07-15T06:47:59.999Z,1931.74,1000.00,-2.05,-0.2049,150.74
2718,SHORT,2023-07-15T11:39:59.999Z,1938.84,2023-07-15T12:31:59.999Z,1941.01,1000.00,-1.12,-0.1119,149.62
2719,SHORT,2023-07-15T12:37:59.999Z,1939.48,2023-07-15T12:47:59.999Z,1940.83,1000.00,-0.70,-0.0696,148.92
2720,SHORT,2023-07-15T13:02:59.999Z,1938.01,2023-07-15T18:38:59.999Z,1938.31,1000.00,-0.15,-0.0155,148.77
2721,SHORT,2023-07-15T20:05:59.999Z,1931.89,2023-07-16T00:01:59.999Z,1932.01,1000.00,-0.06,-0.0062,148.70
2722,SHORT,2023-07-16T02:22:59.999Z,1920.96,2023-07-16T06:54:59.999Z,1927.92,1000.00,-3.62,-0.3623,145.08
2723,SHORT,2023-07-16T13:20:59.999Z,1930.13,2023-07-16T13:41:59.999Z,1932.75,1000.00,-1.36,-0.1357,143.72
2724,SHORT,2023-07-16T13:59:59.999Z,1930.03,2023-07-16T14:11:59.999Z,1931.37,1000.00,-0.69,-0.0694,143.03
2725,SHORT,2023-07-16T18:33:59.999Z,1934.43,2023-07-16T22:12:59.999Z,1934.42,1000.00,0.01,0.0005,143.04
2726,SHORT,2023-07-16T23:25:59.999Z,1925.43,2023-07-17T02:21:59.999Z,1926.34,1000.00,-0.47,-0.0473,142.56
2727,SHORT,2023-07-17T06:47:59.999Z,1928.74,2023-07-17T07:29:59.999Z,1931.91,1000.00,-1.64,-0.1644,140.92
2728,SHORT,2023-07-17T07:34:59.999Z,1929.26,2023-07-17T13:54:59.999Z,1916.56,1000.00,6.58,0.6583,147.50
2729,SHORT,2023-07-17T15:16:59.999Z,1911.31,2023-07-17T21:21:59.999Z,1898.61,1000.00,6.64,0.6645,154.15
2730,SHORT,2023-07-18T02:39:59.999Z,1909.18,2023-07-18T10:51:59.999Z,1905.15,1000.00,2.11,0.2111,156.26
2731,SHORT,2023-07-18T11:57:59.999Z,1894.12,2023-07-18T14:28:59.999Z,1899.82,1000.00,-3.01,-0.3009,153.25
2732,SHORT,2023-07-18T15:41:59.999Z,1894.99,2023-07-18T15:59:59.999Z,1897.20,1000.00,-1.17,-0.1166,152.08
2733,SHORT,2023-07-18T16:46:59.999Z,1889.40,2023-07-18T18:25:59.999Z,1898.03,1000.00,-4.57,-0.4568,147.51
2734,SHORT,2023-07-18T19:57:59.999Z,1891.92,2023-07-18T21:24:59.999Z,1898.04,1000.00,-3.23,-0.3235,144.28
2735,SHORT,2023-07-18T23:48:59.999Z,1894.50,2023-07-19T00:21:59.999Z,1899.69,1000.00,-2.74,-0.2740,141.54
2736,SHORT,2023-07-19T06:36:59.999Z,1910.86,2023-07-19T10:02:59.999Z,1909.88,1000.00,0.51,0.0513,142.05
2737,SHORT,2023-07-19T11:11:59.999Z,1908.50,2023-07-19T11:21:59.999Z,1909.56,1000.00,-0.56,-0.0555,141.50
2738,SHORT,2023-07-19T11:23:59.999Z,1908.32,2023-07-19T11:56:59.999Z,1910.18,1000.00,-0.97,-0.0975,140.52
2739,SHORT,2023-07-19T12:22:59.999Z,1908.32,2023-07-19T13:44:59.999Z,1914.41,1000.00,-3.19,-0.3191,137.33
2740,SHORT,2023-07-19T14:16:59.999Z,1904.34,2023-07-19T17:22:59.999Z,1905.15,1000.00,-0.43,-0.0425,136.91
2741,SHORT,2023-07-19T20:18:59.999Z,1905.58,2023-07-20T01:05:59.999Z,1894.41,1000.00,5.86,0.5862,142.77
2742,SHORT,2023-07-20T03:52:59.999Z,1893.19,2023-07-20T04:05:59.999Z,1895.96,1000.00,-1.46,-0.1463,141.30
2743,SHORT,2023-07-20T12:51:59.999Z,1917.65,2023-07-20T13:52:59.999Z,1921.45,1000.00,-1.98,-0.1982,139.32
2744,SHORT,2023-07-20T14:07:59.999Z,1916.98,2023-07-20T21:12:59.999Z,1891.11,1000.00,13.50,1.3495,152.82
2745,SHORT,2023-07-20T23:57:59.999Z,1890.69,2023-07-21T01:25:59.999Z,1895.21,1000.00,-2.39,-0.2391,150.43
2746,SHORT,2023-07-21T04:54:59.999Z,1895.60,2023-07-21T09:18:59.999Z,1892.99,1000.00,1.38,0.1377,151.80
2747,SHORT,2023-07-21T09:43:59.999Z,1889.73,2023-07-21T12:22:59.999Z,1890.14,1000.00,-0.22,-0.0217,151.59
2748,SHORT,2023-07-21T14:04:59.999Z,1886.67,2023-07-21T14:53:59.999Z,1892.61,1000.00,-3.15,-0.3148,148.44
2749,SHORT,2023-07-21T16:11:59.999Z,1890.00,2023-07-21T17:23:59.999Z,1892.04,1000.00,-1.08,-0.1079,147.36
2750,SHORT,2023-07-21T19:24:59.999Z,1894.26,2023-07-21T22:43:59.999Z,1895.06,1000.00,-0.42,-0.0422,146.94
2751,SHORT,2023-07-21T22:49:59.999Z,1893.46,2023-07-22T00:46:59.999Z,1894.61,1000.00,-0.61,-0.0607,146.33
2752,SHORT,2023-07-22T01:51:59.999Z,1892.59,2023-07-22T02:56:59.999Z,1895.18,1000.00,-1.37,-0.1368,144.96
2753,SHORT,2023-07-22T04:10:59.999Z,1892.59,2023-07-22T04:24:59.999Z,1894.80,1000.00,-1.17,-0.1168,143.79
2754,SHORT,2023-07-22T05:21:59.999Z,1893.73,2023-07-22T05:22:59.999Z,1894.18,1000.00,-0.24,-0.0238,143.56
2755,SHORT,2023-07-22T05:25:59.999Z,1893.47,2023-07-22T07:46:59.999Z,1894.40,1000.00,-0.49,-0.0491,143.07
2756,SHORT,2023-07-22T07:54:59.999Z,1891.89,2023-07-22T08:22:59.999Z,1893.80,1000.00,-1.01,-0.1010,142.06
2757,SHORT,2023-07-22T08:49:59.999Z,1892.08,2023-07-22T09:43:59.999Z,1892.89,1000.00,-0.43,-0.0428,141.63
2758,SHORT,2023-07-22T09:52:59.999Z,1891.43,2023-07-22T14:15:59.999Z,1888.59,1000.00,1.50,0.1502,143.13
2759,SHORT,2023-07-22T14:31:59.999Z,1886.47,2023-07-22T14:36:59.999Z,1887.86,1000.00,-0.74,-0.0737,142.39
2760,SHORT,2023-07-22T15:18:59.999Z,1886.19,2023-07-22T15:44:59.999Z,1888.67,1000.00,-1.31,-0.1315,141.08
2761,SHORT,2023-07-22T17:44:59.999Z,1886.13,2023-07-22T19:59:59.999Z,1887.28,1000.00,-0.61,-0.0610,140.47
2762,SHORT,2023-07-22T22:24:59.999Z,1885.53,2023-07-23T02:28:59.999Z,1871.99,1000.00,7.18,0.7181,147.65
2763,SHORT,2023-07-23T03:56:59.999Z,1869.19,2023-07-23T04:21:59.999Z,1870.82,1000.00,-0.87,-0.0872,146.78
2764,SHORT,2023-07-23T04:23:59.999Z,1870.13,2023-07-23T04:35:59.999Z,1871.40,1000.00,-0.68,-0.0679,146.10
2765,SHORT,2023-07-23T07:48:59.999Z,1872.79,2023-07-23T07:55:59.999Z,1874.71,1000.00,-1.03,-0.1025,145.07
2766,SHORT,2023-07-23T10:57:59.999Z,1874.95,2023-07-23T12:15:59.999Z,1875.90,1000.00,-0.51,-0.0507,144.57
2767,SHORT,2023-07-23T12:18:59.999Z,1874.86,2023-07-23T16:05:59.999Z,1875.25,1000.00,-0.21,-0.0208,144.36
2768,SHORT,2023-07-23T21:23:59.999Z,1886.31,2023-07-23T23:34:59.999Z,1887.65,1000.00,-0.71,-0.0710,143.65
2769,SHORT,2023-07-24T01:07:59.999Z,1883.20,2023-07-24T07:34:59.999Z,1873.77,1000.00,5.01,0.5007,148.65
2770,SHORT,2023-07-24T08:58:59.999Z,1869.72,2023-07-24T18:29:59.999Z,1847.47,1000.00,11.90,1.1900,160.55
2771,SHORT,2023-07-24T22:32:59.999Z,1846.11,2023-07-24T23:21:59.999Z,1850.07,1000.00,-2.15,-0.2145,158.41
2772,SHORT,2023-07-25T01:09:59.999Z,1846.96,2023-07-25T02:16:59.999Z,1849.85,1000.00,-1.56,-0.1565,156.84
2773,SHORT,2023-07-25T04:35:59.999Z,1849.08,2023-07-25T05:36:59.999Z,1853.11,1000.00,-2.18,-0.2179,154.67
2774,SHORT,2023-07-25T07:49:59.999Z,1849.60,2023-07-25T08:38:59.999Z,1853.18,1000.00,-1.94,-0.1936,152.73
2775,SHORT,2023-07-25T11:19:59.999Z,1853.09,2023-07-25T13:27:59.999Z,1855.20,1000.00,-1.14,-0.1139,151.59
2776,SHORT,2023-07-25T15:05:59.999Z,1857.40,2023-07-25T15:52:59.999Z,1859.79,1000.00,-1.29,-0.1287,150.30
2777,SHORT,2023-07-25T16:59:59.999Z,1856.09,2023-07-25T17:42:59.999Z,1859.76,1000.00,-1.98,-0.1977,148.33
2778,SHORT,2023-07-25T19:46:59.999Z,1858.79,2023-07-25T20:49:59.999Z,1861.20,1000.00,-1.30,-0.1297,147.03
2779,SHORT,2023-07-25T22:54:59.999Z,1860.40,2023-07-26T03:02:59.999Z,1860.25,1000.00,0.08,0.0081,147.11
2780,SHORT,2023-07-26T04:34:59.999Z,1857.13,2023-07-26T05:51:59.999Z,1859.35,1000.00,-1.20,-0.1195,145.92
2781,SHORT,2023-07-26T06:54:59.999Z,1853.96,2023-07-26T12:27:59.999Z,1854.62,1000.00,-0.36,-0.0356,145.56
2782,SHORT,2023-07-26T22:11:59.999Z,1870.50,2023-07-27T01:30:59.999Z,1874.48,1000.00,-2.13,-0.2128,143.43
2783,SHORT,2023-07-27T06:34:59.999Z,1876.45,2023-07-27T09:04:59.999Z,1879.88,1000.00,-1.83,-0.1828,141.60
2784,SHORT,2023-07-27T11:07:59.999Z,1876.89,2023-07-28T00:00:59.999Z,1861.18,1000.00,8.37,0.8370,149.97
2785,SHORT,2023-07-28T02:54:59.999Z,1861.03,2023-07-28T03:00:59.999Z,1862.21,1000.00,-0.63,-0.0634,149.34
2786,SHORT,2023-07-28T04:07:59.999Z,1861.20,2023-07-28T04:18:59.999Z,1862.96,1000.00,-0.95,-0.0946,148.39
2787,SHORT,2023-07-28T05:40:59.999Z,1859.80,2023-07-28T07:28:59.999Z,1863.22,1000.00,-1.84,-0.1839,146.56
2788,SHORT,2023-07-28T07:55:59.999Z,1860.00,2023-07-28T08:31:59.999Z,1862.50,1000.00,-1.34,-0.1344,145.21
2789,SHORT,2023-07-28T17:18:59.999Z,1872.36,2023-07-28T18:49:59.999Z,1875.83,1000.00,-1.85,-0.1853,143.36
2790,SHORT,2023-07-28T20:08:59.999Z,1872.99,2023-07-28T20:32:59.999Z,1875.69,1000.00,-1.44,-0.1442,141.92
2791,SHORT,2023-07-28T23:42:59.999Z,1875.22,2023-07-29T00:34:59.999Z,1876.30,1000.00,-0.58,-0.0576,141.34
2792,SHORT,2023-07-29T00:57:59.999Z,1874.68,2023-07-29T01:48:59.999Z,1876.94,1000.00,-1.21,-0.1206,140.14
2793,SHORT,2023-07-29T02:17:59.999Z,1874.73,2023-07-29T04:26:59.999Z,1876.60,1000.00,-1.00,-0.0997,139.14
2794,SHORT,2023-07-29T05:35:59.999Z,1874.60,2023-07-29T11:34:59.999Z,1871.85,1000.00,1.47,0.1467,140.61
2795,SHORT,2023-07-29T11:35:59.999Z,1871.49,2023-07-29T11:37:59.999Z,1872.18,1000.00,-0.37,-0.0369,140.24
2796,SHORT,2023-07-29T11:56:59.999Z,1870.96,2023-07-29T12:26:59.999Z,1873.44,1000.00,-1.33,-0.1326,138.91
2797,SHORT,2023-07-29T15:12:59.999Z,1872.16,2023-07-29T15:18:59.999Z,1873.32,1000.00,-0.62,-0.0620,138.29
2798,SHORT,2023-07-29T15:21:59.999Z,1872.49,2023-07-29T17:03:59.999Z,1873.84,1000.00,-0.72,-0.0721,137.57
2799,SHORT,2023-07-29T22:57:59.999Z,1880.12,2023-07-29T23:48:59.999Z,1881.43,1000.00,-0.70,-0.0697,136.87
2800,SHORT,2023-07-30T00:11:59.999Z,1880.11,2023-07-30T04:44:59.999Z,1879.18,1000.00,0.49,0.0495,137.37
2801,SHORT,2023-07-30T05:05:59.999Z,1877.80,2023-07-30T11:13:59.999Z,1876.74,1000.00,0.56,0.0564,137.93
2802,SHORT,2023-07-30T11:43:59.999Z,1874.26,2023-07-30T11:48:59.999Z,1875.60,1000.00,-0.71,-0.0715,137.22
2803,SHORT,2023-07-30T13:41:59.999Z,1874.71,2023-07-30T14:44:59.999Z,1877.12,1000.00,-1.29,-0.1286,135.93
2804,SHORT,2023-07-30T16:34:59.999Z,1874.15,2023-07-30T18:04:59.999Z,1878.42,1000.00,-2.28,-0.2278,133.65
2805,SHORT,2023-07-30T18:30:59.999Z,1876.27,2023-07-30T19:09:59.999Z,1877.93,1000.00,-0.88,-0.0885,132.77
2806,SHORT,2023-07-30T19:50:59.999Z,1866.47,2023-07-31T00:09:59.999Z,1861.57,1000.00,2.63,0.2625,135.39
2807,SHORT,2023-07-31T04:18:59.999Z,1868.60,2023-07-31T07:19:59.999Z,1866.53,1000.00,1.11,0.1108,136.50
2808,SHORT,2023-07-31T08:01:59.999Z,1865.33,2023-07-31T08:30:59.999Z,1868.64,1000.00,-1.77,-0.1774,134.73
2809,SHORT,2023-07-31T09:47:59.999Z,1865.82,2023-07-31T09:53:59.999Z,1867.60,1000.00,-0.95,-0.0954,133.77
2810,SHORT,2023-07-31T12:12:59.999Z,1867.62,2023-07-31T12:31:59.999Z,1869.31,1000.00,-0.90,-0.0905,132.87
2811,SHORT,2023-07-31T13:53:59.999Z,1864.81,2023-07-31T18:54:59.999Z,1861.86,1000.00,1.58,0.1582,134.45
2812,SHORT,2023-07-31T19:05:59.999Z,1860.13,2023-07-31T19:44:59.999Z,1861.31,1000.00,-0.63,-0.0634,133.82
2813,SHORT,2023-07-31T19:51:59.999Z,1859.98,2023-07-31T19:54:59.999Z,1860.68,1000.00,-0.38,-0.0376,133.44
2814,SHORT,2023-07-31T19:55:59.999Z,1860.04,2023-08-01T00:25:59.999Z,1858.30,1000.00,0.94,0.0935,134.38
2815,SHORT,2023-08-01T01:49:59.999Z,1855.02,2023-08-01T06:33:59.999Z,1833.91,1000.00,11.38,1.1380,145.76
2816,SHORT,2023-08-01T10:05:59.999Z,1832.90,2023-08-01T10:42:59.999Z,1834.71,1000.00,-0.99,-0.0988,144.77
2817,SHORT,2023-08-01T11:34:59.999Z,1830.39,2023-08-01T13:18:59.999Z,1834.15,1000.00,-2.05,-0.2054,142.71
2818,SHORT,2023-08-01T14:48:59.999Z,1829.00,2023-08-01T16:02:59.999Z,1835.58,1000.00,-3.60,-0.3598,139.12
2819,SHORT,2023-08-02T03:11:59.999Z,1865.02,2023-08-02T11:02:59.999Z,1859.34,1000.00,3.05,0.3046,142.16
2820,SHORT,2023-08-02T12:36:59.999Z,1856.09,2023-08-02T19:33:59.999Z,1838.43,1000.00,9.51,0.9515,151.68
2821,SHORT,2023-08-02T23:17:59.999Z,1840.36,2023-08-03T00:38:59.999Z,1843.37,1000.00,-1.64,-0.1636,150.04
2822,SHORT,2023-08-03T00:57:59.999Z,1839.01,2023-08-03T01:45:59.999Z,1842.98,1000.00,-2.16,-0.2159,147.88
2823,SHORT,2023-08-03T02:37:59.999Z,1838.20,2023-08-03T06:25:59.999Z,1840.19,1000.00,-1.08,-0.1083,146.80
2824,SHORT,2023-08-03T06:33:59.999Z,1837.39,2023-08-03T10:05:59.999Z,1835.77,1000.00,0.88,0.0882,147.68
2825,SHORT,2023-08-03T12:38:59.999Z,1834.60,2023-08-03T13:16:59.999Z,1837.83,1000.00,-1.76,-0.1761,145.92
2826,SHORT,2023-08-03T18:26:59.999Z,1844.40,2023-08-03T19:07:59.999Z,1846.40,1000.00,-1.08,-0.1084,144.84
2827,SHORT,2023-08-03T19:11:59.999Z,1844.74,2023-08-03T20:05:59.999Z,1847.80,1000.00,-1.66,-0.1659,143.18
2828,SHORT,2023-08-03T21:17:59.999Z,1844.94,2023-08-04T05:22:59.999Z,1835.39,1000.00,5.18,0.5176,148.35
2829,SHORT,2023-08-04T06:50:59.999Z,1833.72,2023-08-04T07:59:59.999Z,1837.80,1000.00,-2.22,-0.2225,146.13
2830,SHORT,2023-08-04T10:40:59.999Z,1835.22,2023-08-04T12:41:59.999Z,1839.80,1000.00,-2.50,-0.2496,143.63
2831,SHORT,2023-08-04T17:41:59.999Z,1843.60,2023-08-05T00:27:59.999Z,1831.72,1000.00,6.44,0.6444,150.08
2832,SHORT,2023-08-05T01:36:59.999Z,1828.69,2023-08-05T02:54:59.999Z,1830.90,1000.00,-1.21,-0.1209,148.87
2833,SHORT,2023-08-05T04:47:59.999Z,1829.14,2023-08-05T05:34:59.999Z,1832.21,1000.00,-1.68,-0.1678,147.19
2834,SHORT,2023-08-05T07:32:59.999Z,1830.51,2023-08-05T07:51:59.999Z,1831.77,1000.00,-0.69,-0.0688,146.50
2835,SHORT,2023-08-05T07:52:59.999Z,1831.21,2023-08-05T08:46:59.999Z,1833.12,1000.00,-1.04,-0.1043,145.46
2836,SHORT,2023-08-05T09:56:59.999Z,1831.01,2023-08-05T10:17:59.999Z,1832.97,1000.00,-1.07,-0.1070,144.39
2837,SHORT,2023-08-05T12:37:59.999Z,1831.45,2023-08-05T14:02:59.999Z,1833.52,1000.00,-1.13,-0.1130,143.26
2838,SHORT,2023-08-05T15:37:59.999Z,1831.52,2023-08-05T15:48:59.999Z,1833.79,1000.00,-1.24,-0.1239,142.02
2839,SHORT,2023-08-05T16:22:59.999Z,1832.54,2023-08-05T17:34:59.999Z,1834.16,1000.00,-0.88,-0.0884,141.13
2840,SHORT,2023-08-05T20:38:59.999Z,1834.37,2023-08-05T21:24:59.999Z,1836.15,1000.00,-0.97,-0.0970,140.16
2841,SHORT,2023-08-05T22:14:59.999Z,1834.66,2023-08-05T22:39:59.999Z,1836.82,1000.00,-1.18,-0.1177,138.99
2842,SHORT,2023-08-06T01:26:59.999Z,1835.78,2023-08-06T02:30:59.999Z,1837.71,1000.00,-1.05,-0.1051,137.94
2843,SHORT,2023-08-06T03:14:59.999Z,1835.24,2023-08-06T05:06:59.999Z,1836.17,1000.00,-0.51,-0.0507,137.43
2844,SHORT,2023-08-06T06:18:59.999Z,1834.29,2023-08-06T08:27:59.999Z,1835.68,1000.00,-0.76,-0.0758,136.67
2845,SHORT,2023-08-06T09:14:59.999Z,1832.30,2023-08-06T11:47:59.999Z,1832.83,1000.00,-0.29,-0.0289,136.38
2846,SHORT,2023-08-06T12:27:59.999Z,1831.04,2023-08-06T16:40:59.999Z,1832.13,1000.00,-0.60,-0.0595,135.79
2847,SHORT,2023-08-06T19:44:59.999Z,1831.59,2023-08-06T21:06:59.999Z,1835.30,1000.00,-2.03,-0.2026,133.76
2848,SHORT,2023-08-06T22:00:59.999Z,1828.05,2023-08-07T01:15:59.999Z,1833.25,1000.00,-2.84,-0.2845,130.92
2849,SHORT,2023-08-07T06:08:59.999Z,1837.93,2023-08-07T10:52:59.999Z,1836.60,1000.00,0.72,0.0724,131.64
2850,SHORT,2023-08-07T11:46:59.999Z,1835.00,2023-08-07T18:20:59.999Z,1828.85,1000.00,3.35,0.3351,134.99
2851,SHORT,2023-08-08T01:57:59.999Z,1827.18,2023-08-08T02:36:59.999Z,1830.01,1000.00,-1.55,-0.1549,133.44
2852,SHORT,2023-08-08T07:28:59.999Z,1832.94,2023-08-08T10:50:59.999Z,1834.27,1000.00,-0.73,-0.0726,132.72
2853,SHORT,2023-08-08T22:26:59.999Z,1859.17,2023-08-09T01:37:59.999Z,1858.94,1000.00,0.12,0.0124,132.84
2854,SHORT,2023-08-09T02:14:59.999Z,1856.93,2023-08-09T04:50:59.999Z,1857.01,1000.00,-0.04,-0.0043,132.80
2855,SHORT,2023-08-09T06:25:59.999Z,1854.45,2023-08-09T06:56:59.999Z,1857.82,1000.00,-1.82,-0.1817,130.98
2856,SHORT,2023-08-09T10:13:59.999Z,1859.92,2023-08-09T10:18:59.999Z,1860.29,1000.00,-0.20,-0.0199,130.78
2857,SHORT,2023-08-09T10:34:59.999Z,1858.41,2023-08-09T10:36:59.999Z,1860.55,1000.00,-1.15,-0.1152,129.63
2858,SHORT,2023-08-09T13:59:59.999Z,1860.40,2023-08-09T18:56:59.999Z,1853.28,1000.00,3.83,0.3827,133.46
2859,SHORT,2023-08-09T19:36:59.999Z,1851.80,2023-08-09T20:47:59.999Z,1852.52,1000.00,-0.39,-0.0389,133.07
2860,SHORT,2023-08-09T21:13:59.999Z,1847.79,2023-08-09T21:33:59.999Z,1853.27,1000.00,-2.97,-0.2966,130.10
2861,SHORT,2023-08-10T02:53:59.999Z,1854.44,2023-08-10T06:12:59.999Z,1854.58,1000.00,-0.08,-0.0075,130.03
2862,SHORT,2023-08-10T06:26:59.999Z,1852.20,2023-08-10T07:33:59.999Z,1853.82,1000.00,-0.87,-0.0875,129.15
2863,SHORT,2023-08-10T07:41:59.999Z,1850.86,2023-08-10T10:00:59.999Z,1852.35,1000.00,-0.81,-0.0805,128.35
2864,SHORT,2023-08-10T10:23:59.999Z,1851.18,2023-08-10T10:52:59.999Z,1853.73,1000.00,-1.38,-0.1377,126.97
2865,SHORT,2023-08-10T11:53:59.999Z,1851.33,2023-08-10T12:25:59.999Z,1854.30,1000.00,-1.60,-0.1604,125.37
2866,SHORT,2023-08-10T14:49:59.999Z,1851.28,2023-08-10T20:18:59.999Z,1852.00,1000.00,-0.39,-0.0389,124.98
2867,SHORT,2023-08-10T20:49:59.999Z,1849.63,2023-08-10T21:06:59.999Z,1851.49,1000.00,-1.01,-0.1006,123.97
2868,SHORT,2023-08-10T22:13:59.999Z,1850.57,2023-08-10T22:15:59.999Z,1850.94,1000.00,-0.20,-0.0200,123.77
2869,SHORT,2023-08-11T01:51:59.999Z,1851.34,2023-08-11T05:43:59.999Z,1849.70,1000.00,0.89,0.0886,124.66
2870,SHORT,2023-08-11T08:56:59.999Z,1848.65,2023-08-11T11:32:59.999Z,1848.99,1000.00,-0.18,-0.0184,124.47
2871,SHORT,2023-08-11T13:37:59.999Z,1849.35,2023-08-11T13:54:59.999Z,1851.43,1000.00,-1.12,-0.1125,123.35
2872,SHORT,2023-08-11T15:19:59.999Z,1845.95,2023-08-11T20:47:59.999Z,1845.39,1000.00,0.30,0.0303,123.65
2873,SHORT,2023-08-11T21:51:59.999Z,1844.81,2023-08-11T21:57:59.999Z,1845.38,1000.00,-0.31,-0.0309,123.34
2874,SHORT,2023-08-12T02:55:59.999Z,1848.60,2023-08-12T06:56:59.999Z,1848.99,1000.00,-0.21,-0.0211,123.13
2875,SHORT,2023-08-12T15:57:59.999Z,1850.84,2023-08-12T16:21:59.999Z,1852.21,1000.00,-0.74,-0.0740,122.39
2876,SHORT,2023-08-12T17:06:59.999Z,1851.39,2023-08-12T21:58:59.999Z,1849.41,1000.00,1.07,0.1069,123.46
2877,SHORT,2023-08-13T03:12:59.999Z,1849.51,2023-08-13T07:28:59.999Z,1849.09,1000.00,0.23,0.0227,123.69
2878,SHORT,2023-08-13T11:25:59.999Z,1850.11,2023-08-13T12:44:59.999Z,1851.21,1000.00,-0.59,-0.0595,123.09
2879,SHORT,2023-08-13T13:48:59.999Z,1849.80,2023-08-13T14:39:59.999Z,1850.91,1000.00,-0.60,-0.0600,122.49
2880,SHORT,2023-08-13T14:57:59.999Z,1849.41,2023-08-13T17:24:59.999Z,1850.48,1000.00,-0.58,-0.0579,121.91
2881,SHORT,2023-08-13T21:22:59.999Z,1852.66,2023-08-14T02:46:59.999Z,1847.01,1000.00,3.05,0.3050,124.96
2882,SHORT,2023-08-14T09:28:59.999Z,1848.52,2023-08-14T11:00:59.999Z,1849.99,1000.00,-0.80,-0.0795,124.17
2883,SHORT,2023-08-14T11:25:59.999Z,1847.81,2023-08-14T14:23:59.999Z,1849.42,1000.00,-0.87,-0.0871,123.30
2884,SHORT,2023-08-14T17:35:59.999Z,1849.31,2023-08-14T21:17:59.999Z,1845.81,1000.00,1.89,0.1893,125.19
2885,SHORT,2023-08-14T23:19:59.999Z,1844.78,2023-08-15T00:12:59.999Z,1845.92,1000.00,-0.62,-0.0618,124.57
2886,SHORT,2023-08-15T02:12:59.999Z,1845.53,2023-08-15T08:09:59.999Z,1843.09,1000.00,1.32,0.1322,125.89
2887,SHORT,2023-08-15T10:11:59.999Z,1842.59,2023-08-15T12:54:59.999Z,1843.50,1000.00,-0.49,-0.0494,125.40
2888,SHORT,2023-08-15T14:03:59.999Z,1841.35,2023-08-15T14:16:59.999Z,1844.10,1000.00,-1.49,-0.1493,123.91
2889,SHORT,2023-08-15T15:23:59.999Z,1841.40,2023-08-15T18:43:59.999Z,1841.20,1000.00,0.11,0.0109,124.02
2890,SHORT,2023-08-15T19:05:59.999Z,1839.24,2023-08-16T01:58:59.999Z,1830.28,1000.00,4.87,0.4872,128.89
2891,SHORT,2023-08-16T03:53:59.999Z,1829.86,2023-08-16T07:22:59.999Z,1827.74,1000.00,1.16,0.1159,130.05
2892,SHORT,2023-08-16T08:26:59.999Z,1824.34,2023-08-16T10:40:59.999Z,1826.17,1000.00,-1.00,-0.1003,129.04
2893,SHORT,2023-08-16T11:46:59.999Z,1823.92,2023-08-16T14:36:59.999Z,1825.55,1000.00,-0.89,-0.0894,128.15
2894,SHORT,2023-08-16T15:47:59.999Z,1821.40,2023-08-16T17:35:59.999Z,1824.13,1000.00,-1.50,-0.1499,126.65
2895,SHORT,2023-08-16T19:19:59.999Z,1821.29,2023-08-17T05:30:59.999Z,1800.60,1000.00,11.36,1.1360,138.01
2896,SHORT,2023-08-17T07:43:59.999Z,1799.06,2023-08-17T23:26:59.999Z,1693.68,1000.00,58.58,5.8575,196.59
2897,SHORT,2023-08-18T01:56:59.999Z,1685.34,2023-08-18T01:59:59.999Z,1688.75,1000.00,-2.02,-0.2023,194.56
2898,SHORT,2023-08-18T02:43:59.999Z,1682.33,2023-08-18T05:55:59.999Z,1679.68,1000.00,1.58,0.1575,196.14
2899,SHORT,2023-08-18T09:54:59.999Z,1684.66,2023-08-18T18:49:59.999Z,1677.58,1000.00,4.20,0.4203,200.34
2900,SHORT,2023-08-18T19:17:59.999Z,1660.23,2023-08-18T20:32:59.999Z,1667.01,1000.00,-4.08,-0.4084,196.26
2901,SHORT,2023-08-18T20:58:59.999Z,1659.16,2023-08-18T21:13:59.999Z,1664.51,1000.00,-3.22,-0.3225,193.03
2902,SHORT,2023-08-18T22:52:59.999Z,1662.27,2023-08-19T00:35:59.999Z,1665.19,1000.00,-1.76,-0.1757,191.28
2903,SHORT,2023-08-19T01:55:59.999Z,1662.80,2023-08-19T04:49:59.999Z,1662.96,1000.00,-0.10,-0.0096,191.18
2904,SHORT,2023-08-19T05:25:59.999Z,1659.68,2023-08-19T07:49:59.999Z,1660.66,1000.00,-0.59,-0.0590,190.59
2905,SHORT,2023-08-19T11:19:59.999Z,1660.04,2023-08-19T11:37:59.999Z,1662.19,1000.00,-1.30,-0.1295,189.29
2906,SHORT,2023-08-19T11:44:59.999Z,1660.53,2023-08-19T13:29:59.999Z,1662.60,1000.00,-1.25,-0.1247,188.05
2907,SHORT,2023-08-19T20:11:59.999Z,1675.90,2023-08-20T00:46:59.999Z,1671.67,1000.00,2.52,0.2524,190.57
2908,SHORT,2023-08-20T01:19:59.999Z,1665.54,2023-08-20T03:22:59.999Z,1669.59,1000.00,-2.43,-0.2432,188.14
2909,SHORT,2023-08-20T04:01:59.999Z,1668.01,2023-08-20T05:34:59.999Z,1669.38,1000.00,-0.82,-0.0821,187.32
2910,SHORT,2023-08-20T05:49:59.999Z,1665.18,2023-08-20T08:33:59.999Z,1667.81,1000.00,-1.58,-0.1579,185.74
2911,SHORT,2023-08-20T14:42:59.999Z,1671.98,2023-08-20T17:39:59.999Z,1675.77,1000.00,-2.27,-0.2267,183.47
2912,SHORT,2023-08-20T23:17:59.999Z,1680.82,2023-08-20T23:40:59.999Z,1685.08,1000.00,-2.53,-0.2534,180.94
2913,SHORT,2023-08-21T00:17:59.999Z,1680.10,2023-08-21T01:28:59.999Z,1684.79,1000.00,-2.79,-0.2792,178.15
2914,SHORT,2023-08-21T01:39:59.999Z,1681.40,2023-08-21T01:41:59.999Z,1682.94,1000.00,-0.92,-0.0916,177.23
2915,SHORT,2023-08-21T02:26:59.999Z,1681.60,2023-08-21T05:34:59.999Z,1682.19,1000.00,-0.35,-0.0351,176.88
2916,SHORT,2023-08-21T06:23:59.999Z,1677.78,2023-08-21T11:58:59.999Z,1672.50,1000.00,3.15,0.3147,180.03
2917,SHORT,2023-08-21T13:18:59.999Z,1668.59,2023-08-21T14:00:59.999Z,1676.58,1000.00,-4.79,-0.4788,175.24
2918,SHORT,2023-08-21T15:18:59.999Z,1666.44,2023-08-21T18:04:59.999Z,1664.77,1000.00,1.00,0.1002,176.24
2919,SHORT,2023-08-21T22:45:59.999Z,1668.77,2023-08-22T07:07:59.999Z,1665.11,1000.00,2.19,0.2193,178.43
2920,SHORT,2023-08-22T09:24:59.999Z,1664.47,2023-08-22T09:26:59.999Z,1665.00,1000.00,-0.32,-0.0318,178.11
2921,SHORT,2023-08-22T09:30:59.999Z,1664.00,2023-08-22T09:46:59.999Z,1667.25,1000.00,-1.95,-0.1953,176.16
2922,SHORT,2023-08-22T10:13:59.999Z,1664.25,2023-08-22T10:30:59.999Z,1665.50,1000.00,-0.75,-0.0751,175.41
2923,SHORT,2023-08-22T10:38:59.999Z,1663.81,2023-08-22T12:35:59.999Z,1665.35,1000.00,-0.93,-0.0926,174.48
2924,SHORT,2023-08-22T13:15:59.999Z,1662.20,2023-08-22T23:15:59.999Z,1633.12,1000.00,17.49,1.7495,191.98
2925,SHORT,2023-08-23T03:54:59.999Z,1631.61,2023-08-23T04:32:59.999Z,1634.49,1000.00,-1.77,-0.1765,190.21
2926,SHORT,2023-08-23T11:07:59.999Z,1640.85,2023-08-23T12:15:59.999Z,1645.55,1000.00,-2.86,-0.2864,187.35
2927,SHORT,2023-08-23T12:29:59.999Z,1642.79,2023-08-23T13:56:59.999Z,1649.00,1000.00,-3.78,-0.3780,183.57
2928,SHORT,2023-08-23T21:46:59.999Z,1676.63,2023-08-23T23:42:59.999Z,1679.81,1000.00,-1.90,-0.1897,181.67
2929,SHORT,2023-08-24T01:26:59.999Z,1676.19,2023-08-24T04:59:59.999Z,1676.41,1000.00,-0.13,-0.0131,181.54
2930,SHORT,2023-08-24T05:49:59.999Z,1674.47,2023-08-24T06:45:59.999Z,1678.87,1000.00,-2.63,-0.2628,178.91
2931,SHORT,2023-08-24T07:42:59.999Z,1674.33,2023-08-24T11:28:59.999Z,1672.50,1000.00,1.09,0.1093,180.01
2932,SHORT,2023-08-24T11:57:59.999Z,1669.00,2023-08-24T19:35:59.999Z,1651.79,1000.00,10.31,1.0312,190.32
2933,SHORT,2023-08-25T03:29:59.999Z,1651.67,2023-08-25T08:14:59.999Z,1653.80,1000.00,-1.29,-0.1290,189.03
2934,SHORT,2023-08-25T10:08:59.999Z,1652.82,2023-08-25T10:21:59.999Z,1654.92,1000.00,-1.27,-0.1271,187.76
2935,SHORT,2023-08-25T10:56:59.999Z,1652.07,2023-08-25T11:30:59.999Z,1655.07,1000.00,-1.82,-0.1816,185.94
2936,SHORT,2023-08-25T14:47:59.999Z,1647.81,2023-08-25T18:44:59.999Z,1649.78,1000.00,-1.20,-0.1196,184.75
2937,SHORT,2023-08-25T20:00:59.999Z,1646.36,2023-08-25T20:55:59.999Z,1649.80,1000.00,-2.09,-0.2089,182.66
2938,SHORT,2023-08-26T04:35:59.999Z,1652.39,2023-08-26T06:59:59.999Z,1653.69,1000.00,-0.79,-0.0787,181.87
2939,SHORT,2023-08-26T08:05:59.999Z,1651.91,2023-08-26T08:20:59.999Z,1653.64,1000.00,-1.05,-0.1047,180.82
2940,SHORT,2023-08-26T08:34:59.999Z,1648.99,2023-08-26T11:43:59.999Z,1650.56,1000.00,-0.95,-0.0952,179.87
2941,SHORT,2023-08-26T11:48:59.999Z,1649.72,2023-08-26T13:44:59.999Z,1650.38,1000.00,-0.40,-0.0400,179.47
2942,SHORT,2023-08-26T16:32:59.999Z,1650.03,2023-08-26T20:26:59.999Z,1647.46,1000.00,1.56,0.1558,181.03
2943,SHORT,2023-08-26T23:14:59.999Z,1645.71,2023-08-27T00:30:59.999Z,1649.10,1000.00,-2.06,-0.2060,178.97
2944,SHORT,2023-08-27T01:40:59.999Z,1646.60,2023-08-27T01:58:59.999Z,1649.16,1000.00,-1.55,-0.1555,177.41
2945,SHORT,2023-08-27T02:50:59.999Z,1647.73,2023-08-27T04:23:59.999Z,1647.81,1000.00,-0.05,-0.0049,177.37
2946,SHORT,2023-08-27T06:49:59.999Z,1649.28,2023-08-27T08:54:59.999Z,1651.35,1000.00,-1.26,-0.1255,176.11
2947,SHORT,2023-08-27T09:36:59.999Z,1649.00,2023-08-27T10:04:59.999Z,1650.97,1000.00,-1.19,-0.1195,174.92
2948,SHORT,2023-08-27T11:49:59.999Z,1649.84,2023-08-27T13:04:59.999Z,1650.71,1000.00,-0.53,-0.0527,174.39
2949,SHORT,2023-08-27T17:48:59.999Z,1652.94,2023-08-27T19:11:59.999Z,1657.01,1000.00,-2.46,-0.2462,171.93
2950,SHORT,2023-08-27T20:19:59.999Z,1654.00,2023-08-27T21:25:59.999Z,1657.14,1000.00,-1.90,-0.1898,170.03
2951,SHORT,2023-08-27T21:59:59.999Z,1653.37,2023-08-27T22:52:59.999Z,1657.01,1000.00,-2.20,-0.2202,167.83
2952,SHORT,2023-08-28T00:34:59.999Z,1653.81,2023-08-28T11:58:59.999Z,1639.90,1000.00,8.41,0.8411,176.24
2953,SHORT,2023-08-28T16:00:59.999Z,1648.20,2023-08-28T16:03:59.999Z,1650.29,1000.00,-1.27,-0.1268,174.97
2954,SHORT,2023-08-28T16:08:59.999Z,1647.95,2023-08-28T16:10:59.999Z,1650.24,1000.00,-1.39,-0.1390,173.58
2955,SHORT,2023-08-28T18:07:59.999Z,1648.00,2023-08-28T19:05:59.999Z,1652.77,1000.00,-2.89,-0.2894,170.69
2956,SHORT,2023-08-28T19:20:59.999Z,1645.71,2023-08-28T22:21:59.999Z,1649.86,1000.00,-2.52,-0.2522,168.16
2957,SHORT,2023-08-29T02:33:59.999Z,1653.60,2023-08-29T13:06:59.999Z,1645.24,1000.00,5.06,0.5056,173.22
2958,SHORT,2023-08-29T13:21:59.999Z,1643.75,2023-08-29T13:43:59.999Z,1646.34,1000.00,-1.58,-0.1576,171.64
2959,SHORT,2023-08-29T21:02:59.999Z,1731.25,2023-08-30T06:06:59.999Z,1719.78,1000.00,6.63,0.6625,178.27
2960,SHORT,2023-08-30T06:54:59.999Z,1716.37,2023-08-30T10:35:59.999Z,1719.60,1000.00,-1.88,-0.1882,176.39
2961,SHORT,2023-08-30T12:01:59.999Z,1715.30,2023-08-30T12:23:59.999Z,1719.94,1000.00,-2.71,-0.2705,173.68
2962,SHORT,2023-08-30T12:42:59.999Z,1715.02,2023-08-30T13:04:59.999Z,1718.99,1000.00,-2.31,-0.2315,171.37
2963,SHORT,2023-08-30T13:45:59.999Z,1715.83,2023-08-30T19:44:59.999Z,1704.25,1000.00,6.75,0.6749,178.12
2964,SHORT,2023-08-30T22:20:59.999Z,1702.39,2023-08-30T23:21:59.999Z,1704.38,1000.00,-1.17,-0.1169,176.95
2965,SHORT,2023-08-31T00:21:59.999Z,1701.90,2023-08-31T04:34:59.999Z,1701.72,1000.00,0.11,0.0106,177.05
2966,SHORT,2023-08-31T09:49:59.999Z,1704.41,2023-08-31T11:02:59.999Z,1705.55,1000.00,-0.67,-0.0669,176.38
2967,SHORT,2023-08-31T13:10:59.999Z,1706.66,2023-09-01T00:27:59.999Z,1652.42,1000.00,31.78,3.1781,208.17
2968,SHORT,2023-09-01T03:14:59.999Z,1649.39,2023-09-01T03:35:59.999Z,1652.28,1000.00,-1.75,-0.1752,206.41
2969,SHORT,2023-09-01T05:02:59.999Z,1650.57,2023-09-01T11:49:59.999Z,1647.59,1000.00,1.81,0.1805,208.22
2970,SHORT,2023-09-01T13:20:59.999Z,1644.54,2023-09-01T20:19:59.999Z,1623.97,1000.00,12.51,1.2508,220.73
2971,SHORT,2023-09-02T06:47:59.999Z,1630.58,2023-09-02T09:20:59.999Z,1633.65,1000.00,-1.88,-0.1883,218.84
2972,SHORT,2023-09-02T16:43:59.999Z,1636.11,2023-09-02T21:03:59.999Z,1634.06,1000.00,1.25,0.1253,220.10
2973,SHORT,2023-09-02T21:06:59.999Z,1633.81,2023-09-02T21:07:59.999Z,1634.31,1000.00,-0.31,-0.0306,219.79
2974,SHORT,2023-09-03T00:32:59.999Z,1632.82,2023-09-03T03:53:59.999Z,1635.72,1000.00,-1.78,-0.1776,218.01
2975,SHORT,2023-09-03T07:32:59.999Z,1634.02,2023-09-03T11:07:59.999Z,1634.42,1000.00,-0.24,-0.0245,217.77
2976,SHORT,2023-09-03T11:34:59.999Z,1633.49,2023-09-03T11:48:59.999Z,1634.41,1000.00,-0.56,-0.0563,217.21
2977,SHORT,2023-09-03T11:51:59.999Z,1633.65,2023-09-03T12:01:59.999Z,1634.39,1000.00,-0.45,-0.0453,216.75
2978,SHORT,2023-09-03T12:16:59.999Z,1633.03,2023-09-03T12:27:59.999Z,1635.38,1000.00,-1.44,-0.1439,215.31
2979,SHORT,2023-09-03T13:09:59.999Z,1631.15,2023-09-03T13:36:59.999Z,1636.37,1000.00,-3.20,-0.3200,212.11
2980,SHORT,2023-09-03T15:37:59.999Z,1633.30,2023-09-03T18:19:59.999Z,1638.49,1000.00,-3.18,-0.3178,208.94
2981,SHORT,2023-09-03T22:07:59.999Z,1637.34,2023-09-04T02:53:59.999Z,1637.29,1000.00,0.03,0.0031,208.97
2982,SHORT,2023-09-04T05:43:59.999Z,1635.75,2023-09-04T06:33:59.999Z,1638.22,1000.00,-1.51,-0.1510,207.46
2983,SHORT,2023-09-04T09:45:59.999Z,1637.07,2023-09-04T17:19:59.999Z,1632.44,1000.00,2.83,0.2828,210.29
2984,SHORT,2023-09-04T19:19:59.999Z,1629.09,2023-09-04T19:50:59.999Z,1632.35,1000.00,-2.00,-0.2001,208.28
2985,SHORT,2023-09-04T20:38:59.999Z,1628.02,2023-09-04T23:41:59.999Z,1628.15,1000.00,-0.08,-0.0080,208.20
2986,SHORT,2023-09-05T01:10:59.999Z,1625.37,2023-09-05T04:43:59.999Z,1623.53,1000.00,1.13,0.1132,209.34
2987,SHORT,2023-09-05T08:46:59.999Z,1621.13,2023-09-05T09:00:59.999Z,1625.30,1000.00,-2.57,-0.2572,206.76
2988,SHORT,2023-09-05T13:59:59.999Z,1630.83,2023-09-05T15:12:59.999Z,1638.06,1000.00,-4.43,-0.4433,202.33
2989,SHORT,2023-09-05T18:14:59.999Z,1634.76,2023-09-05T19:03:59.999Z,1638.04,1000.00,-2.01,-0.2006,200.32
2990,SHORT,2023-09-05T19:49:59.999Z,1633.99,2023-09-05T23:21:59.999Z,1632.98,1000.00,0.62,0.0618,200.94
2991,SHORT,2023-09-06T03:58:59.999Z,1633.69,2023-09-06T08:54:59.999Z,1631.99,1000.00,1.04,0.1041,201.98
2992,SHORT,2023-09-06T09:28:59.999Z,1630.54,2023-09-06T09:31:59.999Z,1631.19,1000.00,-0.40,-0.0399,201.58
2993,SHORT,2023-09-06T12:56:59.999Z,1632.18,2023-09-06T17:55:59.999Z,1653.39,1000.00,-12.99,-1.2995,188.59
2994,SHORT,2023-09-06T21:05:59.999Z,1629.59,2023-09-06T21:14:59.999Z,1631.53,1000.00,-1.19,-0.1190,187.40
2995,SHORT,2023-09-07T07:07:59.999Z,1636.86,2023-09-07T14:53:59.999Z,1631.51,1000.00,3.27,0.3268,190.67
2996,SHORT,2023-09-08T02:14:59.999Z,1647.16,2023-09-08T04:27:59.999Z,1647.60,1000.00,-0.27,-0.0267,190.40
2997,SHORT,2023-09-08T04:36:59.999Z,1646.52,2023-09-08T04:40:59.999Z,1648.37,1000.00,-1.12,-0.1124,189.28
2998,SHORT,2023-09-08T06:01:59.999Z,1645.61,2023-09-08T13:39:59.999Z,1632.77,1000.00,7.80,0.7803,197.08
2999,SHORT,2023-09-08T15:43:59.999Z,1629.90,2023-09-08T18:09:59.999Z,1630.39,1000.00,-0.30,-0.0301,196.78
3000,SHORT,2023-09-08T18:14:59.999Z,1628.31,2023-09-08T19:26:59.999Z,1631.70,1000.00,-2.08,-0.2082,194.70
3001,SHORT,2023-09-09T01:00:59.999Z,1634.97,2023-09-09T01:51:59.999Z,1636.20,1000.00,-0.75,-0.0752,193.95
3002,SHORT,2023-09-09T02:14:59.999Z,1635.07,2023-09-09T06:58:59.999Z,1635.04,1000.00,0.02,0.0018,193.96
3003,SHORT,2023-09-09T08:31:59.999Z,1633.55,2023-09-09T08:50:59.999Z,1635.10,1000.00,-0.95,-0.0949,193.01
3004,SHORT,2023-09-09T09:03:59.999Z,1634.01,2023-09-09T09:29:59.999Z,1634.81,1000.00,-0.49,-0.0490,192.52
3005,SHORT,2023-09-09T10:33:59.999Z,1634.04,2023-09-09T11:40:59.999Z,1634.95,1000.00,-0.56,-0.0557,191.97
3006,SHORT,2023-09-09T13:15:59.999Z,1633.19,2023-09-09T15:09:59.999Z,1635.82,1000.00,-1.61,-0.1610,190.36
3007,SHORT,2023-09-09T17:52:59.999Z,1634.02,2023-09-09T20:15:59.999Z,1634.04,1000.00,-0.01,-0.0012,190.35
3008,SHORT,2023-09-09T21:10:59.999Z,1633.69,2023-09-09T21:11:59.999Z,1634.45,1000.00,-0.47,-0.0465,189.88
3009,SHORT,2023-09-10T00:17:59.999Z,1634.07,2023-09-10T11:43:59.999Z,1626.28,1000.00,4.77,0.4767,194.65
3010,SHORT,2023-09-10T14:39:59.999Z,1622.19,2023-09-10T20:06:59.999Z,1616.05,1000.00,3.79,0.3785,198.43
3011,SHORT,2023-09-10T23:19:59.999Z,1617.94,2023-09-11T03:23:59.999Z,1612.99,1000.00,3.06,0.3059,201.49
3012,SHORT,2023-09-11T04:02:59.999Z,1609.09,2023-09-11T05:38:59.999Z,1614.44,1000.00,-3.32,-0.3325,198.17
3013,SHORT,2023-09-11T07:38:59.999Z,1612.91,2023-09-11T13:29:59.999Z,1593.56,1000.00,12.00,1.1997,210.16
3014,SHORT,2023-09-11T13:52:59.999Z,1590.23,2023-09-11T22:46:59.999Z,1548.13,1000.00,26.47,2.6474,236.64
3015,SHORT,2023-09-12T07:27:59.999Z,1575.76,2023-09-12T07:38:59.999Z,1579.99,1000.00,-2.68,-0.2684,233.95
3016,SHORT,2023-09-12T09:09:59.999Z,1577.34,2023-09-12T09:23:59.999Z,1579.69,1000.00,-1.49,-0.1490,232.46
3017,SHORT,2023-09-12T13:29:59.999Z,1599.25,2023-09-12T13:53:59.999Z,1606.18,1000.00,-4.33,-0.4333,228.13
3018,SHORT,2023-09-12T14:49:59.999Z,1597.09,2023-09-12T15:56:59.999Z,1603.21,1000.00,-3.83,-0.3832,224.30
3019,SHORT,2023-09-12T17:00:59.999Z,1597.70,2023-09-12T19:22:59.999Z,1601.91,1000.00,-2.64,-0.2635,221.66
3020,SHORT,2023-09-12T22:28:59.999Z,1596.50,2023-09-13T00:52:59.999Z,1598.60,1000.00,-1.32,-0.1315,220.35
3021,SHORT,2023-09-13T02:37:59.999Z,1596.01,2023-09-13T07:23:59.999Z,1589.50,1000.00,4.08,0.4079,224.43
3022,SHORT,2023-09-13T08:01:59.999Z,1585.98,2023-09-13T08:12:59.999Z,1590.40,1000.00,-2.79,-0.2787,221.64
3023,SHORT,2023-09-13T13:17:59.999Z,1596.24,2023-09-13T14:33:59.999Z,1603.81,1000.00,-4.74,-0.4742,216.90
3024,SHORT,2023-09-13T17:40:59.999Z,1602.23,2023-09-13T20:47:59.999Z,1603.81,1000.00,-0.99,-0.0986,215.91
3025,SHORT,2023-09-14T04:32:59.999Z,1617.62,2023-09-14T06:49:59.999Z,1618.24,1000.00,-0.38,-0.0383,215.53
3026,SHORT,2023-09-14T19:03:59.999Z,1630.49,2023-09-14T19:54:59.999Z,1635.17,1000.00,-2.87,-0.2870,212.66
3027,SHORT,2023-09-14T20:27:59.999Z,1632.38,2023-09-15T02:04:59.999Z,1633.44,1000.00,-0.65,-0.0649,212.01
3028,SHORT,2023-09-15T05:48:59.999Z,1630.52,2023-09-15T09:51:59.999Z,1630.35,1000.00,0.10,0.0104,212.11
3029,SHORT,2023-09-15T10:03:59.999Z,1628.12,2023-09-15T10:22:59.999Z,1629.61,1000.00,-0.92,-0.0915,211.20
3030,SHORT,2023-09-15T11:15:59.999Z,1625.52,2023-09-15T16:34:59.999Z,1622.23,1000.00,2.02,0.2024,213.22
3031,SHORT,2023-09-15T18:07:59.999Z,1619.12,2023-09-15T19:18:59.999Z,1621.97,1000.00,-1.76,-0.1760,211.46
3032,SHORT,2023-09-16T04:01:59.999Z,1641.75,2023-09-16T12:42:59.999Z,1637.28,1000.00,2.72,0.2723,214.18
3033,SHORT,2023-09-16T13:30:59.999Z,1634.71,2023-09-16T15:36:59.999Z,1636.31,1000.00,-0.98,-0.0979,213.21
3034,SHORT,2023-09-16T16:00:59.999Z,1634.45,2023-09-16T16:53:59.999Z,1636.70,1000.00,-1.38,-0.1377,211.83
3035,SHORT,2023-09-16T19:10:59.999Z,1635.01,2023-09-16T21:18:59.999Z,1635.75,1000.00,-0.45,-0.0453,211.38
3036,SHORT,2023-09-16T23:21:59.999Z,1633.31,2023-09-17T03:21:59.999Z,1629.02,1000.00,2.63,0.2627,214.00
3037,SHORT,2023-09-17T04:18:59.999Z,1627.83,2023-09-17T04:41:59.999Z,1628.70,1000.00,-0.53,-0.0534,213.47
3038,SHORT,2023-09-17T07:52:59.999Z,1627.63,2023-09-17T08:30:59.999Z,1631.09,1000.00,-2.13,-0.2126,211.34
3039,SHORT,2023-09-17T11:38:59.999Z,1631.11,2023-09-17T19:24:59.999Z,1626.24,1000.00,2.99,0.2986,214.33
3040,SHORT,2023-09-17T20:43:59.999Z,1620.94,2023-09-17T23:57:59.999Z,1622.77,1000.00,-1.13,-0.1129,213.20
3041,SHORT,2023-09-18T00:33:59.999Z,1611.53,2023-09-18T02:23:59.999Z,1624.14,1000.00,-7.82,-0.7825,205.37
3042,SHORT,2023-09-18T16:16:59.999Z,1654.81,2023-09-18T22:56:59.999Z,1641.75,1000.00,7.89,0.7892,213.27
3043,SHORT,2023-09-18T23:24:59.999Z,1637.69,2023-09-19T02:37:59.999Z,1635.73,1000.00,1.20,0.1197,214.46
3044,SHORT,2023-09-19T03:51:59.999Z,1634.40,2023-09-19T04:27:59.999Z,1636.39,1000.00,-1.22,-0.1218,213.25
3045,SHORT,2023-09-19T06:12:59.999Z,1633.25,2023-09-19T06:51:59.999Z,1637.02,1000.00,-2.31,-0.2308,210.94
3046,SHORT,2023-09-19T11:20:59.999Z,1642.23,2023-09-19T11:56:59.999Z,1647.70,1000.00,-3.33,-0.3331,207.61
3047,SHORT,2023-09-19T12:46:59.999Z,1640.98,2023-09-19T13:46:59.999Z,1645.74,1000.00,-2.90,-0.2901,204.71
3048,SHORT,2023-09-19T13:52:59.999Z,1643.11,2023-09-19T15:04:59.999Z,1647.04,1000.00,-2.39,-0.2392,202.31
3049,SHORT,2023-09-19T17:16:59.999Z,1645.09,2023-09-19T23:09:59.999Z,1644.10,1000.00,0.60,0.0602,202.92
3050,SHORT,2023-09-20T00:31:59.999Z,1639.76,2023-09-20T01:08:59.999Z,1645.44,1000.00,-3.46,-0.3464,199.45
3051,SHORT,2023-09-20T02:39:59.999Z,1640.86,2023-09-20T08:54:59.999Z,1637.81,1000.00,1.86,0.1859,201.31
3052,SHORT,2023-09-20T09:33:59.999Z,1633.53,2023-09-20T13:57:59.999Z,1630.60,1000.00,1.79,0.1794,203.10
3053,SHORT,2023-09-20T14:59:59.999Z,1627.53,2023-09-20T16:02:59.999Z,1629.14,1000.00,-0.99,-0.0989,202.12
3054,SHORT,2023-09-20T16:09:59.999Z,1628.29,2023-09-20T16:12:59.999Z,1629.97,1000.00,-1.03,-0.1032,201.08
3055,SHORT,2023-09-20T16:25:59.999Z,1626.34,2023-09-20T16:52:59.999Z,1629.10,1000.00,-1.70,-0.1697,199.39
3056,SHORT,2023-09-20T16:57:59.999Z,1627.57,2023-09-20T17:10:59.999Z,1629.85,1000.00,-1.40,-0.1401,197.99
3057,SHORT,2023-09-20T19:18:59.999Z,1610.46,2023-09-20T21:21:59.999Z,1629.34,1000.00,-11.72,-1.1723,186.26
3058,SHORT,2023-09-20T22:35:59.999Z,1621.84,2023-09-21T03:40:59.999Z,1621.05,1000.00,0.49,0.0487,186.75
3059,SHORT,2023-09-21T06:23:59.999Z,1618.28,2023-09-21T16:57:59.999Z,1587.71,1000.00,18.89,1.8890,205.64
3060,SHORT,2023-09-21T20:27:59.999Z,1584.29,2023-09-22T00:45:59.999Z,1589.50,1000.00,-3.29,-0.3289,202.35
3061,SHORT,2023-09-22T06:46:59.999Z,1591.31,2023-09-22T07:19:59.999Z,1593.94,1000.00,-1.65,-0.1653,200.70
3062,SHORT,2023-09-22T07:24:59.999Z,1591.09,2023-09-22T07:54:59.999Z,1596.32,1000.00,-3.29,-0.3287,197.41
3063,SHORT,2023-09-22T10:40:59.999Z,1594.01,2023-09-22T11:26:59.999Z,1596.14,1000.00,-1.34,-0.1336,196.08
3064,SHORT,2023-09-22T13:12:59.999Z,1595.56,2023-09-22T13:21:59.999Z,1597.21,1000.00,-1.03,-0.1034,195.04
3065,SHORT,2023-09-22T13:42:59.999Z,1594.48,2023-09-22T14:06:59.999Z,1600.01,1000.00,-3.47,-0.3468,191.57
3066,SHORT,2023-09-22T15:52:59.999Z,1594.04,2023-09-22T18:51:59.999Z,1594.15,1000.00,-0.07,-0.0069,191.50
3067,SHORT,2023-09-22T20:31:59.999Z,1592.27,2023-09-22T22:00:59.999Z,1593.73,1000.00,-0.92,-0.0917,190.59
3068,SHORT,2023-09-23T02:25:59.999Z,1593.27,2023-09-23T05:29:59.999Z,1593.98,1000.00,-0.45,-0.0446,190.14
3069,SHORT,2023-09-23T08:33:59.999Z,1593.37,2023-09-23T12:04:59.999Z,1593.26,1000.00,0.07,0.0069,190.21
3070,SHORT,2023-09-23T13:13:59.999Z,1592.23,2023-09-23T17:00:59.999Z,1594.03,1000.00,-1.13,-0.1130,189.08
3071,SHORT,2023-09-23T21:12:59.999Z,1592.25,2023-09-23T21:31:59.999Z,1593.88,1000.00,-1.02,-0.1024,188.06
3072,SHORT,2023-09-23T21:35:59.999Z,1593.13,2023-09-23T23:57:59.999Z,1593.74,1000.00,-0.38,-0.0383,187.67
3073,SHORT,2023-09-24T01:03:59.999Z,1591.59,2023-09-24T01:46:59.999Z,1593.38,1000.00,-1.12,-0.1125,186.55
3074,SHORT,2023-09-24T03:51:59.999Z,1592.32,2023-09-24T08:28:59.999Z,1592.98,1000.00,-0.41,-0.0414,186.13
3075,SHORT,2023-09-24T10:51:59.999Z,1592.35,2023-09-24T11:24:59.999Z,1594.98,1000.00,-1.65,-0.1652,184.48
3076,SHORT,2023-09-24T12:30:59.999Z,1592.91,2023-09-24T12:49:59.999Z,1595.23,1000.00,-1.46,-0.1456,183.03
3077,SHORT,2023-09-24T15:17:59.999Z,1591.35,2023-09-24T17:47:59.999Z,1595.89,1000.00,-2.85,-0.2853,180.17
3078,SHORT,2023-09-24T18:30:59.999Z,1586.83,2023-09-24T21:06:59.999Z,1590.74,1000.00,-2.46,-0.2464,177.71
3079,SHORT,2023-09-24T21:14:59.999Z,1587.50,2023-09-24T21:46:59.999Z,1589.78,1000.00,-1.44,-0.1436,176.27
3080,SHORT,2023-09-24T22:09:59.999Z,1587.21,2023-09-25T01:39:59.999Z,1582.47,1000.00,2.99,0.2986,179.26
3081,SHORT,2023-09-25T01:42:59.999Z,1581.87,2023-09-25T06:51:59.999Z,1579.29,1000.00,1.63,0.1631,180.89
3082,SHORT,2023-09-25T08:48:59.999Z,1576.73,2023-09-25T13:29:59.999Z,1574.15,1000.00,1.64,0.1636,182.53
3083,SHORT,2023-09-25T19:35:59.999Z,1588.17,2023-09-25T19:45:59.999Z,1589.99,1000.00,-1.15,-0.1146,181.38
3084,SHORT,2023-09-25T20:52:59.999Z,1588.00,2023-09-25T23:55:59.999Z,1588.87,1000.00,-0.55,-0.0548,180.83
3085,SHORT,2023-09-26T00:32:59.999Z,1586.67,2023-09-26T01:13:59.999Z,1589.91,1000.00,-2.04,-0.2042,178.79
3086,SHORT,2023-09-26T01:39:59.999Z,1586.58,2023-09-26T01:49:59.999Z,1589.00,1000.00,-1.53,-0.1525,177.27
3087,SHORT,2023-09-26T06:30:59.999Z,1590.52,2023-09-26T08:49:59.999Z,1590.96,1000.00,-0.28,-0.0277,176.99
3088,SHORT,2023-09-26T09:04:59.999Z,1588.69,2023-09-26T09:36:59.999Z,1594.27,1000.00,-3.51,-0.3512,173.48
3089,SHORT,2023-09-26T10:28:59.999Z,1587.96,2023-09-26T12:00:59.999Z,1591.32,1000.00,-2.12,-0.2116,171.36
3090,SHORT,2023-09-26T12:45:59.999Z,1587.96,2023-09-26T16:36:59.999Z,1591.08,1000.00,-1.96,-0.1965,169.40
3091,SHORT,2023-09-26T17:56:59.999Z,1586.76,2023-09-26T19:39:59.999Z,1587.33,1000.00,-0.36,-0.0359,169.04
3092,SHORT,2023-09-26T21:31:59.999Z,1586.51,2023-09-26T21:37:59.999Z,1588.57,1000.00,-1.30,-0.1298,167.74
3093,SHORT,2023-09-27T02:44:59.999Z,1590.38,2023-09-27T03:31:59.999Z,1592.69,1000.00,-1.45,-0.1452,166.29
3094,SHORT,2023-09-27T05:12:59.999Z,1592.79,2023-09-27T06:45:59.999Z,1593.90,1000.00,-0.70,-0.0697,165.59
3095,SHORT,2023-09-27T07:29:59.999Z,1591.07,2023-09-27T09:07:59.999Z,1593.34,1000.00,-1.43,-0.1427,164.16
3096,SHORT,2023-09-27T14:12:59.999Z,1618.04,2023-09-27T20:27:59.999Z,1598.74,1000.00,11.93,1.1928,176.09
3097,SHORT,2023-09-27T20:35:59.999Z,1595.49,2023-09-27T22:30:59.999Z,1596.81,1000.00,-0.83,-0.0827,175.26
3098,SHORT,2023-09-27T23:34:59.999Z,1595.97,2023-09-27T23:37:59.999Z,1598.10,1000.00,-1.33,-0.1335,173.93
3099,SHORT,2023-09-28T13:03:59.999Z,1622.27,2023-09-28T13:08:59.999Z,1625.81,1000.00,-2.18,-0.2182,171.75
3100,SHORT,2023-09-28T19:02:59.999Z,1650.82,2023-09-28T19:32:59.999Z,1656.17,1000.00,-3.24,-0.3241,168.51
3101,SHORT,2023-09-28T21:18:59.999Z,1652.30,2023-09-28T23:35:59.999Z,1654.17,1000.00,-1.13,-0.1132,167.37
3102,SHORT,2023-09-29T01:29:59.999Z,1650.79,2023-09-29T01:36:59.999Z,1654.45,1000.00,-2.22,-0.2217,165.16
3103,SHORT,2023-09-29T02:42:59.999Z,1650.53,2023-09-29T04:57:59.999Z,1653.82,1000.00,-1.99,-0.1993,163.16
3104,SHORT,2023-09-29T11:36:59.999Z,1669.59,2023-09-29T12:47:59.999Z,1674.57,1000.00,-2.98,-0.2983,160.18
3105,SHORT,2023-09-29T13:57:59.999Z,1668.96,2023-09-29T14:46:59.999Z,1678.98,1000.00,-6.00,-0.6004,154.18
3106,SHORT,2023-09-29T15:43:59.999Z,1669.96,2023-09-29T15:47:59.999Z,1671.80,1000.00,-1.10,-0.1102,153.07
3107,SHORT,2023-09-29T15:52:59.999Z,1670.31,2023-09-29T15:57:59.999Z,1672.27,1000.00,-1.17,-0.1173,151.90
3108,SHORT,2023-09-29T16:13:59.999Z,1667.23,2023-09-29T20:06:59.999Z,1667.57,1000.00,-0.20,-0.0204,151.70
3109,SHORT,2023-09-29T23:07:59.999Z,1665.75,2023-09-29T23:16:59.999Z,1667.81,1000.00,-1.24,-0.1237,150.46
3110,SHORT,2023-09-30T02:01:59.999Z,1666.35,2023-09-30T02:45:59.999Z,1669.99,1000.00,-2.18,-0.2184,148.28
3111,SHORT,2023-09-30T08:34:59.999Z,1671.91,2023-09-30T08:40:59.999Z,1672.96,1000.00,-0.63,-0.0628,147.65
3112,SHORT,2023-09-30T13:06:59.999Z,1674.13,2023-09-30T13:54:59.999Z,1678.09,1000.00,-2.37,-0.2365,145.28
3113,SHORT,2023-09-30T17:05:59.999Z,1676.05,2023-09-30T19:51:59.999Z,1679.54,1000.00,-2.08,-0.2082,143.20
3114,SHORT,2023-09-30T21:43:59.999Z,1667.05,2023-10-01T01:34:59.999Z,1676.13,1000.00,-5.45,-0.5447,137.75
3115,SHORT,2023-10-01T02:35:59.999Z,1672.99,2023-10-01T04:03:59.999Z,1674.63,1000.00,-0.98,-0.0980,136.77
3116,SHORT,2023-10-01T04:16:59.999Z,1673.50,2023-10-01T04:43:59.999Z,1674.26,1000.00,-0.45,-0.0454,136.32
3117,SHORT,2023-10-01T13:21:59.999Z,1684.86,2023-10-01T14:02:59.999Z,1686.78,1000.00,-1.14,-0.1140,135.18
3118,SHORT,2023-10-01T14:47:59.999Z,1682.51,2023-10-01T21:50:59.999Z,1676.22,1000.00,3.74,0.3738,138.92
3119,SHORT,2023-10-02T05:39:59.999Z,1721.83,2023-10-02T07:22:59.999Z,1726.45,1000.00,-2.68,-0.2683,136.23
3120,SHORT,2023-10-02T11:11:59.999Z,1728.52,2023-10-02T11:22:59.999Z,1733.69,1000.00,-2.99,-0.2991,133.24
3121,SHORT,2023-10-02T11:43:59.999Z,1726.51,2023-10-02T23:48:59.999Z,1664.81,1000.00,35.74,3.5737,168.98
3122,SHORT,2023-10-03T01:10:59.999Z,1660.07,2023-10-03T01:26:59.999Z,1664.38,1000.00,-2.60,-0.2596,166.38
3123,SHORT,2023-10-03T07:31:59.999Z,1662.95,2023-10-03T08:41:59.999Z,1666.96,1000.00,-2.41,-0.2411,163.97
3124,SHORT,2023-10-03T08:52:59.999Z,1665.21,2023-10-03T13:25:59.999Z,1660.53,1000.00,2.81,0.2810,166.78
3125,SHORT,2023-10-03T14:12:59.999Z,1655.92,2023-10-03T17:10:59.999Z,1655.00,1000.00,0.56,0.0556,167.34
3126,SHORT,2023-10-03T18:50:59.999Z,1652.17,2023-10-03T19:27:59.999Z,1655.81,1000.00,-2.20,-0.2203,165.14
3127,SHORT,2023-10-03T19:45:59.999Z,1651.22,2023-10-03T20:20:59.999Z,1656.13,1000.00,-2.97,-0.2974,162.16
3128,SHORT,2023-10-03T22:08:59.999Z,1652.11,2023-10-03T23:06:59.999Z,1657.18,1000.00,-3.07,-0.3069,159.09
3129,SHORT,2023-10-04T00:26:59.999Z,1651.81,2023-10-04T07:02:59.999Z,1643.73,1000.00,4.89,0.4892,163.99
3130,SHORT,2023-10-04T12:10:59.999Z,1645.04,2023-10-04T12:18:59.999Z,1647.64,1000.00,-1.58,-0.1581,162.40
3131,SHORT,2023-10-04T13:09:59.999Z,1644.35,2023-10-04T16:50:59.999Z,1640.07,1000.00,2.60,0.2603,165.01
3132,SHORT,2023-10-04T22:25:59.999Z,1643.02,2023-10-04T22:33:59.999Z,1645.97,1000.00,-1.80,-0.1795,163.21
3133,SHORT,2023-10-05T00:33:59.999Z,1644.97,2023-10-05T00:43:59.999Z,1648.99,1000.00,-2.44,-0.2444,160.77
3134,SHORT,2023-10-05T01:39:59.999Z,1644.60,2023-10-05T09:21:59.999Z,1640.15,1000.00,2.71,0.2706,163.47
3135,SHORT,2023-10-05T10:24:59.999Z,1637.26,2023-10-05T10:42:59.999Z,1639.12,1000.00,-1.14,-0.1136,162.34
3136,SHORT,2023-10-05T11:56:59.999Z,1636.31,2023-10-05T13:22:59.999Z,1643.35,1000.00,-4.30,-0.4302,158.04
3137,SHORT,2023-10-05T15:08:59.999Z,1628.76,2023-10-05T23:13:59.999Z,1617.55,1000.00,6.88,0.6883,164.92
3138,SHORT,2023-10-05T23:22:59.999Z,1614.59,2023-10-06T00:40:59.999Z,1616.97,1000.00,-1.47,-0.1474,163.44
3139,SHORT,2023-10-06T05:13:59.999Z,1620.05,2023-10-06T07:02:59.999Z,1622.68,1000.00,-1.62,-0.1623,161.82
3140,SHORT,2023-10-06T12:33:59.999Z,1625.45,2023-10-06T14:29:59.999Z,1633.99,1000.00,-5.25,-0.5254,156.57
3141,SHORT,2023-10-06T22:59:59.999Z,1644.96,2023-10-07T08:37:59.999Z,1641.00,1000.00,2.41,0.2407,158.97
3142,SHORT,2023-10-07T09:55:59.999Z,1638.19,2023-10-07T11:10:59.999Z,1639.84,1000.00,-1.01,-0.1007,157.97
3143,SHORT,2023-10-07T11:55:59.999Z,1638.75,2023-10-07T12:42:59.999Z,1640.32,1000.00,-0.96,-0.0958,157.01
3144,SHORT,2023-10-07T12:46:59.999Z,1639.59,2023-10-07T12:47:59.999Z,1639.88,1000.00,-0.18,-0.0177,156.83
3145,SHORT,2023-10-07T13:45:59.999Z,1638.99,2023-10-07T13:51:59.999Z,1640.64,1000.00,-1.01,-0.1007,155.83
3146,SHORT,2023-10-07T15:42:59.999Z,1638.20,2023-10-07T22:04:59.999Z,1634.31,1000.00,2.37,0.2375,158.20
3147,SHORT,2023-10-08T00:01:59.999Z,1633.56,2023-10-08T00:14:59.999Z,1634.59,1000.00,-0.63,-0.0631,157.57
3148,SHORT,2023-10-08T03:28:59.999Z,1636.45,2023-10-08T03:51:59.999Z,1638.03,1000.00,-0.97,-0.0966,156.60
3149,SHORT,2023-10-08T04:18:59.999Z,1635.32,2023-10-08T13:21:59.999Z,1626.36,1000.00,5.48,0.5479,162.08
3150,SHORT,2023-10-08T22:05:59.999Z,1631.48,2023-10-09T02:12:59.999Z,1632.14,1000.00,-0.40,-0.0405,161.68
3151,SHORT,2023-10-09T05:34:59.999Z,1631.31,2023-10-09T18:31:59.999Z,1582.78,1000.00,29.75,2.9749,191.43
3152,SHORT,2023-10-09T18:52:59.999Z,1577.98,2023-10-09T19:23:59.999Z,1582.08,1000.00,-2.60,-0.2598,188.83
3153,SHORT,2023-10-09T20:51:59.999Z,1578.99,2023-10-09T22:24:59.999Z,1580.97,1000.00,-1.25,-0.1254,187.58
3154,SHORT,2023-10-09T22:46:59.999Z,1577.16,2023-10-09T23:47:59.999Z,1580.88,1000.00,-2.36,-0.2359,185.22
3155,SHORT,2023-10-10T01:02:59.999Z,1578.84,2023-10-10T02:42:59.999Z,1581.04,1000.00,-1.39,-0.1393,183.82
3156,SHORT,2023-10-10T09:36:59.999Z,1588.57,2023-10-10T10:31:59.999Z,1590.67,1000.00,-1.32,-0.1322,182.50
3157,SHORT,2023-10-10T10:38:59.999Z,1587.58,2023-10-10T14:28:59.999Z,1584.98,1000.00,1.64,0.1638,184.14
3158,SHORT,2023-10-10T14:53:59.999Z,1576.77,2023-10-10T21:33:59.999Z,1565.74,1000.00,7.00,0.6995,191.13
3159,SHORT,2023-10-11T02:33:59.999Z,1561.90,2023-10-11T07:55:59.999Z,1557.91,1000.00,2.55,0.2555,193.69
3160,SHORT,2023-10-11T07:57:59.999Z,1557.18,2023-10-11T08:02:59.999Z,1558.46,1000.00,-0.82,-0.0822,192.87
3161,SHORT,2023-10-11T12:46:59.999Z,1569.28,2023-10-11T13:04:59.999Z,1573.31,1000.00,-2.57,-0.2568,190.30
3162,SHORT,2023-10-11T13:09:59.999Z,1569.00,2023-10-11T14:06:59.999Z,1575.78,1000.00,-4.32,-0.4321,185.98
3163,SHORT,2023-10-11T14:27:59.999Z,1568.34,2023-10-11T19:20:59.999Z,1559.34,1000.00,5.74,0.5739,191.72
3164,SHORT,2023-10-12T00:28:59.999Z,1564.08,2023-10-12T02:51:59.999Z,1565.44,1000.00,-0.87,-0.0870,190.85
3165,SHORT,2023-10-12T03:40:59.999Z,1561.17,2023-10-12T04:25:59.999Z,1562.86,1000.00,-1.08,-0.1083,189.76
3166,SHORT,2023-10-12T05:06:59.999Z,1559.15,2023-10-12T05:49:59.999Z,1563.37,1000.00,-2.71,-0.2707,187.06
3167,SHORT,2023-10-12T07:27:59.999Z,1561.78,2023-10-12T13:13:59.999Z,1551.77,1000.00,6.41,0.6409,193.47
3168,SHORT,2023-10-12T13:24:59.999Z,1548.85,2023-10-12T20:38:59.999Z,1534.30,1000.00,9.39,0.9394,202.86
3169,SHORT,2023-10-13T03:31:59.999Z,1540.78,2023-10-13T05:06:59.999Z,1542.77,1000.00,-1.29,-0.1292,201.57
3170,SHORT,2023-10-13T06:06:59.999Z,1540.43,2023-10-13T07:09:59.999Z,1544.10,1000.00,-2.38,-0.2382,199.19
3171,SHORT,2023-10-13T10:02:59.999Z,1544.08,2023-10-13T11:32:59.999Z,1547.56,1000.00,-2.25,-0.2254,196.93
3172,SHORT,2023-10-13T12:07:59.999Z,1544.11,2023-10-13T12:14:59.999Z,1548.25,1000.00,-2.68,-0.2681,194.25
3173,SHORT,2023-10-13T14:19:59.999Z,1546.45,2023-10-13T16:45:59.999Z,1549.03,1000.00,-1.67,-0.1668,192.58
3174,SHORT,2023-10-13T17:37:59.999Z,1542.67,2023-10-13T17:52:59.999Z,1545.43,1000.00,-1.79,-0.1789,190.79
3175,SHORT,2023-10-13T18:38:59.999Z,1542.66,2023-10-13T19:57:59.999Z,1545.43,1000.00,-1.80,-0.1796,189.00
3176,SHORT,2023-10-13T22:56:59.999Z,1547.01,2023-10-14T00:28:59.999Z,1553.39,1000.00,-4.12,-0.4124,184.87
3177,SHORT,2023-10-14T01:13:59.999Z,1550.84,2023-10-14T01:58:59.999Z,1553.95,1000.00,-2.01,-0.2005,182.87
3178,SHORT,2023-10-14T05:00:59.999Z,1552.34,2023-10-14T10:19:59.999Z,1549.18,1000.00,2.04,0.2036,184.91
3179,SHORT,2023-10-14T11:14:59.999Z,1547.48,2023-10-14T12:54:59.999Z,1549.83,1000.00,-1.52,-0.1519,183.39
3180,SHORT,2023-10-14T22:45:59.999Z,1554.98,2023-10-14T22:48:59.999Z,1555.49,1000.00,-0.33,-0.0328,183.06
3181,SHORT,2023-10-14T23:57:59.999Z,1555.21,2023-10-15T01:52:59.999Z,1555.72,1000.00,-0.33,-0.0328,182.73
3182,SHORT,2023-10-15T04:11:59.999Z,1553.31,2023-10-15T07:56:59.999Z,1554.02,1000.00,-0.46,-0.0457,182.27
3183,SHORT,2023-10-15T11:19:59.999Z,1554.78,2023-10-15T13:32:59.999Z,1559.27,1000.00,-2.89,-0.2888,179.39
3184,SHORT,2023-10-15T13:49:59.999Z,1551.49,2023-10-15T16:44:59.999Z,1555.98,1000.00,-2.89,-0.2894,176.49
3185,SHORT,2023-10-15T22:50:59.999Z,1553.30,2023-10-16T01:24:59.999Z,1559.94,1000.00,-4.27,-0.4275,172.22
3186,SHORT,2023-10-16T04:40:59.999Z,1561.23,2023-10-16T04:50:59.999Z,1562.55,1000.00,-0.85,-0.0845,171.37
3187,SHORT,2023-10-16T09:28:59.999Z,1576.10,2023-10-16T09:45:59.999Z,1580.80,1000.00,-2.98,-0.2982,168.39
3188,SHORT,2023-10-16T14:10:59.999Z,1577.98,2023-10-16T18:20:59.999Z,1583.98,1000.00,-3.80,-0.3802,164.59
3189,SHORT,2023-10-16T21:11:59.999Z,1580.39,2023-10-16T21:50:59.999Z,1589.75,1000.00,-5.92,-0.5923,158.66
3190,SHORT,2023-10-17T00:59:59.999Z,1592.02,2023-10-17T07:55:59.999Z,1591.33,1000.00,0.43,0.0433,159.10
3191,SHORT,2023-10-17T08:43:59.999Z,1585.45,2023-10-17T08:58:59.999Z,1588.67,1000.00,-2.03,-0.2031,157.07
3192,SHORT,2023-10-17T09:27:59.999Z,1587.29,2023-10-17T09:28:59.999Z,1588.07,1000.00,-0.49,-0.0491,156.58
3193,SHORT,2023-10-17T10:39:59.999Z,1583.27,2023-10-17T16:24:59.999Z,1578.80,1000.00,2.82,0.2823,159.40
3194,SHORT,2023-10-17T17:06:59.999Z,1573.15,2023-10-17T23:22:59.999Z,1564.59,1000.00,5.44,0.5441,164.84
3195,SHORT,2023-10-18T03:26:59.999Z,1564.46,2023-10-18T03:58:59.999Z,1568.22,1000.00,-2.40,-0.2403,162.44
3196,SHORT,2023-10-18T07:11:59.999Z,1569.29,2023-10-18T07:18:59.999Z,1572.29,1000.00,-1.91,-0.1912,160.53
3197,SHORT,2023-10-18T12:53:59.999Z,1576.76,2023-10-18T22:50:59.999Z,1564.39,1000.00,7.85,0.7845,168.37
3198,SHORT,2023-10-18T23:24:59.999Z,1561.39,2023-10-18T23:41:59.999Z,1563.22,1000.00,-1.17,-0.1172,167.20
3199,SHORT,2023-10-19T00:04:59.999Z,1561.45,2023-10-19T00:24:59.999Z,1565.19,1000.00,-2.40,-0.2395,164.80
3200,SHORT,2023-10-19T01:42:59.999Z,1558.83,2023-10-19T05:29:59.999Z,1553.42,1000.00,3.47,0.3471,168.27
3201,SHORT,2023-10-19T07:10:59.999Z,1549.84,2023-10-19T07:54:59.999Z,1552.50,1000.00,-1.72,-0.1716,166.56
3202,SHORT,2023-10-19T08:37:59.999Z,1550.58,2023-10-19T10:51:59.999Z,1552.07,1000.00,-0.96,-0.0961,165.60
3203,SHORT,2023-10-19T21:28:59.999Z,1564.16,2023-10-19T22:31:59.999Z,1567.30,1000.00,-2.01,-0.2007,163.59
3204,SHORT,2023-10-19T22:55:59.999Z,1564.19,2023-10-19T23:53:59.999Z,1567.31,1000.00,-1.99,-0.1995,161.59
3205,SHORT,2023-10-20T00:27:59.999Z,1564.73,2023-10-20T02:10:59.999Z,1568.87,1000.00,-2.65,-0.2646,158.95
3206,SHORT,2023-10-20T12:35:59.999Z,1609.50,2023-10-20T16:35:59.999Z,1608.39,1000.00,0.69,0.0690,159.64
3207,SHORT,2023-10-20T16:51:59.999Z,1604.86,2023-10-20T17:42:59.999Z,1609.15,1000.00,-2.67,-0.2673,156.96
3208,SHORT,2023-10-20T19:29:59.999Z,1605.75,2023-10-20T20:43:59.999Z,1608.94,1000.00,-1.99,-0.1987,154.98
3209,SHORT,2023-10-20T21:01:59.999Z,1603.35,2023-10-20T21:32:59.999Z,1607.05,1000.00,-2.31,-0.2308,152.67
3210,SHORT,2023-10-20T23:27:59.999Z,1606.48,2023-10-21T04:49:59.999Z,1600.65,1000.00,3.63,0.3629,156.30
3211,SHORT,2023-10-21T13:13:59.999Z,1603.90,2023-10-21T13:39:59.999Z,1608.17,1000.00,-2.66,-0.2662,153.64
3212,SHORT,2023-10-21T21:44:59.999Z,1628.37,2023-10-21T22:14:59.999Z,1631.66,1000.00,-2.02,-0.2020,151.62
3213,SHORT,2023-10-21T22:27:59.999Z,1628.82,2023-10-22T00:23:59.999Z,1632.14,1000.00,-2.04,-0.2038,149.58
3214,SHORT,2023-10-22T01:55:59.999Z,1630.34,2023-10-22T04:10:59.999Z,1630.05,1000.00,0.18,0.0178,149.76
3215,SHORT,2023-10-22T07:43:59.999Z,1629.28,2023-10-22T12:54:59.999Z,1632.14,1000.00,-1.76,-0.1755,148.00
3216,SHORT,2023-10-22T14:35:59.999Z,1629.51,2023-10-22T16:43:59.999Z,1630.34,1000.00,-0.51,-0.0509,147.49
3217,SHORT,2023-10-23T06:52:59.999Z,1686.00,2023-10-23T11:49:59.999Z,1679.21,1000.00,4.03,0.4027,151.52
3218,SHORT,2023-10-23T13:21:59.999Z,1673.31,2023-10-23T14:28:59.999Z,1678.15,1000.00,-2.89,-0.2892,148.63
3219,SHORT,2023-10-23T16:31:59.999Z,1672.35,2023-10-23T16:45:59.999Z,1678.81,1000.00,-3.86,-0.3863,144.76
3220,SHORT,2023-10-24T06:27:59.999Z,1808.79,2023-10-24T08:34:59.999Z,1816.36,1000.00,-4.19,-0.4185,140.58
3221,SHORT,2023-10-24T13:27:59.999Z,1827.10,2023-10-24T22:04:59.999Z,1783.10,1000.00,24.08,2.4082,164.66
3222,SHORT,2023-10-25T00:36:59.999Z,1780.52,2023-10-25T00:47:59.999Z,1789.66,1000.00,-5.13,-0.5133,159.53
3223,SHORT,2023-10-25T03:24:59.999Z,1787.71,2023-10-25T04:58:59.999Z,1794.74,1000.00,-3.93,-0.3932,155.59
3224,SHORT,2023-10-25T05:22:59.999Z,1786.23,2023-10-25T09:40:59.999Z,1780.26,1000.00,3.34,0.3342,158.94
3225,SHORT,2023-10-25T16:46:59.999Z,1790.94,2023-10-25T20:37:59.999Z,1791.32,1000.00,-0.21,-0.0212,158.72
3226,SHORT,2023-10-25T20:55:59.999Z,1786.83,2023-10-25T22:17:59.999Z,1792.83,1000.00,-3.36,-0.3358,155.37
3227,SHORT,2023-10-25T23:10:59.999Z,1783.30,2023-10-26T00:30:59.999Z,1793.93,1000.00,-5.96,-0.5961,149.41
3228,SHORT,2023-10-26T00:51:59.999Z,1786.37,2023-10-26T00:54:59.999Z,1790.96,1000.00,-2.57,-0.2569,146.84
3229,SHORT,2023-10-26T05:56:59.999Z,1798.00,2023-10-26T06:56:59.999Z,1810.98,1000.00,-7.22,-0.7219,139.62
3230,SHORT,2023-10-26T10:48:59.999Z,1829.46,2023-10-26T18:14:59.999Z,1786.71,1000.00,23.37,2.3368,162.99
3231,SHORT,2023-10-27T00:36:59.999Z,1799.19,2023-10-27T05:00:59.999Z,1794.50,1000.00,2.61,0.2607,165.59
3232,SHORT,2023-10-27T05:27:59.999Z,1787.64,2023-10-27T05:33:59.999Z,1793.48,1000.00,-3.27,-0.3267,162.32
3233,SHORT,2023-10-27T07:30:59.999Z,1789.00,2023-10-27T09:23:59.999Z,1790.14,1000.00,-0.64,-0.0637,161.69
3234,SHORT,2023-10-27T10:22:59.999Z,1787.06,2023-10-27T12:45:59.999Z,1791.35,1000.00,-2.40,-0.2401,159.29
3235,SHORT,2023-10-27T14:17:59.999Z,1780.78,2023-10-27T19:36:59.999Z,1769.33,1000.00,6.43,0.6430,165.72
3236,SHORT,2023-10-28T06:45:59.999Z,1786.99,2023-10-28T08:27:59.999Z,1788.96,1000.00,-1.10,-0.1102,164.61
3237,SHORT,2023-10-28T12:04:59.999Z,1788.89,2023-10-28T14:18:59.999Z,1787.85,1000.00,0.58,0.0581,165.20
3238,SHORT,2023-10-28T14:46:59.999Z,1785.56,2023-10-28T15:06:59.999Z,1787.20,1000.00,-0.92,-0.0918,164.28
3239,SHORT,2023-10-28T16:29:59.999Z,1786.51,2023-10-28T21:44:59.999Z,1782.69,1000.00,2.14,0.2138,166.42
3240,SHORT,2023-10-28T22:29:59.999Z,1778.51,2023-10-29T00:44:59.999Z,1781.52,1000.00,-1.69,-0.1692,164.72
3241,SHORT,2023-10-29T01:14:59.999Z,1773.95,2023-10-29T03:35:59.999Z,1775.74,1000.00,-1.01,-0.1009,163.71
3242,SHORT,2023-10-29T03:37:59.999Z,1775.41,2023-10-29T03:40:59.999Z,1775.83,1000.00,-0.24,-0.0237,163.48
3243,SHORT,2023-10-29T03:52:59.999Z,1773.37,2023-10-29T04:24:59.999Z,1776.77,1000.00,-1.92,-0.1917,161.56
3244,SHORT,2023-10-29T10:50:59.999Z,1784.00,2023-10-29T11:18:59.999Z,1789.11,1000.00,-2.86,-0.2864,158.70
3245,SHORT,2023-10-29T16:03:59.999Z,1791.03,2023-10-29T17:36:59.999Z,1801.41,1000.00,-5.80,-0.5796,152.90
3246,SHORT,2023-10-29T19:11:59.999Z,1791.16,2023-10-29T20:24:59.999Z,1796.00,1000.00,-2.70,-0.2702,150.20
3247,SHORT,2023-10-29T23:48:59.999Z,1795.01,2023-10-30T06:57:59.999Z,1787.59,1000.00,4.13,0.4134,154.33
3248,SHORT,2023-10-30T13:02:59.999Z,1807.53,2023-10-30T13:33:59.999Z,1816.45,1000.00,-4.93,-0.4935,149.40
3249,SHORT,2023-10-30T16:23:59.999Z,1812.69,2023-10-30T21:25:59.999Z,1804.95,1000.00,4.27,0.4270,153.67
3250,SHORT,2023-10-31T01:26:59.999Z,1806.64,2023-10-31T01:52:59.999Z,1811.10,1000.00,-2.47,-0.2469,151.20
3251,SHORT,2023-10-31T02:18:59.999Z,1806.36,2023-10-31T05:48:59.999Z,1803.26,1000.00,1.72,0.1716,152.91
3252,SHORT,2023-10-31T06:34:59.999Z,1792.22,2023-10-31T08:54:59.999Z,1800.65,1000.00,-4.70,-0.4704,148.21
3253,SHORT,2023-10-31T12:55:59.999Z,1797.40,2023-10-31T16:42:59.999Z,1804.26,1000.00,-3.82,-0.3817,144.39
3254,SHORT,2023-10-31T21:51:59.999Z,1804.66,2023-10-31T22:38:59.999Z,1809.87,1000.00,-2.89,-0.2887,141.51
3255,SHORT,2023-11-01T02:00:59.999Z,1810.65,2023-11-01T07:46:59.999Z,1808.69,1000.00,1.08,0.1082,142.59
3256,SHORT,2023-11-01T09:06:59.999Z,1803.85,2023-11-01T12:52:59.999Z,1809.01,1000.00,-2.86,-0.2861,139.73
3257,SHORT,2023-11-01T13:58:59.999Z,1801.25,2023-11-01T14:01:59.999Z,1804.64,1000.00,-1.88,-0.1882,137.85
3258,SHORT,2023-11-01T14:05:59.999Z,1801.56,2023-11-01T14:22:59.999Z,1805.30,1000.00,-2.08,-0.2076,135.77
3259,SHORT,2023-11-01T14:50:59.999Z,1789.58,2023-11-01T17:09:59.999Z,1797.91,1000.00,-4.65,-0.4655,131.12
3260,SHORT,2023-11-02T04:42:59.999Z,1854.30,2023-11-02T10:22:59.999Z,1837.54,1000.00,9.04,0.9038,140.15
3261,SHORT,2023-11-02T11:09:59.999Z,1833.23,2023-11-02T11:21:59.999Z,1837.16,1000.00,-2.14,-0.2144,138.01
3262,SHORT,2023-11-02T13:13:59.999Z,1827.73,2023-11-02T18:54:59.999Z,1807.30,1000.00,11.18,1.1178,149.19
3263,SHORT,2023-11-02T20:38:59.999Z,1803.89,2023-11-03T02:44:59.999Z,1795.06,1000.00,4.89,0.4895,154.08
3264,SHORT,2023-11-03T04:48:59.999Z,1788.00,2023-11-03T05:53:59.999Z,1797.62,1000.00,-5.38,-0.5380,148.70
3265,SHORT,2023-11-03T08:52:59.999Z,1795.68,2023-11-03T12:34:59.999Z,1794.13,1000.00,0.86,0.0863,149.57
3266,SHORT,2023-11-03T17:45:59.999Z,1802.20,2023-11-03T18:29:59.999Z,1820.31,1000.00,-10.05,-1.0049,139.52
3267,SHORT,2023-11-04T00:51:59.999Z,1826.44,2023-11-04T00:58:59.999Z,1828.36,1000.00,-1.05,-0.1051,138.47
3268,SHORT,2023-11-04T01:00:59.999Z,1827.02,2023-11-04T01:06:59.999Z,1829.10,1000.00,-1.14,-0.1138,137.33
3269,SHORT,2023-11-04T01:32:59.999Z,1826.57,2023-11-04T01:45:59.999Z,1829.89,1000.00,-1.82,-0.1818,135.51
3270,SHORT,2023-11-04T04:42:59.999Z,1828.93,2023-11-04T06:10:59.999Z,1834.11,1000.00,-2.83,-0.2832,132.68
3271,SHORT,2023-11-04T11:56:59.999Z,1837.45,2023-11-04T16:37:59.999Z,1837.40,1000.00,0.03,0.0027,132.71
3272,SHORT,2023-11-04T20:01:59.999Z,1834.71,2023-11-04T20:20:59.999Z,1837.24,1000.00,-1.38,-0.1379,131.33
3273,SHORT,2023-11-05T02:24:59.999Z,1847.41,2023-11-05T02:55:59.999Z,1854.35,1000.00,-3.76,-0.3757,127.57
3274,SHORT,2023-11-05T13:42:59.999Z,1884.70,2023-11-05T16:52:59.999Z,1882.99,1000.00,0.91,0.0907,128.48
3275,SHORT,2023-11-05T20:00:59.999Z,1889.42,2023-11-05T20:29:59.999Z,1893.50,1000.00,-2.16,-0.2159,126.32
3276,SHORT,2023-11-05T20:37:59.999Z,1890.95,2023-11-05T23:06:59.999Z,1896.63,1000.00,-3.00,-0.3004,123.31
3277,SHORT,2023-11-06T01:56:59.999Z,1887.19,2023-11-06T08:50:59.999Z,1879.78,1000.00,3.93,0.3926,127.24
3278,SHORT,2023-11-06T16:15:59.999Z,1895.49,2023-11-06T19:35:59.999Z,1899.14,1000.00,-1.93,-0.1926,125.31
3279,SHORT,2023-11-06T20:30:59.999Z,1892.88,2023-11-06T22:27:59.999Z,1896.78,1000.00,-2.06,-0.2060,123.25
3280,SHORT,2023-11-07T00:34:59.999Z,1889.47,2023-11-07T04:54:59.999Z,1892.30,1000.00,-1.50,-0.1498,121.76
3281,SHORT,2023-11-07T07:37:59.999Z,1888.00,2023-11-07T08:11:59.999Z,1893.31,1000.00,-2.81,-0.2812,118.94
3282,SHORT,2023-11-07T08:28:59.999Z,1888.79,2023-11-07T14:59:59.999Z,1876.95,1000.00,6.27,0.6269,125.21
3283,SHORT,2023-11-07T15:18:59.999Z,1871.85,2023-11-07T17:55:59.999Z,1871.41,1000.00,0.24,0.0235,125.45
3284,SHORT,2023-11-07T22:11:59.999Z,1879.63,2023-11-08T01:13:59.999Z,1887.67,1000.00,-4.28,-0.4277,121.17
3285,SHORT,2023-11-08T03:12:59.999Z,1884.52,2023-11-08T09:17:59.999Z,1880.72,1000.00,2.02,0.2016,123.19
3286,SHORT,2023-11-08T11:57:59.999Z,1881.53,2023-11-08T12:14:59.999Z,1886.04,1000.00,-2.40,-0.2397,120.79
3287,SHORT,2023-11-08T13:37:59.999Z,1882.11,2023-11-08T13:53:59.999Z,1886.58,1000.00,-2.37,-0.2375,118.41
3288,SHORT,2023-11-08T15:14:59.999Z,1882.53,2023-11-08T15:19:59.999Z,1885.52,1000.00,-1.59,-0.1588,116.83
3289,SHORT,2023-11-08T15:20:59.999Z,1884.44,2023-11-08T15:52:59.999Z,1886.51,1000.00,-1.10,-0.1098,115.73
3290,SHORT,2023-11-08T20:42:59.999Z,1894.24,2023-11-08T21:07:59.999Z,1902.28,1000.00,-4.24,-0.4244,111.48
3291,SHORT,2023-11-08T21:20:59.999Z,1892.19,2023-11-08T23:36:59.999Z,1892.72,1000.00,-0.28,-0.0280,111.20
3292,SHORT,2023-11-08T23:57:59.999Z,1888.82,2023-11-09T00:45:59.999Z,1902.11,1000.00,-7.04,-0.7036,104.17
3293,SHORT,2023-11-09T07:42:59.999Z,1910.00,2023-11-09T12:23:59.999Z,1915.93,1000.00,-3.10,-0.3105,101.06
3294,SHORT,2023-11-09T13:31:59.999Z,1909.63,2023-11-09T13:49:59.999Z,1917.90,1000.00,-4.33,-0.4331,96.73
3295,SHORT,2023-11-09T19:16:59.999Z,2003.09,2023-11-09T19:57:59.999Z,2016.41,1000.00,-6.65,-0.6650,90.08
3296,SHORT,2023-11-10T06:21:59.999Z,2113.99,2023-11-10T11:41:59.999Z,2103.97,1000.00,4.74,0.4740,94.82
3297,SHORT,2023-11-10T12:03:59.999Z,2095.47,2023-11-10T15:36:59.999Z,2094.00,1000.00,0.70,0.0702,95.52
3298,SHORT,2023-11-10T19:39:59.999Z,2092.68,2023-11-10T21:29:59.999Z,2095.39,1000.00,-1.29,-0.1295,94.23
3299,SHORT,2023-11-10T22:24:59.999Z,2086.43,2023-11-11T05:31:59.999Z,2056.01,1000.00,14.58,1.4580,108.81
3300,SHORT,2023-11-11T08:18:59.999Z,2052.75,2023-11-11T09:29:59.999Z,2061.10,1000.00,-4.07,-0.4068,104.74
3301,SHORT,2023-11-11T12:03:59.999Z,2056.02,2023-11-11T12:21:59.999Z,2060.69,1000.00,-2.27,-0.2271,102.47
3302,SHORT,2023-11-11T12:39:59.999Z,2055.92,2023-11-11T13:40:59.999Z,2063.66,1000.00,-3.76,-0.3765,98.70
3303,SHORT,2023-11-11T18:09:59.999Z,2068.54,2023-11-11T18:35:59.999Z,2077.55,1000.00,-4.36,-0.4356,94.35
3304,SHORT,2023-11-11T20:10:59.999Z,2070.10,2023-11-12T02:47:59.999Z,2043.79,1000.00,12.71,1.2710,107.06
3305,SHORT,2023-11-12T03:04:59.999Z,2039.29,2023-11-12T03:13:59.999Z,2044.12,1000.00,-2.37,-0.2368,104.69
3306,SHORT,2023-11-12T09:37:59.999Z,2048.90,2023-11-12T14:04:59.999Z,2050.35,1000.00,-0.71,-0.0708,103.98
3307,SHORT,2023-11-12T17:03:59.999Z,2049.35,2023-11-12T18:46:59.999Z,2056.05,1000.00,-3.27,-0.3269,100.71
3308,SHORT,2023-11-12T19:30:59.999Z,2045.81,2023-11-12T21:00:59.999Z,2052.90,1000.00,-3.47,-0.3466,97.25
3309,SHORT,2023-11-12T23:21:59.999Z,2039.11,2023-11-13T01:01:59.999Z,2056.81,1000.00,-8.68,-0.8680,88.57
3310,SHORT,2023-11-13T03:23:59.999Z,2048.92,2023-11-13T07:24:59.999Z,2050.10,1000.00,-0.58,-0.0576,87.99
3311,SHORT,2023-11-13T11:21:59.999Z,2048.22,2023-11-13T12:56:59.999Z,2055.00,1000.00,-3.31,-0.3310,84.68
3312,SHORT,2023-11-13T13:49:59.999Z,2048.17,2023-11-13T14:02:59.999Z,2055.94,1000.00,-3.79,-0.3794,80.89
3313,SHORT,2023-11-13T17:40:59.999Z,2078.59,2023-11-13T17:43:59.999Z,2083.98,1000.00,-2.59,-0.2593,78.29
3314,SHORT,2023-11-13T17:45:59.999Z,2080.56,2023-11-13T18:24:59.999Z,2090.30,1000.00,-4.68,-0.4681,73.61
3315,SHORT,2023-11-13T21:05:59.999Z,2078.71,2023-11-14T02:49:59.999Z,2055.91,1000.00,10.97,1.0968,84.58
3316,SHORT,2023-11-14T04:31:59.999Z,2049.44,2023-11-14T04:38:59.999Z,2054.73,1000.00,-2.58,-0.2581,82.00
3317,SHORT,2023-11-14T09:21:59.999Z,2055.10,2023-11-14T13:40:59.999Z,2050.40,1000.00,2.29,0.2287,84.29
3318,SHORT,2023-11-14T15:24:59.999Z,2031.74,2023-11-14T16:16:59.999Z,2048.45,1000.00,-8.22,-0.8224,76.06
3319,SHORT,2023-11-14T17:19:59.999Z,2032.46,2023-11-15T00:22:59.999Z,1988.29,1000.00,21.73,2.1732,97.79
3320,SHORT,2023-11-15T00:58:59.999Z,1982.23,2023-11-15T01:20:59.999Z,1985.16,1000.00,-1.48,-0.1478,96.32
3321,SHORT,2023-11-15T01:22:59.999Z,1982.35,2023-11-15T04:48:59.999Z,1978.56,1000.00,1.91,0.1912,98.23
3322,SHORT,2023-11-15T10:26:59.999Z,1983.65,2023-11-15T10:54:59.999Z,1988.04,1000.00,-2.21,-0.2213,96.02
3323,SHORT,2023-11-15T17:07:59.999Z,2006.88,2023-11-15T18:09:59.999Z,2013.59,1000.00,-3.34,-0.3343,92.67
3324,SHORT,2023-11-16T02:44:59.999Z,2055.37,2023-11-16T06:00:59.999Z,2057.62,1000.00,-1.09,-0.1095,91.58
3325,SHORT,2023-11-16T08:05:59.999Z,2052.53,2023-11-16T11:12:59.999Z,2064.42,1000.00,-5.79,-0.5793,85.78
3326,SHORT,2023-11-16T12:54:59.999Z,2050.80,2023-11-16T22:51:59.999Z,1970.42,1000.00,39.19,3.9194,124.98
3327,SHORT,2023-11-16T23:10:59.999Z,1961.23,2023-11-17T00:31:59.999Z,1965.60,1000.00,-2.23,-0.2228,122.75
3328,SHORT,2023-11-17T05:32:59.999Z,1979.15,2023-11-17T06:32:59.999Z,1985.40,1000.00,-3.16,-0.3158,119.59
3329,SHORT,2023-11-17T07:22:59.999Z,1978.07,2023-11-17T09:19:59.999Z,1980.36,1000.00,-1.16,-0.1158,118.44
3330,SHORT,2023-11-17T09:32:59.999Z,1973.05,2023-11-17T13:25:59.999Z,1968.24,1000.00,2.44,0.2438,120.87
3331,SHORT,2023-11-17T13:29:59.999Z,1962.25,2023-11-17T17:46:59.999Z,1939.80,1000.00,11.44,1.1441,132.31
3332,SHORT,2023-11-18T01:57:59.999Z,1950.01,2023-11-18T08:35:59.999Z,1940.20,1000.00,5.03,0.5031,137.34
3333,SHORT,2023-11-18T11:58:59.999Z,1934.20,2023-11-18T12:54:59.999Z,1941.36,1000.00,-3.70,-0.3702,133.64
3334,SHORT,2023-11-18T13:13:59.999Z,1936.60,2023-11-18T14:24:59.999Z,1942.91,1000.00,-3.26,-0.3258,130.38
3335,SHORT,2023-11-18T21:30:59.999Z,1960.47,2023-11-18T23:42:59.999Z,1962.45,1000.00,-1.01,-0.1010,129.37
3336,SHORT,2023-11-19T00:13:59.999Z,1958.06,2023-11-19T04:02:59.999Z,1956.20,1000.00,0.95,0.0950,130.32
3337,SHORT,2023-11-19T09:02:59.999Z,1957.62,2023-11-19T09:43:59.999Z,1963.81,1000.00,-3.16,-0.3162,127.16
3338,SHORT,2023-11-19T10:19:59.999Z,1959.42,2023-11-19T14:41:59.999Z,1955.23,1000.00,2.14,0.2138,129.30
3339,SHORT,2023-11-19T15:05:59.999Z,1949.97,2023-11-19T15:19:59.999Z,1958.80,1000.00,-4.53,-0.4528,124.77
3340,SHORT,2023-11-19T22:39:59.999Z,1976.88,2023-11-19T23:03:59.999Z,1992.79,1000.00,-8.05,-0.8048,116.72
3341,SHORT,2023-11-20T03:44:59.999Z,1997.19,2023-11-20T04:54:59.999Z,2002.47,1000.00,-2.64,-0.2644,114.08
3342,SHORT,2023-11-20T05:05:59.999Z,1999.86,2023-11-20T05:11:59.999Z,2003.24,1000.00,-1.69,-0.1690,112.39
3343,SHORT,2023-11-20T05:34:59.999Z,1999.69,2023-11-20T06:45:59.999Z,2004.39,1000.00,-2.35,-0.2350,110.04
3344,SHORT,2023-11-20T12:06:59.999Z,2018.80,2023-11-20T14:45:59.999Z,2029.21,1000.00,-5.16,-0.5157,104.88
3345,SHORT,2023-11-20T16:52:59.999Z,2021.36,2023-11-20T17:44:59.999Z,2037.66,1000.00,-8.06,-0.8064,96.82
3346,SHORT,2023-11-20T20:09:59.999Z,2036.01,2023-11-21T01:41:59.999Z,2030.57,1000.00,2.67,0.2672,99.49
3347,SHORT,2023-11-21T02:35:59.999Z,2020.53,2023-11-21T09:19:59.999Z,2014.09,1000.00,3.19,0.3187,102.68
3348,SHORT,2023-11-21T09:54:59.999Z,2009.40,2023-11-21T10:29:59.999Z,2014.30,1000.00,-2.44,-0.2439,100.24
3349,SHORT,2023-11-21T11:25:59.999Z,2007.40,2023-11-21T13:02:59.999Z,2011.56,1000.00,-2.07,-0.2072,98.17
3350,SHORT,2023-11-21T13:46:59.999Z,2004.16,2023-11-21T16:51:59.999Z,2013.21,1000.00,-4.52,-0.4516,93.65
3351,SHORT,2023-11-21T17:46:59.999Z,1972.87,2023-11-21T19:40:59.999Z,1993.19,1000.00,-10.30,-1.0300,83.35
3352,SHORT,2023-11-21T20:13:59.999Z,1977.28,2023-11-21T20:20:59.999Z,1986.61,1000.00,-4.72,-0.4719,78.63
3353,SHORT,2023-11-21T22:09:59.999Z,1983.94,2023-11-22T01:41:59.999Z,1963.00,1000.00,10.55,1.0555,89.19
3354,SHORT,2023-11-22T15:16:59.999Z,2019.64,2023-11-22T15:24:59.999Z,2034.21,1000.00,-7.21,-0.7214,81.98
3355,SHORT,2023-11-22T22:54:59.999Z,2068.79,2023-11-23T01:44:59.999Z,2070.17,1000.00,-0.67,-0.0667,81.31
3356,SHORT,2023-11-23T02:27:59.999Z,2059.33,2023-11-23T04:55:59.999Z,2063.69,1000.00,-2.12,-0.2117,79.19
3357,SHORT,2023-11-23T06:17:59.999Z,2060.53,2023-11-23T07:08:59.999Z,2065.86,1000.00,-2.59,-0.2587,76.60
3358,SHORT,2023-11-23T11:05:59.999Z,2068.17,2023-11-23T17:20:59.999Z,2058.67,1000.00,4.59,0.4593,81.20
3359,SHORT,2023-11-23T22:48:59.999Z,2064.21,2023-11-23T22:57:59.999Z,2066.99,1000.00,-1.35,-0.1347,79.85
3360,SHORT,2023-11-23T23:32:59.999Z,2062.95,2023-11-24T00:45:59.999Z,2066.65,1000.00,-1.79,-0.1794,78.06
3361,SHORT,2023-11-24T03:38:59.999Z,2065.72,2023-11-24T05:33:59.999Z,2069.62,1000.00,-1.89,-0.1888,76.17
3362,SHORT,2023-11-24T07:13:59.999Z,2066.64,2023-11-24T07:46:59.999Z,2074.03,1000.00,-3.58,-0.3576,72.59
3363,SHORT,2023-11-24T16:50:59.999Z,2095.08,2023-11-25T01:51:59.999Z,2083.71,1000.00,5.43,0.5427,78.02
3364,SHORT,2023-11-25T05:13:59.999Z,2082.85,2023-11-25T07:05:59.999Z,2086.36,1000.00,-1.69,-0.1685,76.34
3365,SHORT,2023-11-25T09:07:59.999Z,2083.21,2023-11-25T13:42:59.999Z,2079.39,1000.00,1.83,0.1834,78.17
3366,SHORT,2023-11-25T14:21:59.999Z,2073.41,2023-11-25T15:55:59.999Z,2078.23,1000.00,-2.32,-0.2325,75.84
3367,SHORT,2023-11-25T18:02:59.999Z,2076.88,2023-11-25T18:39:59.999Z,2079.87,1000.00,-1.44,-0.1440,74.40
3368,SHORT,2023-11-26T00:11:59.999Z,2079.51,2023-11-26T04:47:59.999Z,2081.57,1000.00,-0.99,-0.0991,73.41
3369,SHORT,2023-11-26T10:52:59.999Z,2085.93,2023-11-26T20:04:59.999Z,2057.63,1000.00,13.57,1.3567,86.98
3370,SHORT,2023-11-26T23:27:59.999Z,2065.43,2023-11-27T01:08:59.999Z,2068.96,1000.00,-1.71,-0.1709,85.27
3371,SHORT,2023-11-27T01:18:59.999Z,2065.15,2023-11-27T06:29:59.999Z,2052.76,1000.00,6.00,0.6000,91.27
3372,SHORT,2023-11-27T06:56:59.999Z,2044.78,2023-11-27T09:10:59.999Z,2049.20,1000.00,-2.16,-0.2162,89.11
3373,SHORT,2023-11-27T10:09:59.999Z,2044.96,2023-11-27T17:13:59.999Z,2022.42,1000.00,11.02,1.1022,100.13
3374,SHORT,2023-11-27T17:54:59.999Z,2011.70,2023-11-27T21:31:59.999Z,2013.27,1000.00,-0.78,-0.0780,99.35
3375,SHORT,2023-11-28T02:12:59.999Z,2020.54,2023-11-28T02:42:59.999Z,2027.30,1000.00,-3.35,-0.3346,96.01
3376,SHORT,2023-11-28T04:36:59.999Z,2023.50,2023-11-28T09:34:59.999Z,2015.00,1000.00,4.20,0.4201,100.21
3377,SHORT,2023-11-28T21:51:59.999Z,2054.27,2023-11-29T01:16:59.999Z,2052.78,1000.00,0.73,0.0725,100.93
3378,SHORT,2023-11-29T02:10:59.999Z,2048.37,2023-11-29T03:22:59.999Z,2052.89,1000.00,-2.21,-0.2207,98.73
3379,SHORT,2023-11-29T03:45:59.999Z,2050.11,2023-11-29T03:57:59.999Z,2052.91,1000.00,-1.37,-0.1366,97.36
3380,SHORT,2023-11-29T05:48:59.999Z,2050.67,2023-11-29T05:55:59.999Z,2052.73,1000.00,-1.00,-0.1005,96.36
3381,SHORT,2023-11-29T10:33:59.999Z,2053.33,2023-11-29T12:51:59.999Z,2057.10,1000.00,-1.84,-0.1836,94.52
3382,SHORT,2023-11-29T12:58:59.999Z,2055.00,2023-11-29T13:08:59.999Z,2058.55,1000.00,-1.73,-0.1727,92.79
3383,SHORT,2023-11-29T13:47:59.999Z,2053.69,2023-11-29T18:37:59.999Z,2035.79,1000.00,8.72,0.8716,101.51
3384,SHORT,2023-11-29T20:32:59.999Z,2029.02,2023-11-29T22:47:59.999Z,2031.40,1000.00,-1.17,-0.1173,100.33
3385,SHORT,2023-11-29T22:57:59.999Z,2029.05,2023-11-30T02:33:59.999Z,2031.66,1000.00,-1.29,-0.1286,99.05
3386,SHORT,2023-11-30T05:55:59.999Z,2032.00,2023-11-30T06:15:59.999Z,2037.25,1000.00,-2.58,-0.2584,96.46
3387,SHORT,2023-11-30T06:47:59.999Z,2033.95,2023-11-30T07:08:59.999Z,2038.14,1000.00,-2.06,-0.2060,94.40
3388,SHORT,2023-11-30T07:44:59.999Z,2033.19,2023-11-30T10:30:59.999Z,2033.20,1000.00,-0.00,-0.0005,94.40
3389,SHORT,2023-11-30T14:04:59.999Z,2029.30,2023-11-30T16:46:59.999Z,2037.55,1000.00,-4.07,-0.4065,90.33
3390,SHORT,2023-12-01T10:48:59.999Z,2094.99,2023-12-01T16:23:59.999Z,2089.66,1000.00,2.54,0.2544,92.88
3391,SHORT,2023-12-01T19:05:59.999Z,2088.23,2023-12-01T20:36:59.999Z,2091.60,1000.00,-1.61,-0.1614,91.26
3392,SHORT,2023-12-01T22:35:59.999Z,2087.62,2023-12-02T00:44:59.999Z,2090.82,1000.00,-1.53,-0.1533,89.73
3393,SHORT,2023-12-02T11:16:59.999Z,2100.39,2023-12-02T12:27:59.999Z,2104.77,1000.00,-2.09,-0.2085,87.65
3394,SHORT,2023-12-02T14:53:59.999Z,2097.66,2023-12-02T16:08:59.999Z,2103.37,1000.00,-2.72,-0.2722,84.92
3395,SHORT,2023-12-02T16:10:59.999Z,2101.92,2023-12-02T17:41:59.999Z,2102.06,1000.00,-0.07,-0.0067,84.86
3396,SHORT,2023-12-03T03:10:59.999Z,2160.93,2023-12-03T07:38:59.999Z,2162.33,1000.00,-0.65,-0.0648,84.21
3397,SHORT,2023-12-03T11:31:59.999Z,2159.90,2023-12-03T13:35:59.999Z,2162.28,1000.00,-1.10,-0.1102,83.11
3398,SHORT,2023-12-03T14:11:59.999Z,2157.10,2023-12-03T15:53:59.999Z,2160.49,1000.00,-1.57,-0.1572,81.54
3399,SHORT,2023-12-03T17:17:59.999Z,2153.43,2023-12-03T18:29:59.999Z,2160.72,1000.00,-3.39,-0.3385,78.15
3400,SHORT,2023-12-04T11:18:59.999Z,2230.14,2023-12-04T12:56:59.999Z,2252.82,1000.00,-10.17,-1.0170,67.98
3401,SHORT,2023-12-04T13:57:59.999Z,2240.17,2023-12-04T18:54:59.999Z,2223.54,1000.00,7.42,0.7424,75.40
3402,SHORT,2023-12-05T02:05:59.999Z,2232.53,2023-12-05T05:45:59.999Z,2232.58,1000.00,-0.02,-0.0022,75.38
3403,SHORT,2023-12-05T07:00:59.999Z,2230.49,2023-12-05T12:20:59.999Z,2209.00,1000.00,9.63,0.9635,85.02
3404,SHORT,2023-12-05T13:53:59.999Z,2203.12,2023-12-05T14:29:59.999Z,2215.33,1000.00,-5.54,-0.5542,79.48
3405,SHORT,2023-12-05T20:28:59.999Z,2259.63,2023-12-05T21:32:59.999Z,2274.54,1000.00,-6.60,-0.6598,72.88
3406,SHORT,2023-12-06T02:24:59.999Z,2283.28,2023-12-06T08:42:59.999Z,2273.61,1000.00,4.24,0.4235,77.11
3407,SHORT,2023-12-06T11:09:59.999Z,2266.62,2023-12-06T14:34:59.999Z,2268.21,1000.00,-0.70,-0.0701,76.41
3408,SHORT,2023-12-06T14:37:59.999Z,2258.22,2023-12-06T16:28:59.999Z,2266.87,1000.00,-3.83,-0.3830,72.58
3409,SHORT,2023-12-06T19:37:59.999Z,2265.37,2023-12-07T01:14:59.999Z,2244.51,1000.00,9.21,0.9208,81.79
3410,SHORT,2023-12-07T01:41:59.999Z,2241.00,2023-12-07T02:03:59.999Z,2245.21,1000.00,-1.88,-0.1879,79.91
3411,SHORT,2023-12-07T08:21:59.999Z,2251.10,2023-12-07T12:33:59.999Z,2249.39,1000.00,0.76,0.0760,80.67
3412,SHORT,2023-12-07T23:26:59.999Z,2350.70,2023-12-07T23:55:59.999Z,2357.06,1000.00,-2.71,-0.2706,77.96
3413,SHORT,2023-12-08T05:27:59.999Z,2370.92,2023-12-08T05:43:59.999Z,2376.21,1000.00,-2.23,-0.2231,75.73
3414,SHORT,2023-12-08T07:13:59.999Z,2371.79,2023-12-08T11:13:59.999Z,2361.33,1000.00,4.41,0.4410,80.14
3415,SHORT,2023-12-08T13:19:59.999Z,2358.78,2023-12-08T14:57:59.999Z,2362.02,1000.00,-1.37,-0.1374,78.77
3416,SHORT,2023-12-08T15:54:59.999Z,2346.10,2023-12-08T19:48:59.999Z,2355.08,1000.00,-3.83,-0.3828,74.94
3417,SHORT,2023-12-08T23:34:59.999Z,2360.66,2023-12-09T00:34:59.999Z,2365.63,1000.00,-2.11,-0.2105,72.84
3418,SHORT,2023-12-09T01:07:59.999Z,2355.69,2023-12-09T03:27:59.999Z,2362.59,1000.00,-2.93,-0.2929,69.91
3419,SHORT,2023-12-09T08:59:59.999Z,2361.99,2023-12-09T14:07:59.999Z,2363.01,1000.00,-0.43,-0.0432,69.47
3420,SHORT,2023-12-09T14:49:59.999Z,2337.64,2023-12-09T15:51:59.999Z,2364.41,1000.00,-11.45,-1.1452,58.02
3421,SHORT,2023-12-09T16:34:59.999Z,2353.25,2023-12-09T18:38:59.999Z,2357.25,1000.00,-1.70,-0.1700,56.32
3422,SHORT,2023-12-09T20:25:59.999Z,2353.87,2023-12-09T22:07:59.999Z,2354.91,1000.00,-0.44,-0.0442,55.88
3423,SHORT,2023-12-09T23:26:59.999Z,2348.20,2023-12-10T01:25:59.999Z,2352.59,1000.00,-1.87,-0.1870,54.01
3424,SHORT,2023-12-10T02:09:59.999Z,2345.76,2023-12-10T03:39:59.999Z,2350.38,1000.00,-1.97,-0.1970,52.04
3425,SHORT,2023-12-10T06:52:59.999Z,2349.39,2023-12-10T08:03:59.999Z,2354.86,1000.00,-2.33,-0.2328,49.71
3426,SHORT,2023-12-10T08:24:59.999Z,2346.27,2023-12-10T12:17:59.999Z,2342.19,1000.00,1.74,0.1739,51.45
3427,SHORT,2023-12-10T17:15:59.999Z,2346.69,2023-12-10T18:20:59.999Z,2351.01,1000.00,-1.84,-0.1841,49.61
3428,SHORT,2023-12-10T23:14:59.999Z,2355.21,2023-12-11T09:15:59.999Z,2247.31,1000.00,45.81,4.5813,95.43
3429,SHORT,2023-12-11T12:51:59.999Z,2244.93,2023-12-11T21:01:59.999Z,2204.54,1000.00,17.99,1.7992,113.42
3430,SHORT,2023-12-12T04:05:59.999Z,2231.00,2023-12-12T07:29:59.999Z,2229.28,1000.00,0.77,0.0771,114.19
3431,SHORT,2023-12-12T10:00:59.999Z,2226.72,2023-12-12T13:04:59.999Z,2225.14,1000.00,0.71,0.0710,114.90
3432,SHORT,2023-12-12T13:25:59.999Z,2214.82,2023-12-12T13:31:59.999Z,2229.37,1000.00,-6.57,-0.6569,108.33
3433,SHORT,2023-12-12T14:18:59.999Z,2218.57,2023-12-12T21:12:59.999Z,2189.47,1000.00,13.12,1.3117,121.45
3434,SHORT,2023-12-12T21:51:59.999Z,2173.77,2023-12-12T22:42:59.999Z,2186.57,1000.00,-5.89,-0.5888,115.56
3435,SHORT,2023-12-13T01:28:59.999Z,2180.18,2023-12-13T06:03:59.999Z,2175.60,1000.00,2.10,0.2101,117.66
3436,SHORT,2023-12-13T06:45:59.999Z,2165.12,2023-12-13T07:28:59.999Z,2178.09,1000.00,-5.99,-0.5990,111.67
3437,SHORT,2023-12-13T10:34:59.999Z,2172.30,2023-12-13T11:05:59.999Z,2180.72,1000.00,-3.88,-0.3876,107.79
3438,SHORT,2023-12-13T11:55:59.999Z,2173.72,2023-12-13T12:25:59.999Z,2179.37,1000.00,-2.60,-0.2599,105.19
3439,SHORT,2023-12-14T00:43:59.999Z,2255.28,2023-12-14T01:06:59.999Z,2259.60,1000.00,-1.92,-0.1916,103.28
3440,SHORT,2023-12-14T01:20:59.999Z,2254.31,2023-12-14T05:20:59.999Z,2255.09,1000.00,-0.35,-0.0346,102.93
3441,SHORT,2023-12-14T13:29:59.999Z,2264.95,2023-12-14T15:07:59.999Z,2288.61,1000.00,-10.45,-1.0446,92.48
3442,SHORT,2023-12-14T15:12:59.999Z,2279.85,2023-12-14T16:57:59.999Z,2282.00,1000.00,-0.94,-0.0943,91.54
3443,SHORT,2023-12-14T19:10:59.999Z,2286.87,2023-12-14T19:59:59.999Z,2293.00,1000.00,-2.68,-0.2681,88.86
3444,SHORT,2023-12-14T20:06:59.999Z,2287.92,2023-12-14T21:09:59.999Z,2293.31,1000.00,-2.36,-0.2356,86.50
3445,SHORT,2023-12-15T00:55:59.999Z,2303.20,2023-12-15T08:50:59.999Z,2275.99,1000.00,11.81,1.1814,98.32
3446,SHORT,2023-12-15T11:23:59.999Z,2271.39,2023-12-15T18:51:59.999Z,2244.66,1000.00,11.77,1.1768,110.09
3447,SHORT,2023-12-15T22:14:59.999Z,2242.14,2023-12-16T01:20:59.999Z,2239.17,1000.00,1.32,0.1325,111.41
3448,SHORT,2023-12-16T06:18:59.999Z,2244.58,2023-12-16T09:06:59.999Z,2248.09,1000.00,-1.56,-0.1564,109.85
3449,SHORT,2023-12-16T13:36:59.999Z,2241.40,2023-12-16T15:33:59.999Z,2253.40,1000.00,-5.35,-0.5354,104.49
3450,SHORT,2023-12-16T17:37:59.999Z,2250.50,2023-12-16T17:45:59.999Z,2253.80,1000.00,-1.47,-0.1466,103.03
3451,SHORT,2023-12-16T18:01:59.999Z,2248.74,2023-12-17T00:42:59.999Z,2232.94,1000.00,7.03,0.7026,110.05
3452,SHORT,2023-12-17T00:56:59.999Z,2227.79,2023-12-17T09:00:59.999Z,2214.79,1000.00,5.84,0.5835,115.89
3453,SHORT,2023-12-17T09:46:59.999Z,2211.96,2023-12-17T09:51:59.999Z,2213.90,1000.00,-0.88,-0.0877,115.01
3454,SHORT,2023-12-17T11:09:59.999Z,2211.36,2023-12-17T11:22:59.999Z,2218.00,1000.00,-3.00,-0.3003,112.01
3455,SHORT,2023-12-17T11:27:59.999Z,2213.48,2023-12-17T11:31:59.999Z,2216.05,1000.00,-1.16,-0.1161,110.85
3456,SHORT,2023-12-17T12:15:59.999Z,2211.68,2023-12-17T12:26:59.999Z,2217.19,1000.00,-2.49,-0.2491,108.36
3457,SHORT,2023-12-17T13:14:59.999Z,2209.71,2023-12-17T15:24:59.999Z,2217.00,1000.00,-3.30,-0.3299,105.06
3458,SHORT,2023-12-17T18:23:59.999Z,2221.56,2023-12-17T18:38:59.999Z,2226.41,1000.00,-2.18,-0.2183,102.87
3459,SHORT,2023-12-17T22:24:59.999Z,2232.17,2023-12-18T06:52:59.999Z,2179.05,1000.00,23.80,2.3797,126.67
3460,SHORT,2023-12-18T07:58:59.999Z,2167.14,2023-12-18T13:42:59.999Z,2148.81,1000.00,8.46,0.8458,135.13
3461,SHORT,2023-12-19T10:02:59.999Z,2242.93,2023-12-19T19:33:59.999Z,2186.28,1000.00,25.26,2.5257,160.39
3462,SHORT,2023-12-19T20:38:59.999Z,2169.18,2023-12-19T21:13:59.999Z,2178.00,1000.00,-4.07,-0.4066,156.32
3463,SHORT,2023-12-19T23:22:59.999Z,2174.18,2023-12-19T23:38:59.999Z,2179.50,1000.00,-2.45,-0.2447,153.87
3464,SHORT,2023-12-19T23:45:59.999Z,2174.37,2023-12-19T23:46:59.999Z,2177.12,1000.00,-1.26,-0.1265,152.61
3465,SHORT,2023-12-20T01:46:59.999Z,2174.88,2023-12-20T02:32:59.999Z,2185.51,1000.00,-4.89,-0.4888,147.72
3466,SHORT,2023-12-20T11:31:59.999Z,2207.62,2023-12-20T13:04:59.999Z,2220.00,1000.00,-5.61,-0.5608,142.11
3467,SHORT,2023-12-20T16:56:59.999Z,2218.80,2023-12-20T23:49:59.999Z,2197.35,1000.00,9.67,0.9667,151.78
3468,SHORT,2023-12-21T01:04:59.999Z,2189.02,2023-12-21T02:28:59.999Z,2199.63,1000.00,-4.85,-0.4847,146.93
3469,SHORT,2023-12-21T03:04:59.999Z,2192.77,2023-12-21T03:11:59.999Z,2196.56,1000.00,-1.73,-0.1728,145.21
3470,SHORT,2023-12-21T05:52:59.999Z,2192.91,2023-12-21T06:28:59.999Z,2204.77,1000.00,-5.41,-0.5408,139.80
3471,SHORT,2023-12-21T14:14:59.999Z,2236.00,2023-12-21T17:36:59.999Z,2237.79,1000.00,-0.80,-0.0801,139.00
3472,SHORT,2023-12-21T17:48:59.999Z,2227.21,2023-12-21T17:56:59.999Z,2234.73,1000.00,-3.38,-0.3376,135.62
3473,SHORT,2023-12-21T18:55:59.999Z,2228.87,2023-12-21T19:05:59.999Z,2241.09,1000.00,-5.48,-0.5483,130.14
3474,SHORT,2023-12-21T19:16:59.999Z,2229.15,2023-12-21T21:01:59.999Z,2237.30,1000.00,-3.66,-0.3656,126.48
3475,SHORT,2023-12-21T23:40:59.999Z,2233.72,2023-12-22T00:33:59.999Z,2247.06,1000.00,-5.97,-0.5972,120.51
3476,SHORT,2023-12-22T02:36:59.999Z,2240.03,2023-12-22T04:02:59.999Z,2246.34,1000.00,-2.82,-0.2817,117.69
3477,SHORT,2023-12-22T12:54:59.999Z,2294.52,2023-12-22T13:56:59.999Z,2309.36,1000.00,-6.47,-0.6468,111.23
3478,SHORT,2023-12-22T19:14:59.999Z,2319.76,2023-12-22T23:17:59.999Z,2321.99,1000.00,-0.96,-0.0961,110.26
3479,SHORT,2023-12-23T00:56:59.999Z,2312.97,2023-12-23T05:38:59.999Z,2288.78,1000.00,10.46,1.0458,120.72
3480,SHORT,2023-12-23T07:57:59.999Z,2284.68,2023-12-23T08:51:59.999Z,2291.69,1000.00,-3.07,-0.3068,117.65
3481,SHORT,2023-12-23T10:57:59.999Z,2286.99,2023-12-23T12:08:59.999Z,2292.03,1000.00,-2.20,-0.2204,115.45
3482,SHORT,2023-12-23T14:35:59.999Z,2290.07,2023-12-23T16:38:59.999Z,2293.98,1000.00,-1.71,-0.1707,113.74
3483,SHORT,2023-12-23T19:49:59.999Z,2290.75,2023-12-23T22:37:59.999Z,2294.43,1000.00,-1.61,-0.1606,112.14
3484,SHORT,2023-12-24T04:48:59.999Z,2306.83,2023-12-24T09:48:59.999Z,2298.12,1000.00,3.78,0.3776,115.91
3485,SHORT,2023-12-24T10:19:59.999Z,2285.00,2023-12-24T12:52:59.999Z,2293.18,1000.00,-3.58,-0.3580,112.33
3486,SHORT,2023-12-24T16:09:59.999Z,2287.60,2023-12-24T16:53:59.999Z,2296.30,1000.00,-3.80,-0.3803,108.53
3487,SHORT,2023-12-24T17:22:59.999Z,2289.36,2023-12-25T01:23:59.999Z,2271.53,1000.00,7.79,0.7788,116.32
3488,SHORT,2023-12-25T02:30:59.999Z,2263.56,2023-12-25T02:59:59.999Z,2271.31,1000.00,-3.42,-0.3424,112.89
3489,SHORT,2023-12-25T08:51:59.999Z,2277.48,2023-12-25T11:33:59.999Z,2281.55,1000.00,-1.79,-0.1787,111.11
3490,SHORT,2023-12-25T12:24:59.999Z,2274.58,2023-12-25T12:42:59.999Z,2279.65,1000.00,-2.23,-0.2229,108.88
3491,SHORT,2023-12-25T16:19:59.999Z,2284.81,2023-12-25T22:10:59.999Z,2277.50,1000.00,3.20,0.3199,112.08
3492,SHORT,2023-12-25T23:54:59.999Z,2272.52,2023-12-26T02:52:59.999Z,2273.06,1000.00,-0.24,-0.0238,111.84
3493,SHORT,2023-12-26T02:56:59.999Z,2270.63,2023-12-26T11:03:59.999Z,2237.67,1000.00,14.52,1.4516,126.36
3494,SHORT,2023-12-26T15:05:59.999Z,2238.70,2023-12-26T20:19:59.999Z,2216.80,1000.00,9.78,0.9782,136.14
3495,SHORT,2023-12-27T01:29:59.999Z,2223.47,2023-12-27T01:46:59.999Z,2231.99,1000.00,-3.83,-0.3832,132.31
3496,SHORT,2023-12-27T02:24:59.999Z,2220.93,2023-12-27T05:22:59.999Z,2223.95,1000.00,-1.36,-0.1360,130.95
3497,SHORT,2023-12-27T05:24:59.999Z,2221.83,2023-12-27T05:54:59.999Z,2227.42,1000.00,-2.52,-0.2516,128.43
3498,SHORT,2023-12-28T04:59:59.999Z,2403.61,2023-12-28T09:25:59.999Z,2387.12,1000.00,6.86,0.6861,135.29
3499,SHORT,2023-12-28T12:39:59.999Z,2387.01,2023-12-28T13:32:59.999Z,2405.40,1000.00,-7.70,-0.7704,127.59
3500,SHORT,2023-12-28T14:14:59.999Z,2387.24,2023-12-28T19:33:59.999Z,2367.39,1000.00,8.32,0.8315,135.90
3501,SHORT,2023-12-28T20:02:59.999Z,2354.91,2023-12-28T23:42:59.999Z,2356.00,1000.00,-0.46,-0.0463,135.44
3502,SHORT,2023-12-28T23:51:59.999Z,2348.52,2023-12-29T00:37:59.999Z,2361.29,1000.00,-5.44,-0.5437,130.00
3503,SHORT,2023-12-29T01:00:59.999Z,2338.55,2023-12-29T03:19:59.999Z,2342.74,1000.00,-1.79,-0.1792,128.21
3504,SHORT,2023-12-29T07:45:59.999Z,2343.01,2023-12-29T09:24:59.999Z,2355.57,1000.00,-5.36,-0.5361,122.85
3505,SHORT,2023-12-29T13:08:59.999Z,2360.57,2023-12-29T14:16:59.999Z,2365.44,1000.00,-2.06,-0.2063,120.79
3506,SHORT,2023-12-29T15:26:59.999Z,2356.79,2023-12-29T19:51:59.999Z,2318.56,1000.00,16.22,1.6221,137.01
3507,SHORT,2023-12-29T20:08:59.999Z,2312.19,2023-12-29T23:55:59.999Z,2299.39,1000.00,5.54,0.5536,142.54
3508,SHORT,2023-12-30T02:48:59.999Z,2295.43,2023-12-30T04:22:59.999Z,2301.65,1000.00,-2.71,-0.2710,139.83
3509,SHORT,2023-12-30T07:34:59.999Z,2300.85,2023-12-30T11:04:59.999Z,2290.00,1000.00,4.72,0.4716,144.55
3510,SHORT,2023-12-30T13:27:59.999Z,2287.03,2023-12-30T13:37:59.999Z,2294.00,1000.00,-3.05,-0.3048,141.50
3511,SHORT,2023-12-30T18:24:59.999Z,2303.29,2023-12-31T00:35:59.999Z,2301.53,1000.00,0.76,0.0764,142.27
3512,SHORT,2023-12-31T01:41:59.999Z,2291.78,2023-12-31T07:04:59.999Z,2287.79,1000.00,1.74,0.1741,144.01
3513,SHORT,2023-12-31T13:06:59.999Z,2299.55,2023-12-31T16:36:59.999Z,2306.12,1000.00,-2.86,-0.2857,141.15
3514,SHORT,2023-12-31T17:30:59.999Z,2291.88,2023-12-31T19:04:59.999Z,2304.04,1000.00,-5.31,-0.5306,135.84
3515,SHORT,2023-12-31T19:18:59.999Z,2295.95,2024-01-01T00:15:59.999Z,2295.33,1000.00,0.27,0.0270,136.11
3516,SHORT,2024-01-01T03:11:59.999Z,2291.38,2024-01-01T06:59:59.999Z,2281.90,1000.00,4.14,0.4137,140.25
3517,SHORT,2024-01-01T14:25:59.999Z,2299.26,2024-01-01T14:35:59.999Z,2304.15,1000.00,-2.13,-0.2127,138.12
3518,SHORT,2024-01-01T14:56:59.999Z,2299.99,2024-01-01T15:21:59.999Z,2304.99,1000.00,-2.17,-0.2174,135.95
3519,SHORT,2024-01-01T22:22:59.999Z,2326.95,2024-01-01T23:04:59.999Z,2340.49,1000.00,-5.82,-0.5819,130.13
3520,SHORT,2024-01-02T06:08:59.999Z,2378.60,2024-01-02T07:40:59.999Z,2382.61,1000.00,-1.69,-0.1686,128.45
3521,SHORT,2024-01-02T10:48:59.999Z,2397.09,2024-01-02T14:11:59.999Z,2401.59,1000.00,-1.88,-0.1877,126.57
3522,SHORT,2024-01-02T14:26:59.999Z,2388.27,2024-01-02T19:04:59.999Z,2369.18,1000.00,7.99,0.7993,134.56
3523,SHORT,2024-01-02T19:30:59.999Z,2357.97,2024-01-02T20:04:59.999Z,2370.59,1000.00,-5.35,-0.5352,129.21
3524,SHORT,2024-01-02T20:56:59.999Z,2362.64,2024-01-02T22:13:59.999Z,2367.40,1000.00,-2.01,-0.2015,127.19
3525,SHORT,2024-01-02T22:40:59.999Z,2361.18,2024-01-03T01:02:59.999Z,2362.84,1000.00,-0.70,-0.0703,126.49
3526,SHORT,2024-01-03T03:47:59.999Z,2367.15,2024-01-03T03:49:59.999Z,2369.37,1000.00,-0.94,-0.0938,125.55
3527,SHORT,2024-01-03T03:51:59.999Z,2366.69,2024-01-03T04:16:59.999Z,2371.18,1000.00,-1.90,-0.1897,123.66
3528,SHORT,2024-01-03T07:48:59.999Z,2363.99,2024-01-03T09:21:59.999Z,2375.33,1000.00,-4.80,-0.4797,118.86
3529,SHORT,2024-01-03T10:43:59.999Z,2363.43,2024-01-03T16:16:59.999Z,2235.32,1000.00,54.21,5.4205,173.07
3530,SHORT,2024-01-03T17:11:59.999Z,2224.41,2024-01-03T20:45:59.999Z,2217.09,1000.00,3.29,0.3291,176.36
3531,SHORT,2024-01-03T22:33:59.999Z,2210.31,2024-01-04T02:15:59.999Z,2219.78,1000.00,-4.28,-0.4284,172.07
3532,SHORT,2024-01-04T07:30:59.999Z,2231.73,2024-01-04T11:31:59.999Z,2226.58,1000.00,2.31,0.2308,174.38
3533,SHORT,2024-01-04T21:51:59.999Z,2274.00,2024-01-04T22:20:59.999Z,2283.98,1000.00,-4.39,-0.4389,169.99
3534,SHORT,2024-01-04T22:30:59.999Z,2271.20,2024-01-05T06:05:59.999Z,2248.90,1000.00,9.82,0.9819,179.81
3535,SHORT,2024-01-05T06:32:59.999Z,2241.01,2024-01-05T06:45:59.999Z,2248.89,1000.00,-3.52,-0.3516,176.29
3536,SHORT,2024-01-05T10:48:59.999Z,2255.45,2024-01-05T18:34:59.999Z,2230.01,1000.00,11.28,1.1279,187.57
3537,SHORT,2024-01-06T02:06:59.999Z,2254.40,2024-01-06T08:59:59.999Z,2237.54,1000.00,7.48,0.7479,195.05
3538,SHORT,2024-01-06T10:11:59.999Z,2231.80,2024-01-06T10:39:59.999Z,2237.72,1000.00,-2.65,-0.2653,192.40
3539,SHORT,2024-01-06T11:14:59.999Z,2234.13,2024-01-06T11:18:59.999Z,2235.80,1000.00,-0.75,-0.0747,191.65
3540,SHORT,2024-01-06T12:50:59.999Z,2229.25,2024-01-06T13:49:59.999Z,2238.19,1000.00,-4.01,-0.4010,187.64
3541,SHORT,2024-01-06T19:20:59.999Z,2239.19,2024-01-07T00:12:59.999Z,2239.99,1000.00,-0.36,-0.0357,187.28
3542,SHORT,2024-01-07T02:45:59.999Z,2240.06,2024-01-07T04:12:59.999Z,2246.98,1000.00,-3.09,-0.3089,184.19
3543,SHORT,2024-01-07T05:58:59.999Z,2242.17,2024-01-07T06:14:59.999Z,2249.64,1000.00,-3.33,-0.3332,180.86
3544,SHORT,2024-01-07T08:49:59.999Z,2242.22,2024-01-07T11:46:59.999Z,2240.87,1000.00,0.60,0.0602,181.46
3545,SHORT,2024-01-07T11:56:59.999Z,2237.99,2024-01-07T13:11:59.999Z,2241.64,1000.00,-1.63,-0.1631,179.83
3546,SHORT,2024-01-07T15:28:59.999Z,2234.79,2024-01-07T17:53:59.999Z,2237.86,1000.00,-1.37,-0.1374,178.46
3547,SHORT,2024-01-07T21:04:59.999Z,2241.11,2024-01-08T05:18:59.999Z,2196.30,1000.00,19.99,1.9995,198.45
3548,SHORT,2024-01-08T05:24:59.999Z,2192.08,2024-01-08T06:00:59.999Z,2196.21,1000.00,-1.88,-0.1884,196.57
3549,SHORT,2024-01-08T09:55:59.999Z,2205.60,2024-01-08T10:30:59.999Z,2228.23,1000.00,-10.26,-1.0260,186.31
3550,SHORT,2024-01-08T23:17:59.999Z,2331.41,2024-01-09T05:01:59.999Z,2317.01,1000.00,6.18,0.6177,192.49
3551,SHORT,2024-01-09T05:24:59.999Z,2309.72,2024-01-09T11:33:59.999Z,2301.32,1000.00,3.64,0.3637,196.12
3552,SHORT,2024-01-09T11:40:59.999Z,2292.39,2024-01-09T12:11:59.999Z,2301.45,1000.00,-3.95,-0.3952,192.17
3553,SHORT,2024-01-09T12:40:59.999Z,2294.15,2024-01-09T17:53:59.999Z,2266.98,1000.00,11.84,1.1843,204.01
3554,SHORT,2024-01-09T20:17:59.999Z,2261.23,2024-01-09T21:22:59.999Z,2288.69,1000.00,-12.14,-1.2144,191.87
3555,SHORT,2024-01-10T02:52:59.999Z,2351.20,2024-01-10T03:54:59.999Z,2367.33,1000.00,-6.86,-0.6860,185.01
3556,SHORT,2024-01-10T07:51:59.999Z,2367.91,2024-01-10T09:18:59.999Z,2400.06,1000.00,-13.58,-1.3577,171.43
3557,SHORT,2024-01-10T12:22:59.999Z,2386.04,2024-01-10T15:03:59.999Z,2404.85,1000.00,-7.88,-0.7883,163.55
3558,SHORT,2024-01-11T06:03:59.999Z,2593.07,2024-01-11T08:18:59.999Z,2595.47,1000.00,-0.93,-0.0926,162.62
3559,SHORT,2024-01-11T14:23:59.999Z,2624.44,2024-01-11T14:46:59.999Z,2672.23,1000.00,-18.21,-1.8210,144.41
3560,SHORT,2024-01-11T15:43:59.999Z,2614.43,2024-01-11T19:05:59.999Z,2608.94,1000.00,2.10,0.2100,146.51
3561,SHORT,2024-01-11T19:09:59.999Z,2604.78,2024-01-11T19:47:59.999Z,2614.26,1000.00,-3.64,-0.3639,142.87
3562,SHORT,2024-01-11T20:51:59.999Z,2590.73,2024-01-11T21:30:59.999Z,2612.21,1000.00,-8.29,-0.8291,134.58
3563,SHORT,2024-01-11T21:48:59.999Z,2604.81,2024-01-11T23:04:59.999Z,2616.44,1000.00,-4.46,-0.4465,130.12
3564,SHORT,2024-01-12T00:32:59.999Z,2599.00,2024-01-12T02:57:59.999Z,2606.77,1000.00,-2.99,-0.2990,127.13
3565,SHORT,2024-01-12T03:23:59.999Z,2593.67,2024-01-12T05:53:59.999Z,2606.87,1000.00,-5.09,-0.5089,122.04
3566,SHORT,2024-01-12T07:50:59.999Z,2595.72,2024-01-12T09:48:59.999Z,2611.35,1000.00,-6.02,-0.6021,116.02
3567,SHORT,2024-01-12T15:47:59.999Z,2645.64,2024-01-13T02:12:59.999Z,2533.93,1000.00,42.22,4.2224,158.24
3568,SHORT,2024-01-13T09:18:59.999Z,2542.70,2024-01-13T12:03:59.999Z,2545.74,1000.00,-1.20,-0.1196,157.05
3569,SHORT,2024-01-13T14:07:59.999Z,2536.35,2024-01-13T15:10:59.999Z,2550.40,1000.00,-5.54,-0.5539,151.51
3570,SHORT,2024-01-14T00:26:59.999Z,2566.79,2024-01-14T15:08:59.999Z,2544.60,1000.00,8.65,0.8645,160.15
3571,SHORT,2024-01-14T15:20:59.999Z,2536.15,2024-01-14T15:40:59.999Z,2540.75,1000.00,-1.81,-0.1814,158.34
3572,SHORT,2024-01-14T16:33:59.999Z,2528.33,2024-01-14T22:04:59.999Z,2528.02,1000.00,0.12,0.0123,158.46
3573,SHORT,2024-01-14T22:44:59.999Z,2513.72,2024-01-15T01:39:59.999Z,2510.12,1000.00,1.43,0.1432,159.89
3574,SHORT,2024-01-15T07:25:59.999Z,2509.86,2024-01-15T08:00:59.999Z,2514.42,1000.00,-1.82,-0.1817,158.08
3575,SHORT,2024-01-15T08:09:59.999Z,2507.63,2024-01-15T08:27:59.999Z,2512.00,1000.00,-1.74,-0.1743,156.33
3576,SHORT,2024-01-15T08:29:59.999Z,2510.38,2024-01-15T08:30:59.999Z,2512.01,1000.00,-0.65,-0.0649,155.68
3577,SHORT,2024-01-15T14:16:59.999Z,2524.39,2024-01-15T17:06:59.999Z,2532.78,1000.00,-3.32,-0.3324,152.36
3578,SHORT,2024-01-15T20:34:59.999Z,2531.12,2024-01-16T02:16:59.999Z,2520.45,1000.00,4.22,0.4216,156.58
3579,SHORT,2024-01-16T07:20:59.999Z,2526.91,2024-01-16T08:42:59.999Z,2534.29,1000.00,-2.92,-0.2921,153.66
3580,SHORT,2024-01-16T10:42:59.999Z,2535.18,2024-01-16T12:34:59.999Z,2541.70,1000.00,-2.57,-0.2572,151.08
3581,SHORT,2024-01-16T13:55:59.999Z,2527.34,2024-01-16T15:23:59.999Z,2552.57,1000.00,-9.98,-0.9983,141.10
3582,SHORT,2024-01-16T23:55:59.999Z,2586.67,2024-01-17T13:02:59.999Z,2551.07,1000.00,13.76,1.3763,154.86
3583,SHORT,2024-01-17T13:27:59.999Z,2544.43,2024-01-17T13:34:59.999Z,2547.61,1000.00,-1.25,-0.1250,153.61
3584,SHORT,2024-01-17T13:49:59.999Z,2543.10,2024-01-17T14:25:59.999Z,2551.94,1000.00,-3.48,-0.3476,150.14
3585,SHORT,2024-01-17T15:51:59.999Z,2537.45,2024-01-17T19:43:59.999Z,2538.08,1000.00,-0.25,-0.0248,149.89
3586,SHORT,2024-01-17T20:13:59.999Z,2530.59,2024-01-17T20:28:59.999Z,2535.57,1000.00,-1.97,-0.1968,147.92
3587,SHORT,2024-01-17T21:50:59.999Z,2526.69,2024-01-18T00:21:59.999Z,2528.43,1000.00,-0.69,-0.0689,147.23
3588,SHORT,2024-01-18T00:22:59.999Z,2527.04,2024-01-18T00:42:59.999Z,2529.92,1000.00,-1.14,-0.1140,146.09
3589,SHORT,2024-01-18T01:16:59.999Z,2522.33,2024-01-18T02:30:59.999Z,2529.90,1000.00,-3.00,-0.3001,143.09
3590,SHORT,2024-01-18T05:31:59.999Z,2526.96,2024-01-18T06:01:59.999Z,2532.30,1000.00,-2.11,-0.2113,140.98
3591,SHORT,2024-01-18T10:37:59.999Z,2533.48,2024-01-18T14:22:59.999Z,2527.94,1000.00,2.19,0.2187,143.17
3592,SHORT,2024-01-18T16:22:59.999Z,2516.12,2024-01-18T22:19:59.999Z,2460.30,1000.00,22.18,2.2185,165.35
3593,SHORT,2024-01-19T01:28:59.999Z,2458.77,2024-01-19T04:26:59.999Z,2462.74,1000.00,-1.61,-0.1615,163.74
3594,SHORT,2024-01-19T08:17:59.999Z,2460.45,2024-01-19T08:54:59.999Z,2473.23,1000.00,-5.19,-0.5194,158.54
3595,SHORT,2024-01-19T14:31:59.999Z,2476.68,2024-01-19T18:03:59.999Z,2462.67,1000.00,5.66,0.5657,164.20
3596,SHORT,2024-01-20T00:20:59.999Z,2482.51,2024-01-20T01:59:59.999Z,2489.80,1000.00,-2.94,-0.2937,161.26
3597,SHORT,2024-01-20T02:06:59.999Z,2484.68,2024-01-20T06:50:59.999Z,2483.05,1000.00,0.66,0.0656,161.92
3598,SHORT,2024-01-20T08:04:59.999Z,2479.21,2024-01-20T13:32:59.999Z,2471.83,1000.00,2.98,0.2977,164.90
3599,SHORT,2024-01-20T14:05:59.999Z,2469.51,2024-01-20T20:06:59.999Z,2464.58,1000.00,2.00,0.1996,166.89
3600,SHORT,2024-01-21T00:31:59.999Z,2465.79,2024-01-21T01:51:59.999Z,2469.38,1000.00,-1.46,-0.1456,165.44
3601,SHORT,2024-01-21T05:55:59.999Z,2473.29,2024-01-21T07:58:59.999Z,2474.97,1000.00,-0.68,-0.0679,164.76
3602,SHORT,2024-01-21T11:50:59.999Z,2473.16,2024-01-21T13:35:59.999Z,2479.83,1000.00,-2.70,-0.2697,162.06
3603,SHORT,2024-01-21T15:28:59.999Z,2472.70,2024-01-21T17:27:59.999Z,2475.98,1000.00,-1.33,-0.1326,160.73
3604,SHORT,2024-01-21T19:13:59.999Z,2472.47,2024-01-21T20:21:59.999Z,2475.07,1000.00,-1.05,-0.1052,159.68
3605,SHORT,2024-01-21T20:28:59.999Z,2472.05,2024-01-22T06:48:59.999Z,2433.00,1000.00,15.80,1.5797,175.48
3606,SHORT,2024-01-22T07:37:59.999Z,2426.51,2024-01-22T13:21:59.999Z,2401.99,1000.00,10.11,1.0105,185.58
3607,SHORT,2024-01-22T14:17:59.999Z,2378.43,2024-01-22T17:46:59.999Z,2377.61,1000.00,0.34,0.0345,185.93
3608,SHORT,2024-01-22T18:47:59.999Z,2365.90,2024-01-23T01:09:59.999Z,2327.26,1000.00,16.33,1.6332,202.26
3609,SHORT,2024-01-23T07:20:59.999Z,2338.65,2024-01-23T15:38:59.999Z,2218.28,1000.00,51.47,5.1470,253.73
3610,SHORT,2024-01-23T16:19:59.999Z,2194.89,2024-01-23T17:02:59.999Z,2225.61,1000.00,-14.00,-1.3996,239.73
3611,SHORT,2024-01-23T18:40:59.999Z,2205.06,2024-01-23T21:57:59.999Z,2203.05,1000.00,0.91,0.0912,240.65
3612,SHORT,2024-01-24T01:48:59.999Z,2225.91,2024-01-24T05:30:59.999Z,2226.50,1000.00,-0.27,-0.0265,240.38
3613,SHORT,2024-01-24T12:34:59.999Z,2240.58,2024-01-24T15:52:59.999Z,2237.28,1000.00,1.47,0.1473,241.85
3614,SHORT,2024-01-24T16:08:59.999Z,2229.24,2024-01-24T16:50:59.999Z,2239.54,1000.00,-4.62,-0.4620,237.23
3615,SHORT,2024-01-24T18:09:59.999Z,2224.09,2024-01-24T22:19:59.999Z,2219.92,1000.00,1.87,0.1875,239.11
3616,SHORT,2024-01-25T01:38:59.999Z,2222.10,2024-01-25T06:45:59.999Z,2220.50,1000.00,0.72,0.0720,239.83
3617,SHORT,2024-01-25T12:23:59.999Z,2218.17,2024-01-25T17:59:59.999Z,2203.28,1000.00,6.71,0.6713,246.54
3618,SHORT,2024-01-26T00:14:59.999Z,2214.92,2024-01-26T01:46:59.999Z,2223.83,1000.00,-4.02,-0.4023,242.52
3619,SHORT,2024-01-26T05:13:59.999Z,2222.00,2024-01-26T09:31:59.999Z,2213.77,1000.00,3.70,0.3704,246.22
3620,SHORT,2024-01-26T10:12:59.999Z,2208.72,2024-01-26T10:23:59.999Z,2216.14,1000.00,-3.36,-0.3359,242.86
3621,SHORT,2024-01-26T19:12:59.999Z,2263.17,2024-01-26T22:16:59.999Z,2267.40,1000.00,-1.87,-0.1869,240.99
3622,SHORT,2024-01-27T05:13:59.999Z,2269.58,2024-01-27T09:39:59.999Z,2264.53,1000.00,2.23,0.2225,243.22
3623,SHORT,2024-01-27T12:59:59.999Z,2263.47,2024-01-27T13:20:59.999Z,2265.57,1000.00,-0.93,-0.0928,242.29
3624,SHORT,2024-01-27T16:53:59.999Z,2265.57,2024-01-27T18:30:59.999Z,2270.42,1000.00,-2.14,-0.2141,240.15
3625,SHORT,2024-01-27T21:12:59.999Z,2268.30,2024-01-27T21:28:59.999Z,2273.62,1000.00,-2.35,-0.2345,237.80
3626,SHORT,2024-01-27T22:09:59.999Z,2265.68,2024-01-28T01:10:59.999Z,2272.48,1000.00,-3.00,-0.3001,234.80
3627,SHORT,2024-01-28T06:43:59.999Z,2286.44,2024-01-28T07:17:59.999Z,2291.99,1000.00,-2.43,-0.2427,232.38
3628,SHORT,2024-01-28T07:44:59.999Z,2286.85,2024-01-28T09:25:59.999Z,2291.74,1000.00,-2.14,-0.2138,230.24
3629,SHORT,2024-01-28T11:20:59.999Z,2284.34,2024-01-28T14:23:59.999Z,2284.65,1000.00,-0.14,-0.0136,230.10
3630,SHORT,2024-01-28T14:45:59.999Z,2277.42,2024-01-28T21:23:59.999Z,2262.09,1000.00,6.73,0.6731,236.83
3631,SHORT,2024-01-28T21:32:59.999Z,2259.73,2024-01-28T21:53:59.999Z,2263.98,1000.00,-1.88,-0.1881,234.95
3632,SHORT,2024-01-28T22:11:59.999Z,2258.94,2024-01-29T00:38:59.999Z,2259.15,1000.00,-0.09,-0.0093,234.86
3633,SHORT,2024-01-29T05:17:59.999Z,2268.02,2024-01-29T07:11:59.999Z,2269.99,1000.00,-0.87,-0.0869,233.99
3634,SHORT,2024-01-29T07:40:59.999Z,2261.94,2024-01-29T09:38:59.999Z,2271.30,1000.00,-4.14,-0.4138,229.85
3635,SHORT,2024-01-29T11:55:59.999Z,2261.83,2024-01-29T15:51:59.999Z,2267.95,1000.00,-2.71,-0.2706,227.15
3636,SHORT,2024-01-30T00:49:59.999Z,2306.16,2024-01-30T01:28:59.999Z,2315.97,1000.00,-4.25,-0.4254,222.89
3637,SHORT,2024-01-30T03:41:59.999Z,2312.91,2024-01-30T07:38:59.999Z,2313.80,1000.00,-0.38,-0.0385,222.51
3638,SHORT,2024-01-30T08:11:59.999Z,2305.80,2024-01-30T08:21:59.999Z,2310.15,1000.00,-1.89,-0.1887,220.62
3639,SHORT,2024-01-30T08:56:59.999Z,2307.67,2024-01-30T10:32:59.999Z,2311.11,1000.00,-1.49,-0.1491,219.13
3640,SHORT,2024-01-30T12:51:59.999Z,2304.80,2024-01-30T14:40:59.999Z,2309.49,1000.00,-2.03,-0.2035,217.10
3641,SHORT,2024-01-30T14:41:59.999Z,2306.25,2024-01-30T14:45:59.999Z,2310.09,1000.00,-1.67,-0.1665,215.43
3642,SHORT,2024-01-30T22:48:59.999Z,2370.82,2024-01-31T03:55:59.999Z,2342.49,1000.00,11.95,1.1949,227.38
3643,SHORT,2024-01-31T04:35:59.999Z,2337.54,2024-01-31T05:05:59.999Z,2343.52,1000.00,-2.56,-0.2558,224.82
3644,SHORT,2024-01-31T05:19:59.999Z,2338.13,2024-01-31T07:47:59.999Z,2338.16,1000.00,-0.01,-0.0013,224.81
3645,SHORT,2024-01-31T08:24:59.999Z,2337.33,2024-01-31T08:27:59.999Z,2340.60,1000.00,-1.40,-0.1399,223.41
3646,SHORT,2024-01-31T09:05:59.999Z,2333.18,2024-01-31T13:38:59.999Z,2313.01,1000.00,8.64,0.8645,232.06
3647,SHORT,2024-01-31T14:17:59.999Z,2300.21,2024-01-31T14:36:59.999Z,2312.00,1000.00,-5.13,-0.5126,226.93
3648,SHORT,2024-01-31T15:16:59.999Z,2300.92,2024-01-31T15:32:59.999Z,2325.75,1000.00,-10.79,-1.0791,216.14
3649,SHORT,2024-01-31T19:21:59.999Z,2321.76,2024-02-01T04:59:59.999Z,2262.77,1000.00,25.41,2.5407,241.55
3650,SHORT,2024-02-01T09:41:59.999Z,2267.99,2024-02-01T10:22:59.999Z,2275.90,1000.00,-3.49,-0.3488,238.06
3651,SHORT,2024-02-01T10:49:59.999Z,2267.67,2024-02-01T12:31:59.999Z,2274.07,1000.00,-2.82,-0.2822,235.24
3652,SHORT,2024-02-01T13:09:59.999Z,2267.12,2024-02-01T13:27:59.999Z,2274.87,1000.00,-3.42,-0.3418,231.82
3653,SHORT,2024-02-01T16:37:59.999Z,2273.85,2024-02-01T16:54:59.999Z,2291.01,1000.00,-7.55,-0.7547,224.27
3654,SHORT,2024-02-01T22:38:59.999Z,2294.27,2024-02-01T23:51:59.999Z,2301.91,1000.00,-3.33,-0.3330,220.94
3655,SHORT,2024-02-02T02:23:59.999Z,2302.99,2024-02-02T06:03:59.999Z,2307.21,1000.00,-1.83,-0.1832,219.11
3656,SHORT,2024-02-02T10:08:59.999Z,2306.61,2024-02-02T10:48:59.999Z,2311.00,1000.00,-1.90,-0.1903,217.20
3657,SHORT,2024-02-02T13:31:59.999Z,2304.39,2024-02-02T15:41:59.999Z,2309.89,1000.00,-2.39,-0.2387,214.82
3658,SHORT,2024-02-02T17:42:59.999Z,2301.55,2024-02-02T20:16:59.999Z,2300.47,1000.00,0.47,0.0469,215.29
3659,SHORT,2024-02-02T20:58:59.999Z,2296.79,2024-02-02T21:20:59.999Z,2301.01,1000.00,-1.84,-0.1837,213.45
3660,SHORT,2024-02-02T21:52:59.999Z,2298.61,2024-02-02T22:16:59.999Z,2303.35,1000.00,-2.06,-0.2062,211.39
3661,SHORT,2024-02-03T06:15:59.999Z,2318.12,2024-02-03T16:09:59.999Z,2306.51,1000.00,5.01,0.5008,216.40
3662,SHORT,2024-02-03T18:35:59.999Z,2301.31,2024-02-03T21:03:59.999Z,2305.16,1000.00,-1.67,-0.1673,214.72
3663,SHORT,2024-02-03T21:28:59.999Z,2301.00,2024-02-04T01:21:59.999Z,2300.15,1000.00,0.37,0.0369,215.09
3664,SHORT,2024-02-04T04:17:59.999Z,2300.40,2024-02-04T05:51:59.999Z,2301.26,1000.00,-0.37,-0.0374,214.72
3665,SHORT,2024-02-04T05:52:59.999Z,2300.71,2024-02-04T06:11:59.999Z,2302.01,1000.00,-0.57,-0.0565,214.15
3666,SHORT,2024-02-04T06:26:59.999Z,2297.80,2024-02-04T09:35:59.999Z,2300.00,1000.00,-0.96,-0.0957,213.20
3667,SHORT,2024-02-04T14:47:59.999Z,2299.72,2024-02-04T17:05:59.999Z,2304.27,1000.00,-1.98,-0.1979,211.22
3668,SHORT,2024-02-04T17:29:59.999Z,2301.33,2024-02-04T17:34:59.999Z,2303.50,1000.00,-0.94,-0.0943,210.27
3669,SHORT,2024-02-04T18:30:59.999Z,2300.45,2024-02-04T21:01:59.999Z,2304.49,1000.00,-1.76,-0.1756,208.52
3670,SHORT,2024-02-04T22:36:59.999Z,2288.26,2024-02-05T03:24:59.999Z,2286.91,1000.00,0.59,0.0590,209.11
3671,SHORT,2024-02-05T14:46:59.999Z,2325.08,2024-02-05T19:22:59.999Z,2310.60,1000.00,6.23,0.6228,215.34
3672,SHORT,2024-02-05T20:09:59.999Z,2295.60,2024-02-05T23:25:59.999Z,2299.14,1000.00,-1.54,-0.1542,213.79
3673,SHORT,2024-02-06T05:08:59.999Z,2313.59,2024-02-06T07:16:59.999Z,2315.14,1000.00,-0.67,-0.0670,213.12
3674,SHORT,2024-02-06T11:09:59.999Z,2322.63,2024-02-06T12:38:59.999Z,2331.04,1000.00,-3.62,-0.3621,209.50
3675,SHORT,2024-02-06T12:49:59.999Z,2320.65,2024-02-06T13:23:59.999Z,2334.73,1000.00,-6.07,-0.6067,203.44
3676,SHORT,2024-02-06T23:35:59.999Z,2374.00,2024-02-07T00:26:59.999Z,2384.18,1000.00,-4.29,-0.4288,199.15
3677,SHORT,2024-02-07T02:12:59.999Z,2378.17,2024-02-07T09:25:59.999Z,2365.78,1000.00,5.21,0.5210,204.36
3678,SHORT,2024-02-07T10:56:59.999Z,2355.18,2024-02-07T12:32:59.999Z,2367.43,1000.00,-5.20,-0.5201,199.16
3679,SHORT,2024-02-07T15:11:59.999Z,2363.77,2024-02-07T15:31:59.999Z,2374.30,1000.00,-4.45,-0.4455,194.70
3680,SHORT,2024-02-07T15:49:59.999Z,2367.69,2024-02-07T16:05:59.999Z,2373.68,1000.00,-2.53,-0.2530,192.17
3681,SHORT,2024-02-07T23:35:59.999Z,2424.86,2024-02-07T23:37:59.999Z,2426.37,1000.00,-0.62,-0.0623,191.55
3682,SHORT,2024-02-07T23:42:59.999Z,2425.74,2024-02-08T00:24:59.999Z,2431.90,1000.00,-2.54,-0.2539,189.01
3683,SHORT,2024-02-08T04:20:59.999Z,2431.53,2024-02-08T08:49:59.999Z,2425.77,1000.00,2.37,0.2369,191.38
3684,SHORT,2024-02-08T09:21:59.999Z,2422.00,2024-02-08T09:52:59.999Z,2426.42,1000.00,-1.82,-0.1825,189.55
3685,SHORT,2024-02-08T11:05:59.999Z,2421.58,2024-02-08T11:16:59.999Z,2425.82,1000.00,-1.75,-0.1751,187.80
3686,SHORT,2024-02-08T11:22:59.999Z,2423.23,2024-02-08T12:05:59.999Z,2428.71,1000.00,-2.26,-0.2261,185.54
3687,SHORT,2024-02-08T12:24:59.999Z,2422.24,2024-02-08T14:03:59.999Z,2428.03,1000.00,-2.39,-0.2390,183.15
3688,SHORT,2024-02-08T16:50:59.999Z,2421.56,2024-02-08T22:26:59.999Z,2427.76,1000.00,-2.56,-0.2560,180.59
3689,SHORT,2024-02-08T22:31:59.999Z,2426.32,2024-02-09T01:24:59.999Z,2425.49,1000.00,0.34,0.0342,180.93
3690,SHORT,2024-02-09T14:54:59.999Z,2494.61,2024-02-09T17:37:59.999Z,2495.37,1000.00,-0.30,-0.0305,180.63
3691,SHORT,2024-02-09T19:18:59.999Z,2486.34,2024-02-09T21:54:59.999Z,2501.82,1000.00,-6.23,-0.6226,174.40
3692,SHORT,2024-02-09T22:57:59.999Z,2492.77,2024-02-09T23:19:59.999Z,2497.92,1000.00,-2.07,-0.2066,172.34
3693,SHORT,2024-02-09T23:28:59.999Z,2490.89,2024-02-10T01:39:59.999Z,2497.86,1000.00,-2.80,-0.2798,169.54
3694,SHORT,2024-02-10T05:32:59.999Z,2503.21,2024-02-10T06:33:59.999Z,2507.19,1000.00,-1.59,-0.1590,167.95
3695,SHORT,2024-02-10T07:06:59.999Z,2504.65,2024-02-10T12:56:59.999Z,2488.01,1000.00,6.64,0.6644,174.59
3696,SHORT,2024-02-10T13:19:59.999Z,2483.35,2024-02-10T13:41:59.999Z,2490.63,1000.00,-2.93,-0.2932,171.66
3697,SHORT,2024-02-10T17:10:59.999Z,2485.72,2024-02-10T18:39:59.999Z,2491.60,1000.00,-2.37,-0.2366,169.29
3698,SHORT,2024-02-10T22:34:59.999Z,2493.71,2024-02-11T00:56:59.999Z,2501.52,1000.00,-3.13,-0.3132,166.16
3699,SHORT,2024-02-11T09:33:59.999Z,2525.52,2024-02-11T11:38:59.999Z,2526.77,1000.00,-0.49,-0.0495,165.67
3700,SHORT,2024-02-11T13:03:59.999Z,2523.17,2024-02-11T17:14:59.999Z,2517.30,1000.00,2.33,0.2326,167.99
3701,SHORT,2024-02-11T18:02:59.999Z,2508.70,2024-02-11T20:23:59.999Z,2511.84,1000.00,-1.25,-0.1252,166.74
3702,SHORT,2024-02-11T20:42:59.999Z,2501.55,2024-02-11T22:43:59.999Z,2505.90,1000.00,-1.74,-0.1739,165.00
3703,SHORT,2024-02-11T22:53:59.999Z,2500.22,2024-02-12T00:00:59.999Z,2507.49,1000.00,-2.91,-0.2908,162.10
3704,SHORT,2024-02-12T02:41:59.999Z,2504.55,2024-02-12T07:35:59.999Z,2500.76,1000.00,1.51,0.1513,163.61
3705,SHORT,2024-02-12T08:49:59.999Z,2493.32,2024-02-12T12:26:59.999Z,2486.55,1000.00,2.72,0.2715,166.32
3706,SHORT,2024-02-12T12:44:59.999Z,2483.18,2024-02-12T12:57:59.999Z,2489.04,1000.00,-2.36,-0.2360,163.96
3707,SHORT,2024-02-13T02:46:59.999Z,2654.29,2024-02-13T06:05:59.999Z,2652.20,1000.00,0.79,0.0787,164.75
3708,SHORT,2024-02-13T06:37:59.999Z,2647.34,2024-02-13T08:08:59.999Z,2654.15,1000.00,-2.57,-0.2572,162.18
3709,SHORT,2024-02-13T13:31:59.999Z,2660.06,2024-02-13T18:36:59.999Z,2630.01,1000.00,11.30,1.1297,173.48
3710,SHORT,2024-02-13T19:57:59.999Z,2614.28,2024-02-13T20:56:59.999Z,2630.00,1000.00,-6.01,-0.6013,167.46
3711,SHORT,2024-02-13T22:28:59.999Z,2627.47,2024-02-13T22:32:59.999Z,2631.44,1000.00,-1.51,-0.1511,165.95
3712,SHORT,2024-02-13T22:33:59.999Z,2627.59,2024-02-13T22:37:59.999Z,2631.39,1000.00,-1.45,-0.1446,164.51
3713,SHORT,2024-02-14T00:40:59.999Z,2624.30,2024-02-14T02:54:59.999Z,2632.54,1000.00,-3.14,-0.3140,161.37
3714,SHORT,2024-02-14T04:37:59.999Z,2622.41,2024-02-14T05:33:59.999Z,2637.06,1000.00,-5.59,-0.5586,155.78
3715,SHORT,2024-02-14T15:55:59.999Z,2744.83,2024-02-14T18:57:59.999Z,2748.22,1000.00,-1.24,-0.1235,154.54
3716,SHORT,2024-02-15T01:57:59.999Z,2779.51,2024-02-15T02:18:59.999Z,2795.00,1000.00,-5.57,-0.5573,148.97
3717,SHORT,2024-02-15T05:09:59.999Z,2788.77,2024-02-15T09:03:59.999Z,2782.44,1000.00,2.27,0.2270,151.24
3718,SHORT,2024-02-15T12:21:59.999Z,2784.41,2024-02-15T12:29:59.999Z,2794.79,1000.00,-3.73,-0.3728,147.51
3719,SHORT,2024-02-15T17:58:59.999Z,2815.61,2024-02-15T19:55:59.999Z,2835.91,1000.00,-7.21,-0.7210,140.30
3720,SHORT,2024-02-15T21:44:59.999Z,2814.58,2024-02-15T23:31:59.999Z,2823.31,1000.00,-3.10,-0.3102,137.20
3721,SHORT,2024-02-16T04:51:59.999Z,2840.49,2024-02-16T05:49:59.999Z,2845.90,1000.00,-1.90,-0.1905,135.30
3722,SHORT,2024-02-16T06:57:59.999Z,2831.06,2024-02-16T10:54:59.999Z,2825.70,1000.00,1.89,0.1893,137.19
3723,SHORT,2024-02-16T14:16:59.999Z,2816.94,2024-02-16T21:12:59.999Z,2780.60,1000.00,12.90,1.2901,150.09
3724,SHORT,2024-02-17T01:35:59.999Z,2790.87,2024-02-17T03:58:59.999Z,2793.39,1000.00,-0.90,-0.0903,149.19
3725,SHORT,2024-02-17T04:36:59.999Z,2789.28,2024-02-17T04:50:59.999Z,2796.21,1000.00,-2.48,-0.2485,146.70
3726,SHORT,2024-02-17T05:16:59.999Z,2785.79,2024-02-17T07:08:59.999Z,2790.50,1000.00,-1.69,-0.1691,145.01
3727,SHORT,2024-02-17T08:29:59.999Z,2783.03,2024-02-17T11:28:59.999Z,2780.65,1000.00,0.86,0.0855,145.87
3728,SHORT,2024-02-17T12:32:59.999Z,2776.42,2024-02-17T12:49:59.999Z,2785.82,1000.00,-3.39,-0.3386,142.48
3729,SHORT,2024-02-17T13:11:59.999Z,2772.83,2024-02-17T16:56:59.999Z,2754.62,1000.00,6.57,0.6567,149.05
3730,SHORT,2024-02-18T02:00:59.999Z,2779.13,2024-02-18T04:03:59.999Z,2785.99,1000.00,-2.47,-0.2468,146.58
3731,SHORT,2024-02-18T06:44:59.999Z,2784.87,2024-02-18T07:24:59.999Z,2804.37,1000.00,-7.00,-0.7002,139.58
3732,SHORT,2024-02-18T11:17:59.999Z,2799.98,2024-02-18T14:43:59.999Z,2808.81,1000.00,-3.15,-0.3154,136.43
3733,SHORT,2024-02-18T16:29:59.999Z,2797.20,2024-02-18T17:03:59.999Z,2808.36,1000.00,-3.99,-0.3990,132.44
3734,SHORT,2024-02-19T01:35:59.999Z,2862.03,2024-02-19T02:13:59.999Z,2879.37,1000.00,-6.06,-0.6059,126.38
3735,SHORT,2024-02-19T08:56:59.999Z,2906.71,2024-02-19T09:42:59.999Z,2916.00,1000.00,-3.20,-0.3196,123.18
3736,SHORT,2024-02-19T09:59:59.999Z,2907.87,2024-02-19T10:20:59.999Z,2917.45,1000.00,-3.29,-0.3295,119.89
3737,SHORT,2024-02-19T10:23:59.999Z,2909.41,2024-02-19T11:37:59.999Z,2915.10,1000.00,-1.96,-0.1956,117.93
3738,SHORT,2024-02-19T12:03:59.999Z,2906.73,2024-02-19T12:51:59.999Z,2917.44,1000.00,-3.68,-0.3685,114.25
3739,SHORT,2024-02-19T13:01:59.999Z,2905.63,2024-02-19T15:22:59.999Z,2912.37,1000.00,-2.32,-0.2320,111.93
3740,SHORT,2024-02-19T17:13:59.999Z,2898.80,2024-02-19T17:23:59.999Z,2915.41,1000.00,-5.73,-0.5730,106.20
3741,SHORT,2024-02-19T23:50:59.999Z,2938.00,2024-02-20T05:10:59.999Z,2928.02,1000.00,3.40,0.3397,109.59
3742,SHORT,2024-02-20T07:45:59.999Z,2922.10,2024-02-20T10:49:59.999Z,2916.76,1000.00,1.83,0.1827,111.42
3743,SHORT,2024-02-20T14:55:59.999Z,2933.22,2024-02-20T18:51:59.999Z,2927.01,1000.00,2.12,0.2117,113.54
3744,SHORT,2024-02-21T01:38:59.999Z,2995.05,2024-02-21T02:36:59.999Z,3005.91,1000.00,-3.63,-0.3626,109.91
3745,SHORT,2024-02-21T04:38:59.999Z,2995.20,2024-02-21T05:23:59.999Z,3004.01,1000.00,-2.94,-0.2941,106.97
3746,SHORT,2024-02-21T05:26:59.999Z,3000.69,2024-02-21T13:00:59.999Z,2920.01,1000.00,26.89,2.6887,133.86
3747,SHORT,2024-02-21T13:28:59.999Z,2907.40,2024-02-21T15:39:59.999Z,2919.35,1000.00,-4.11,-0.4110,129.75
3748,SHORT,2024-02-21T17:47:59.999Z,2900.81,2024-02-21T19:57:59.999Z,2911.58,1000.00,-3.71,-0.3713,126.04
3749,SHORT,2024-02-21T20:52:59.999Z,2903.11,2024-02-21T21:07:59.999Z,2913.87,1000.00,-3.71,-0.3706,122.33
3750,SHORT,2024-02-22T01:33:59.999Z,2924.10,2024-02-22T03:50:59.999Z,2938.16,1000.00,-4.81,-0.4808,117.52
3751,SHORT,2024-02-22T04:37:59.999Z,2924.54,2024-02-22T05:20:59.999Z,2939.13,1000.00,-4.99,-0.4989,112.53
3752,SHORT,2024-02-22T11:08:59.999Z,2988.44,2024-02-22T15:32:59.999Z,2993.01,1000.00,-1.53,-0.1529,111.00
3753,SHORT,2024-02-22T16:54:59.999Z,2965.71,2024-02-22T17:06:59.999Z,2978.60,1000.00,-4.35,-0.4346,106.66
3754,SHORT,2024-02-22T21:38:59.999Z,2977.79,2024-02-23T00:44:59.999Z,2990.71,1000.00,-4.34,-0.4339,102.32
3755,SHORT,2024-02-23T02:30:59.999Z,2972.35,2024-02-23T06:18:59.999Z,2961.40,1000.00,3.68,0.3684,106.00
3756,SHORT,2024-02-23T06:27:59.999Z,2957.44,2024-02-23T06:35:59.999Z,2960.66,1000.00,-1.09,-0.1089,104.91
3757,SHORT,2024-02-23T07:22:59.999Z,2949.03,2024-02-23T10:33:59.999Z,2940.87,1000.00,2.77,0.2767,107.68
3758,SHORT,2024-02-23T12:22:59.999Z,2935.71,2024-02-23T13:55:59.999Z,2942.19,1000.00,-2.21,-0.2207,105.47
3759,SHORT,2024-02-23T15:18:59.999Z,2922.60,2024-02-23T17:11:59.999Z,2937.77,1000.00,-5.19,-0.5191,100.28
3760,SHORT,2024-02-23T22:19:59.999Z,2940.08,2024-02-24T00:55:59.999Z,2934.74,1000.00,1.82,0.1816,102.10
3761,SHORT,2024-02-24T01:09:59.999Z,2926.99,2024-02-24T03:36:59.999Z,2927.09,1000.00,-0.03,-0.0034,102.06
3762,SHORT,2024-02-24T12:39:59.999Z,2954.36,2024-02-24T13:20:59.999Z,2963.24,1000.00,-3.01,-0.3006,99.06
3763,SHORT,2024-02-24T14:46:59.999Z,2955.81,2024-02-24T16:15:59.999Z,2962.52,1000.00,-2.27,-0.2270,96.79
3764,SHORT,2024-02-24T21:41:59.999Z,2981.58,2024-02-24T21:54:59.999Z,2987.80,1000.00,-2.09,-0.2086,94.70
3765,SHORT,2024-02-25T00:34:59.999Z,2984.98,2024-02-25T00:51:59.999Z,2992.35,1000.00,-2.47,-0.2469,92.23
3766,SHORT,2024-02-25T08:54:59.999Z,3016.39,2024-02-25T11:10:59.999Z,3029.46,1000.00,-4.33,-0.4333,87.90
3767,SHORT,2024-02-25T16:09:59.999Z,3043.61,2024-02-25T17:32:59.999Z,3048.95,1000.00,-1.75,-0.1754,86.15
3768,SHORT,2024-02-26T01:57:59.999Z,3105.34,2024-02-26T05:00:59.999Z,3104.70,1000.00,0.21,0.0206,86.35
3769,SHORT,2024-02-26T05:28:59.999Z,3097.07,2024-02-26T05:36:59.999Z,3106.05,1000.00,-2.90,-0.2900,83.45
3770,SHORT,2024-02-26T07:35:59.999Z,3097.48,2024-02-26T13:13:59.999Z,3072.29,1000.00,8.13,0.8132,91.58
3771,SHORT,2024-02-26T23:29:59.999Z,3170.91,2024-02-27T00:12:59.999Z,3178.40,1000.00,-2.36,-0.2362,89.22
3772,SHORT,2024-02-27T00:22:59.999Z,3169.87,2024-02-27T01:25:59.999Z,3179.94,1000.00,-3.18,-0.3177,86.05
3773,SHORT,2024-02-27T04:58:59.999Z,3207.66,2024-02-27T06:02:59.999Z,3224.59,1000.00,-5.28,-0.5278,80.77
3774,SHORT,2024-02-27T07:39:59.999Z,3216.65,2024-02-27T08:19:59.999Z,3229.66,1000.00,-4.04,-0.4045,76.72
3775,SHORT,2024-02-27T14:49:59.999Z,3246.19,2024-02-27T19:15:59.999Z,3246.70,1000.00,-0.16,-0.0157,76.57
3776,SHORT,2024-02-27T23:15:59.999Z,3241.61,2024-02-28T00:50:59.999Z,3253.46,1000.00,-3.66,-0.3656,72.91
3777,SHORT,2024-02-28T01:38:59.999Z,3237.37,2024-02-28T03:49:59.999Z,3245.70,1000.00,-2.57,-0.2573,70.34
3778,SHORT,2024-02-28T11:55:59.999Z,3297.20,2024-02-28T13:19:59.999Z,3334.17,1000.00,-11.21,-1.1213,59.12
3779,SHORT,2024-02-28T17:47:59.999Z,3338.80,2024-02-28T21:40:59.999Z,3324.28,1000.00,4.35,0.4349,63.47
3780,SHORT,2024-02-29T09:34:59.999Z,3459.52,2024-02-29T10:50:59.999Z,3475.34,1000.00,-4.57,-0.4573,58.90
3781,SHORT,2024-02-29T12:41:59.999Z,3468.02,2024-02-29T13:53:59.999Z,3487.00,1000.00,-5.47,-0.5473,53.43
3782,SHORT,2024-02-29T14:50:59.999Z,3456.83,2024-02-29T15:35:59.999Z,3481.03,1000.00,-7.00,-0.7001,46.43
3783,SHORT,2024-02-29T15:41:59.999Z,3471.87,2024-02-29T20:29:59.999Z,3413.05,1000.00,16.94,1.6942,63.37
3784,SHORT,2024-02-29T21:03:59.999Z,3381.48,2024-03-01T00:22:59.999Z,3363.19,1000.00,5.41,0.5409,68.78
3785,SHORT,2024-03-01T03:24:59.999Z,3359.28,2024-03-01T03:52:59.999Z,3375.68,1000.00,-4.88,-0.4882,63.90
3786,SHORT,2024-03-01T07:45:59.999Z,3367.95,2024-03-01T08:30:59.999Z,3396.84,1000.00,-8.58,-0.8578,55.32
3787,SHORT,2024-03-01T11:27:59.999Z,3404.40,2024-03-01T11:48:59.999Z,3413.01,1000.00,-2.53,-0.2529,52.79
3788,SHORT,2024-03-01T14:48:59.999Z,3405.14,2024-03-01T17:36:59.999Z,3417.75,1000.00,-3.70,-0.3703,49.09
3789,SHORT,2024-03-02T01:39:59.999Z,3432.15,2024-03-02T01:49:59.999Z,3439.54,1000.00,-2.15,-0.2153,46.93
3790,SHORT,2024-03-02T01:50:59.999Z,3434.64,2024-03-02T01:54:59.999Z,3439.59,1000.00,-1.44,-0.1441,45.49
3791,SHORT,2024-03-02T02:06:59.999Z,3431.02,2024-03-02T03:43:59.999Z,3443.33,1000.00,-3.59,-0.3588,41.90
3792,SHORT,2024-03-02T04:31:59.999Z,3432.63,2024-03-02T06:29:59.999Z,3448.40,1000.00,-4.59,-0.4594,37.31
3793,SHORT,2024-03-02T07:44:59.999Z,3429.28,2024-03-02T12:24:59.999Z,3419.11,1000.00,2.97,0.2966,40.27
3794,SHORT,2024-03-02T14:03:59.999Z,3399.28,2024-03-02T15:17:59.999Z,3416.62,1000.00,-5.10,-0.5101,35.17
3795,SHORT,2024-03-02T20:17:59.999Z,3407.21,2024-03-02T23:26:59.999Z,3419.61,1000.00,-3.64,-0.3639,31.53
3796,SHORT,2024-03-03T02:35:59.999Z,3411.66,2024-03-03T03:23:59.999Z,3425.72,1000.00,-4.12,-0.4121,27.41
3797,SHORT,2024-03-03T05:51:59.999Z,3423.01,2024-03-03T09:38:59.999Z,3411.11,1000.00,3.48,0.3476,30.89
3798,SHORT,2024-03-03T10:10:59.999Z,3397.65,2024-03-03T10:28:59.999Z,3408.20,1000.00,-3.11,-0.3105,27.78
3799,SHORT,2024-03-03T10:57:59.999Z,3400.26,2024-03-03T11:22:59.999Z,3407.53,1000.00,-2.14,-0.2138,25.65
3800,SHORT,2024-03-04T01:51:59.999Z,3478.01,2024-03-04T02:40:59.999Z,3492.21,1000.00,-4.08,-0.4083,21.56
3801,SHORT,2024-03-04T03:13:59.999Z,3476.11,2024-03-04T04:51:59.999Z,3482.99,1000.00,-1.98,-0.1979,19.58
3802,SHORT,2024-03-04T05:18:59.999Z,3472.00,2024-03-04T07:43:59.999Z,3481.20,1000.00,-2.65,-0.2650,16.93
3803,SHORT,2024-03-04T10:45:59.999Z,3496.00,2024-03-04T12:33:59.999Z,3505.06,1000.00,-2.59,-0.2592,14.34
3804,SHORT,2024-03-04T13:59:59.999Z,3490.12,2024-03-04T14:43:59.999Z,3539.06,1000.00,-14.02,-1.4022,0.32
3805,SHORT,2024-03-04T21:25:59.999Z,3559.08,2024-03-04T22:07:59.999Z,3585.35,1000.00,-7.38,-0.7381,-7.06
3806,SHORT,2024-03-04T22:34:59.999Z,3570.99,2024-03-04T22:37:59.999Z,3580.44,1000.00,-2.65,-0.2646,-9.71
3807,SHORT,2024-03-05T03:08:59.999Z,3620.19,2024-03-05T03:22:59.999Z,3634.92,1000.00,-4.07,-0.4069,-13.78
3808,SHORT,2024-03-05T07:51:59.999Z,3692.59,2024-03-05T10:25:59.999Z,3700.30,1000.00,-2.09,-0.2088,-15.86
3809,SHORT,2024-03-05T16:12:59.999Z,3690.67,2024-03-05T23:18:59.999Z,3525.74,1000.00,44.69,4.4688,28.83
3810,SHORT,2024-03-06T01:53:59.999Z,3532.24,2024-03-06T03:52:59.999Z,3548.13,1000.00,-4.50,-0.4499,24.33
3811,SHORT,2024-03-06T12:54:59.999Z,3818.63,2024-03-06T14:10:59.999Z,3859.01,1000.00,-10.57,-1.0574,13.75
3812,SHORT,2024-03-06T14:44:59.999Z,3791.92,2024-03-06T17:37:59.999Z,3810.05,1000.00,-4.78,-0.4781,8.97
3813,SHORT,2024-03-06T21:36:59.999Z,3836.12,2024-03-07T00:53:59.999Z,3844.61,1000.00,-2.21,-0.2213,6.76
3814,SHORT,2024-03-07T01:05:59.999Z,3798.11,2024-03-07T07:39:59.999Z,3796.51,1000.00,0.42,0.0421,7.18
3815,SHORT,2024-03-07T09:56:59.999Z,3782.25,2024-03-07T10:12:59.999Z,3795.54,1000.00,-3.51,-0.3514,3.67
3816,SHORT,2024-03-07T10:41:59.999Z,3777.41,2024-03-07T11:02:59.999Z,3805.08,1000.00,-7.33,-0.7325,-3.66
3817,SHORT,2024-03-07T11:25:59.999Z,3776.64,2024-03-07T12:14:59.999Z,3795.44,1000.00,-4.98,-0.4978,-8.64
3818,SHORT,2024-03-07T12:48:59.999Z,3776.68,2024-03-07T13:48:59.999Z,3801.03,1000.00,-6.45,-0.6447,-15.09
3819,SHORT,2024-03-07T21:51:59.999Z,3861.40,2024-03-07T22:18:59.999Z,3880.38,1000.00,-4.92,-0.4915,-20.00
3820,SHORT,2024-03-07T22:20:59.999Z,3876.42,2024-03-08T00:25:59.999Z,3888.40,1000.00,-3.09,-0.3090,-23.09
3821,SHORT,2024-03-08T04:35:59.999Z,3895.89,2024-03-08T06:41:59.999Z,3899.80,1000.00,-1.00,-0.1004,-24.09
3822,SHORT,2024-03-08T15:38:59.999Z,3909.96,2024-03-08T17:42:59.999Z,3945.80,1000.00,-9.17,-0.9166,-33.26
3823,SHORT,2024-03-08T19:09:59.999Z,3921.78,2024-03-08T20:09:59.999Z,3941.73,1000.00,-5.09,-0.5087,-38.35
3824,SHORT,2024-03-08T21:40:59.999Z,3915.78,2024-03-09T01:30:59.999Z,3906.34,1000.00,2.41,0.2411,-35.94
3825,SHORT,2024-03-09T09:08:59.999Z,3926.96,2024-03-09T13:03:59.999Z,3917.42,1000.00,2.43,0.2429,-33.51
3826,SHORT,2024-03-09T13:20:59.999Z,3910.37,2024-03-09T13:28:59.999Z,3914.87,1000.00,-1.15,-0.1151,-34.66
3827,SHORT,2024-03-09T15:00:59.999Z,3908.08,2024-03-09T15:39:59.999Z,3919.81,1000.00,-3.00,-0.3001,-37.66
3828,SHORT,2024-03-09T16:05:59.999Z,3904.64,2024-03-09T20:39:59.999Z,3899.81,1000.00,1.24,0.1237,-36.42
3829,SHORT,2024-03-10T06:30:59.999Z,3931.59,2024-03-10T06:45:59.999Z,3939.01,1000.00,-1.89,-0.1887,-38.31
3830,SHORT,2024-03-10T09:30:59.999Z,3936.15,2024-03-10T09:59:59.999Z,3945.57,1000.00,-2.39,-0.2393,-40.70
3831,SHORT,2024-03-10T10:48:59.999Z,3936.82,2024-03-10T16:34:59.999Z,3921.45,1000.00,3.90,0.3904,-36.80
3832,SHORT,2024-03-10T18:50:59.999Z,3900.38,2024-03-11T00:03:59.999Z,3877.64,1000.00,5.83,0.5830,-30.97
3833,SHORT,2024-03-11T00:37:59.999Z,3855.19,2024-03-11T03:14:59.999Z,3860.46,1000.00,-1.37,-0.1367,-32.34
3834,SHORT,2024-03-11T06:02:59.999Z,3846.89,2024-03-11T06:58:59.999Z,3879.26,1000.00,-8.41,-0.8415,-40.75
3835,SHORT,2024-03-11T15:03:59.999Z,4030.93,2024-03-11T15:07:59.999Z,4043.83,1000.00,-3.20,-0.3200,-43.95
3836,SHORT,2024-03-11T15:47:59.999Z,4028.66,2024-03-11T16:53:59.999Z,4037.99,1000.00,-2.32,-0.2316,-46.27
3837,SHORT,2024-03-11T19:55:59.999Z,4038.04,2024-03-11T21:36:59.999Z,4051.13,1000.00,-3.24,-0.3242,-49.51
3838,SHORT,2024-03-12T01:26:59.999Z,4063.41,2024-03-12T11:07:59.999Z,4019.77,1000.00,10.74,1.0740,-38.77
3839,SHORT,2024-03-12T12:23:59.999Z,3996.02,2024-03-12T12:53:59.999Z,4020.79,1000.00,-6.20,-0.6199,-44.97
3840,SHORT,2024-03-12T14:18:59.999Z,3992.69,2024-03-12T18:42:59.999Z,3953.20,1000.00,9.89,0.9891,-35.08
3841,SHORT,2024-03-12T20:37:59.999Z,3952.08,2024-03-12T23:23:59.999Z,3961.41,1000.00,-2.36,-0.2361,-37.44
3842,SHORT,2024-03-13T10:10:59.999Z,4050.24,2024-03-13T11:04:59.999Z,4054.01,1000.00,-0.93,-0.0931,-38.37
3843,SHORT,2024-03-13T11:51:59.999Z,4048.57,2024-03-13T18:25:59.999Z,3988.71,1000.00,14.79,1.4785,-23.58
3844,SHORT,2024-03-13T20:47:59.999Z,3976.43,2024-03-13T21:50:59.999Z,3992.75,1000.00,-4.10,-0.4104,-27.69
3845,SHORT,2024-03-13T22:34:59.999Z,3981.92,2024-03-13T23:12:59.999Z,4008.00,1000.00,-6.55,-0.6550,-34.24
3846,SHORT,2024-03-14T00:50:59.999Z,3977.80,2024-03-14T02:29:59.999Z,3996.02,1000.00,-4.58,-0.4580,-38.82
3847,SHORT,2024-03-14T04:33:59.999Z,3978.99,2024-03-14T06:24:59.999Z,3987.81,1000.00,-2.22,-0.2217,-41.03
3848,SHORT,2024-03-14T07:28:59.999Z,3963.81,2024-03-14T08:33:59.999Z,3977.97,1000.00,-3.57,-0.3572,-44.61
3849,SHORT,2024-03-14T10:53:59.999Z,3971.00,2024-03-14T20:41:59.999Z,3859.36,1000.00,28.11,2.8114,-16.49
3850,SHORT,2024-03-15T02:10:59.999Z,3877.00,2024-03-15T06:47:59.999Z,3737.30,1000.00,36.03,3.6033,19.54
3851,SHORT,2024-03-15T08:35:59.999Z,3704.44,2024-03-15T12:21:59.999Z,3686.49,1000.00,4.85,0.4846,24.39
3852,SHORT,2024-03-15T15:50:59.999Z,3693.18,2024-03-15T18:04:59.999Z,3699.81,1000.00,-1.80,-0.1795,22.59
3853,SHORT,2024-03-15T20:04:59.999Z,3671.64,2024-03-15T22:39:59.999Z,3692.88,1000.00,-5.78,-0.5785,16.81
3854,SHORT,2024-03-16T02:34:59.999Z,3730.45,2024-03-16T07:06:59.999Z,3731.11,1000.00,-0.18,-0.0177,16.63
3855,SHORT,2024-03-16T09:03:59.999Z,3720.66,2024-03-16T15:59:59.999Z,3679.55,1000.00,11.05,1.1049,27.68
3856,SHORT,2024-03-16T16:49:59.999Z,3664.61,2024-03-17T02:05:59.999Z,3557.88,1000.00,29.12,2.9125,56.80
3857,SHORT,2024-03-17T05:04:59.999Z,3556.80,2024-03-17T05:08:59.999Z,3567.01,1000.00,-2.87,-0.2871,53.93
3858,SHORT,2024-03-17T05:33:59.999Z,3555.66,2024-03-17T08:44:59.999Z,3538.70,1000.00,4.77,0.4770,58.70
3859,SHORT,2024-03-17T12:48:59.999Z,3550.78,2024-03-17T13:56:59.999Z,3577.97,1000.00,-7.66,-0.7657,51.04
3860,SHORT,2024-03-17T21:47:59.999Z,3628.99,2024-03-17T22:06:59.999Z,3640.40,1000.00,-3.14,-0.3144,47.90
3861,SHORT,2024-03-17T23:32:59.999Z,3634.47,2024-03-18T04:45:59.999Z,3622.99,1000.00,3.16,0.3159,51.06
3862,SHORT,2024-03-18T08:10:59.999Z,3609.54,2024-03-18T11:24:59.999Z,3601.21,1000.00,2.31,0.2308,53.37
3863,SHORT,2024-03-18T13:06:59.999Z,3585.67,2024-03-18T16:40:59.999Z,3545.41,1000.00,11.23,1.1228,64.59
3864,SHORT,2024-03-18T16:49:59.999Z,3520.46,2024-03-18T20:40:59.999Z,3505.24,1000.00,4.32,0.4323,68.92
3865,SHORT,2024-03-19T00:42:59.999Z,3486.02,2024-03-19T12:09:59.999Z,3289.29,1000.00,56.43,5.6434,125.35
3866,SHORT,2024-03-19T14:10:59.999Z,3238.93,2024-03-19T15:42:59.999Z,3307.99,1000.00,-21.32,-2.1322,104.03
3867,SHORT,2024-03-19T20:19:59.999Z,3287.38,2024-03-20T02:37:59.999Z,3214.76,1000.00,22.09,2.2091,126.12
3868,SHORT,2024-03-20T04:02:59.999Z,3176.85,2024-03-20T07:11:59.999Z,3162.41,1000.00,4.55,0.4545,130.67
3869,SHORT,2024-03-20T15:49:59.999Z,3301.98,2024-03-20T18:03:59.999Z,3320.69,1000.00,-5.67,-0.5666,125.00
3870,SHORT,2024-03-21T03:54:59.999Z,3500.40,2024-03-21T06:17:59.999Z,3520.52,1000.00,-5.75,-0.5748,119.25
3871,SHORT,2024-03-21T10:37:59.999Z,3528.39,2024-03-21T11:01:59.999Z,3547.08,1000.00,-5.30,-0.5297,113.95
3872,SHORT,2024-03-21T11:25:59.999Z,3528.52,2024-03-21T12:16:59.999Z,3545.99,1000.00,-4.95,-0.4951,109.00
3873,SHORT,2024-03-21T13:53:59.999Z,3535.01,2024-03-21T14:26:59.999Z,3548.00,1000.00,-3.67,-0.3675,105.33
3874,SHORT,2024-03-21T14:43:59.999Z,3535.16,2024-03-21T17:07:59.999Z,3543.48,1000.00,-2.35,-0.2354,102.98
3875,SHORT,2024-03-21T17:27:59.999Z,3492.28,2024-03-21T20:30:59.999Z,3476.01,1000.00,4.66,0.4659,107.63
3876,SHORT,2024-03-22T01:50:59.999Z,3478.21,2024-03-22T03:26:59.999Z,3495.38,1000.00,-4.94,-0.4936,102.70
3877,SHORT,2024-03-22T08:07:59.999Z,3516.95,2024-03-22T08:16:59.999Z,3522.10,1000.00,-1.46,-0.1464,101.23
3878,SHORT,2024-03-22T08:25:59.999Z,3510.74,2024-03-22T18:06:59.999Z,3348.59,1000.00,46.19,4.6187,147.42
3879,SHORT,2024-03-22T18:16:59.999Z,3326.00,2024-03-22T18:40:59.999Z,3356.61,1000.00,-9.20,-0.9203,138.22
3880,SHORT,2024-03-22T19:22:59.999Z,3330.39,2024-03-22T19:40:59.999Z,3348.16,1000.00,-5.34,-0.5336,132.88
3881,SHORT,2024-03-22T19:45:59.999Z,3330.85,2024-03-22T19:48:59.999Z,3345.98,1000.00,-4.54,-0.4542,128.34
3882,SHORT,2024-03-22T20:13:59.999Z,3316.98,2024-03-22T23:33:59.999Z,3309.55,1000.00,2.24,0.2240,130.58
3883,SHORT,2024-03-23T03:22:59.999Z,3307.84,2024-03-23T04:40:59.999Z,3330.00,1000.00,-6.70,-0.6699,123.88
3884,SHORT,2024-03-23T09:10:59.999Z,3333.00,2024-03-23T10:05:59.999Z,3360.89,1000.00,-8.37,-0.8368,115.51
3885,SHORT,2024-03-23T13:38:59.999Z,3351.50,2024-03-23T14:01:59.999Z,3368.96,1000.00,-5.21,-0.5210,110.30
3886,SHORT,2024-03-23T19:34:59.999Z,3395.20,2024-03-24T05:51:59.999Z,3333.26,1000.00,18.24,1.8243,128.55
3887,SHORT,2024-03-24T06:05:59.999Z,3322.44,2024-03-24T06:13:59.999Z,3331.51,1000.00,-2.73,-0.2730,125.82
3888,SHORT,2024-03-24T06:33:59.999Z,3320.89,2024-03-24T07:49:59.999Z,3332.18,1000.00,-3.40,-0.3400,122.42
3889,SHORT,2024-03-24T16:42:59.999Z,3391.47,2024-03-24T18:43:59.999Z,3390.70,1000.00,0.23,0.0227,122.64
3890,SHORT,2024-03-25T00:52:59.999Z,3428.51,2024-03-25T01:16:59.999Z,3442.00,1000.00,-3.93,-0.3935,118.71
3891,SHORT,2024-03-25T01:21:59.999Z,3427.50,2024-03-25T02:35:59.999Z,3442.96,1000.00,-4.51,-0.4511,114.20
3892,SHORT,2024-03-25T07:21:59.999Z,3464.10,2024-03-25T10:13:59.999Z,3469.12,1000.00,-1.45,-0.1449,112.75
3893,SHORT,2024-03-25T11:04:59.999Z,3450.94,2024-03-25T12:43:59.999Z,3451.49,1000.00,-0.16,-0.0159,112.59
3894,SHORT,2024-03-25T13:19:59.999Z,3438.30,2024-03-25T13:54:59.999Z,3466.01,1000.00,-8.06,-0.8059,104.53
3895,SHORT,2024-03-25T21:17:59.999Z,3598.91,2024-03-25T23:14:59.999Z,3618.87,1000.00,-5.55,-0.5546,98.98
3896,SHORT,2024-03-25T23:28:59.999Z,3601.61,2024-03-26T01:16:59.999Z,3617.90,1000.00,-4.52,-0.4523,94.46
3897,SHORT,2024-03-26T10:51:59.999Z,3649.47,2024-03-26T18:08:59.999Z,3588.89,1000.00,16.60,1.6600,111.06
3898,SHORT,2024-03-26T19:06:59.999Z,3564.59,2024-03-26T21:18:59.999Z,3579.21,1000.00,-4.10,-0.4101,106.96
3899,SHORT,2024-03-27T00:14:59.999Z,3581.97,2024-03-27T00:29:59.999Z,3594.95,1000.00,-3.62,-0.3624,103.34
3900,SHORT,2024-03-27T04:14:59.999Z,3597.80,2024-03-27T05:48:59.999Z,3607.21,1000.00,-2.62,-0.2615,100.72
3901,SHORT,2024-03-27T07:09:59.999Z,3598.63,2024-03-27T10:35:59.999Z,3582.64,1000.00,4.44,0.4443,105.16
3902,SHORT,2024-03-27T12:49:59.999Z,3576.36,2024-03-27T13:01:59.999Z,3589.28,1000.00,-3.61,-0.3613,101.55
3903,SHORT,2024-03-27T14:03:59.999Z,3536.85,2024-03-27T20:29:59.999Z,3508.47,1000.00,8.02,0.8024,109.58
3904,SHORT,2024-03-27T23:28:59.999Z,3502.56,2024-03-28T00:23:59.999Z,3524.80,1000.00,-6.35,-0.6350,103.23
3905,SHORT,2024-03-28T01:30:59.999Z,3494.19,2024-03-28T04:15:59.999Z,3506.02,1000.00,-3.39,-0.3386,99.84
3906,SHORT,2024-03-28T12:25:59.999Z,3576.51,2024-03-28T13:38:59.999Z,3582.81,1000.00,-1.76,-0.1761,98.08
3907,SHORT,2024-03-28T15:40:59.999Z,3573.94,2024-03-28T19:24:59.999Z,3568.12,1000.00,1.63,0.1628,99.71
3908,SHORT,2024-03-28T20:12:59.999Z,3555.17,2024-03-28T21:15:59.999Z,3571.67,1000.00,-4.64,-0.4641,95.07
3909,SHORT,2024-03-28T22:05:59.999Z,3555.52,2024-03-28T23:08:59.999Z,3568.61,1000.00,-3.68,-0.3682,91.38
3910,SHORT,2024-03-29T00:08:59.999Z,3558.42,2024-03-29T01:10:59.999Z,3572.30,1000.00,-3.90,-0.3901,87.48
3911,SHORT,2024-03-29T02:19:59.999Z,3558.81,2024-03-29T04:30:59.999Z,3575.92,1000.00,-4.81,-0.4808,82.68
3912,SHORT,2024-03-29T05:40:59.999Z,3559.03,2024-03-29T06:43:59.999Z,3570.47,1000.00,-3.21,-0.3214,79.46
3913,SHORT,2024-03-29T07:37:59.999Z,3549.32,2024-03-29T11:00:59.999Z,3553.01,1000.00,-1.04,-0.1040,78.42
3914,SHORT,2024-03-29T12:35:59.999Z,3542.01,2024-03-29T13:43:59.999Z,3554.01,1000.00,-3.39,-0.3388,75.03
3915,SHORT,2024-03-29T15:14:59.999Z,3540.57,2024-03-29T20:08:59.999Z,3499.47,1000.00,11.61,1.1608,86.64
3916,SHORT,2024-03-29T21:12:59.999Z,3492.19,2024-03-29T21:14:59.999Z,3497.04,1000.00,-1.39,-0.1389,85.25
3917,SHORT,2024-03-29T21:15:59.999Z,3494.13,2024-03-29T22:25:59.999Z,3503.11,1000.00,-2.57,-0.2570,82.68
3918,SHORT,2024-03-30T02:20:59.999Z,3502.39,2024-03-30T05:02:59.999Z,3519.00,1000.00,-4.74,-0.4742,77.94
3919,SHORT,2024-03-30T06:13:59.999Z,3498.15,2024-03-30T09:09:59.999Z,3505.79,1000.00,-2.18,-0.2184,75.76
3920,SHORT,2024-03-30T14:47:59.999Z,3536.99,2024-03-30T15:15:59.999Z,3545.10,1000.00,-2.29,-0.2293,73.46
3921,SHORT,2024-03-30T15:29:59.999Z,3538.55,2024-03-31T00:16:59.999Z,3515.69,1000.00,6.46,0.6460,79.92
3922,SHORT,2024-03-31T09:54:59.999Z,3604.99,2024-03-31T12:06:59.999Z,3609.26,1000.00,-1.18,-0.1184,78.74
3923,SHORT,2024-03-31T15:33:59.999Z,3616.00,2024-03-31T16:10:59.999Z,3623.80,1000.00,-2.16,-0.2157,76.58
3924,SHORT,2024-03-31T21:40:59.999Z,3620.66,2024-03-31T22:33:59.999Z,3636.82,1000.00,-4.46,-0.4463,72.12
3925,SHORT,2024-03-31T22:45:59.999Z,3630.42,2024-03-31T23:11:59.999Z,3640.40,1000.00,-2.75,-0.2749,69.37
3926,SHORT,2024-04-01T00:38:59.999Z,3626.72,2024-04-01T11:08:59.999Z,3549.41,1000.00,21.32,2.1317,90.69
3927,SHORT,2024-04-01T11:47:59.999Z,3539.99,2024-04-01T12:22:59.999Z,3551.85,1000.00,-3.35,-0.3350,87.34
3928,SHORT,2024-04-01T14:21:59.999Z,3543.22,2024-04-01T19:26:59.999Z,3472.39,1000.00,19.99,1.9990,107.33
3929,SHORT,2024-04-02T00:35:59.999Z,3480.05,2024-04-02T06:55:59.999Z,3384.55,1000.00,27.44,2.7442,134.77
3930,SHORT,2024-04-02T07:50:59.999Z,3367.99,2024-04-02T14:44:59.999Z,3312.51,1000.00,16.47,1.6473,151.24
3931,SHORT,2024-04-02T14:58:59.999Z,3292.50,2024-04-02T15:09:59.999Z,3307.09,1000.00,-4.43,-0.4431,146.81
3932,SHORT,2024-04-02T15:25:59.999Z,3296.10,2024-04-02T18:47:59.999Z,3274.90,1000.00,6.43,0.6432,153.24
3933,SHORT,2024-04-02T21:09:59.999Z,3261.60,2024-04-02T22:33:59.999Z,3281.55,1000.00,-6.12,-0.6117,147.13
3934,SHORT,2024-04-03T00:26:59.999Z,3262.00,2024-04-03T01:38:59.999Z,3281.92,1000.00,-6.11,-0.6107,141.02
3935,SHORT,2024-04-03T05:49:59.999Z,3293.99,2024-04-03T06:32:59.999Z,3307.58,1000.00,-4.13,-0.4126,136.89
3936,SHORT,2024-04-03T08:07:59.999Z,3294.01,2024-04-03T08:33:59.999Z,3325.23,1000.00,-9.48,-0.9478,127.42
3937,SHORT,2024-04-03T10:50:59.999Z,3314.41,2024-04-03T14:04:59.999Z,3347.00,1000.00,-9.83,-0.9833,117.58
3938,SHORT,2024-04-03T17:33:59.999Z,3316.60,2024-04-03T22:07:59.999Z,3321.38,1000.00,-1.44,-0.1441,116.14
3939,SHORT,2024-04-04T02:10:59.999Z,3313.19,2024-04-04T05:41:59.999Z,3290.76,1000.00,6.77,0.6770,122.91
3940,SHORT,2024-04-04T19:10:59.999Z,3369.20,2024-04-05T04:00:59.999Z,3306.53,1000.00,18.60,1.8601,141.51
3941,SHORT,2024-04-05T04:45:59.999Z,3286.20,2024-04-05T07:39:59.999Z,3286.90,1000.00,-0.21,-0.0213,141.30
3942,SHORT,2024-04-05T09:07:59.999Z,3267.81,2024-04-05T13:43:59.999Z,3277.60,1000.00,-3.00,-0.2996,138.30
3943,SHORT,2024-04-05T22:12:59.999Z,3326.42,2024-04-06T00:42:59.999Z,3332.16,1000.00,-1.73,-0.1726,136.58
3944,SHORT,2024-04-06T01:51:59.999Z,3319.79,2024-04-06T03:09:59.999Z,3327.29,1000.00,-2.26,-0.2259,134.32
3945,SHORT,2024-04-06T04:49:59.999Z,3322.87,2024-04-06T04:53:59.999Z,3330.00,1000.00,-2.15,-0.2146,132.17
3946,SHORT,2024-04-06T07:32:59.999Z,3328.56,2024-04-06T08:55:59.999Z,3343.00,1000.00,-4.34,-0.4338,127.83
3947,SHORT,2024-04-06T10:37:59.999Z,3333.41,2024-04-06T10:43:59.999Z,3337.59,1000.00,-1.25,-0.1254,126.58
3948,SHORT,2024-04-06T11:30:59.999Z,3331.21,2024-04-06T14:47:59.999Z,3331.60,1000.00,-0.12,-0.0117,126.46
3949,SHORT,2024-04-07T00:11:59.999Z,3357.50,2024-04-07T01:14:59.999Z,3367.20,1000.00,-2.89,-0.2889,123.57
3950,SHORT,2024-04-07T06:50:59.999Z,3382.25,2024-04-07T07:34:59.999Z,3390.19,1000.00,-2.35,-0.2348,121.23
3951,SHORT,2024-04-07T09:35:59.999Z,3382.43,2024-04-07T10:42:59.999Z,3391.99,1000.00,-2.83,-0.2826,118.40
3952,SHORT,2024-04-07T12:22:59.999Z,3385.80,2024-04-07T12:41:59.999Z,3393.99,1000.00,-2.42,-0.2419,115.98
3953,SHORT,2024-04-07T15:47:59.999Z,3388.60,2024-04-07T16:30:59.999Z,3403.75,1000.00,-4.47,-0.4471,111.51
3954,SHORT,2024-04-07T17:02:59.999Z,3389.58,2024-04-07T20:14:59.999Z,3392.95,1000.00,-0.99,-0.0994,110.52
3955,SHORT,2024-04-08T01:57:59.999Z,3424.91,2024-04-08T02:28:59.999Z,3434.19,1000.00,-2.71,-0.2710,107.81
3956,SHORT,2024-04-08T02:51:59.999Z,3418.99,2024-04-08T05:15:59.999Z,3429.64,1000.00,-3.11,-0.3115,104.69
3957,SHORT,2024-04-08T15:55:59.999Z,3627.16,2024-04-08T16:06:59.999Z,3637.79,1000.00,-2.93,-0.2931,101.76
3958,SHORT,2024-04-09T01:06:59.999Z,3677.99,2024-04-09T02:26:59.999Z,3718.21,1000.00,-10.94,-1.0935,90.83
3959,SHORT,2024-04-09T03:55:59.999Z,3695.44,2024-04-09T05:08:59.999Z,3696.57,1000.00,-0.31,-0.0306,90.52
3960,SHORT,2024-04-09T05:09:59.999Z,3690.79,2024-04-09T05:29:59.999Z,3697.81,1000.00,-1.90,-0.1902,88.62
3961,SHORT,2024-04-09T05:35:59.999Z,3694.15,2024-04-09T11:40:59.999Z,3637.70,1000.00,15.28,1.5281,103.90
3962,SHORT,2024-04-09T11:52:59.999Z,3625.60,2024-04-09T12:05:59.999Z,3640.02,1000.00,-3.98,-0.3977,99.92
3963,SHORT,2024-04-09T12:13:59.999Z,3629.06,2024-04-09T12:52:59.999Z,3640.41,1000.00,-3.13,-0.3128,96.79
3964,SHORT,2024-04-09T13:04:59.999Z,3628.21,2024-04-09T19:52:59.999Z,3513.99,1000.00,31.48,3.1481,128.28
3965,SHORT,2024-04-09T21:10:59.999Z,3504.33,2024-04-09T22:36:59.999Z,3520.83,1000.00,-4.71,-0.4708,123.57
3966,SHORT,2024-04-09T23:15:59.999Z,3502.19,2024-04-10T00:23:59.999Z,3516.80,1000.00,-4.17,-0.4172,119.40
3967,SHORT,2024-04-10T00:56:59.999Z,3505.74,2024-04-10T02:05:59.999Z,3527.52,1000.00,-6.21,-0.6213,113.18
3968,SHORT,2024-04-10T02:46:59.999Z,3484.19,2024-04-10T04:03:59.999Z,3508.99,1000.00,-7.12,-0.7118,106.06
3969,SHORT,2024-04-10T08:10:59.999Z,3515.58,2024-04-10T11:40:59.999Z,3519.79,1000.00,-1.20,-0.1198,104.87
3970,SHORT,2024-04-10T11:41:59.999Z,3515.57,2024-04-10T11:45:59.999Z,3519.59,1000.00,-1.14,-0.1143,103.72
3971,SHORT,2024-04-10T11:54:59.999Z,3516.00,2024-04-10T11:58:59.999Z,3520.80,1000.00,-1.37,-0.1365,102.36
3972,SHORT,2024-04-10T12:12:59.999Z,3509.01,2024-04-10T14:45:59.999Z,3499.70,1000.00,2.65,0.2653,105.01
3973,SHORT,2024-04-10T18:57:59.999Z,3493.15,2024-04-10T19:37:59.999Z,3506.21,1000.00,-3.74,-0.3739,101.27
3974,SHORT,2024-04-10T21:35:59.999Z,3502.35,2024-04-10T22:02:59.999Z,3523.34,1000.00,-5.99,-0.5993,95.28
3975,SHORT,2024-04-11T09:58:59.999Z,3581.77,2024-04-11T17:54:59.999Z,3515.77,1000.00,18.43,1.8427,113.71
3976,SHORT,2024-04-11T18:18:59.999Z,3505.00,2024-04-11T19:39:59.999Z,3513.67,1000.00,-2.47,-0.2474,111.23
3977,SHORT,2024-04-11T21:32:59.999Z,3503.08,2024-04-12T00:16:59.999Z,3515.19,1000.00,-3.46,-0.3457,107.78
3978,SHORT,2024-04-12T02:02:59.999Z,3504.61,2024-04-12T02:12:59.999Z,3517.00,1000.00,-3.54,-0.3535,104.24
3979,SHORT,2024-04-12T06:34:59.999Z,3529.60,2024-04-12T10:59:59.999Z,3530.20,1000.00,-0.17,-0.0170,104.07
3980,SHORT,2024-04-12T12:28:59.999Z,3516.20,2024-04-12T23:52:59.999Z,3243.10,1000.00,77.67,7.7669,181.74
3981,SHORT,2024-04-13T00:19:59.999Z,3223.26,2024-04-13T03:24:59.999Z,3212.00,1000.00,3.49,0.3493,185.23
3982,SHORT,2024-04-13T12:25:59.999Z,3264.05,2024-04-13T12:35:59.999Z,3283.84,1000.00,-6.06,-0.6063,179.17
3983,SHORT,2024-04-13T14:03:59.999Z,3266.62,2024-04-13T15:33:59.999Z,3287.43,1000.00,-6.37,-0.6370,172.80
3984,SHORT,2024-04-13T16:15:59.999Z,3258.47,2024-04-13T23:06:59.999Z,3053.20,1000.00,63.00,6.2996,235.80
3985,SHORT,2024-04-14T00:23:59.999Z,2961.19,2024-04-14T02:04:59.999Z,2999.10,1000.00,-12.80,-1.2802,222.99
3986,SHORT,2024-04-14T02:12:59.999Z,2982.64,2024-04-14T04:18:59.999Z,3006.16,1000.00,-7.89,-0.7886,215.11
3987,SHORT,2024-04-14T09:17:59.999Z,3058.95,2024-04-14T12:53:59.999Z,3055.04,1000.00,1.28,0.1278,216.39
3988,SHORT,2024-04-14T13:03:59.999Z,3037.99,2024-04-14T13:06:59.999Z,3049.59,1000.00,-3.82,-0.3818,212.57
3989,SHORT,2024-04-14T13:53:59.999Z,3032.02,2024-04-14T15:18:59.999Z,3050.37,1000.00,-6.05,-0.6052,206.52
3990,SHORT,2024-04-14T17:24:59.999Z,2989.02,2024-04-14T18:13:59.999Z,3079.95,1000.00,-30.42,-3.0421,176.09
3991,SHORT,2024-04-14T21:03:59.999Z,3064.28,2024-04-14T22:04:59.999Z,3120.00,1000.00,-18.18,-1.8184,157.91
3992,SHORT,2024-04-15T00:54:59.999Z,3114.36,2024-04-15T02:06:59.999Z,3133.46,1000.00,-6.13,-0.6133,151.78
3993,SHORT,2024-04-15T11:45:59.999Z,3234.99,2024-04-15T22:31:59.999Z,3110.10,1000.00,38.61,3.8606,190.38
3994,SHORT,2024-04-16T00:00:59.999Z,3095.81,2024-04-16T01:30:59.999Z,3117.17,1000.00,-6.90,-0.6900,183.48
3995,SHORT,2024-04-16T01:53:59.999Z,3076.32,2024-04-16T03:08:59.999Z,3104.00,1000.00,-9.00,-0.8998,174.49
3996,SHORT,2024-04-16T03:30:59.999Z,3080.06,2024-04-16T06:25:59.999Z,3069.87,1000.00,3.31,0.3308,177.79
3997,SHORT,2024-04-16T09:58:59.999Z,3076.45,2024-04-16T11:58:59.999Z,3092.94,1000.00,-5.36,-0.5360,172.43
3998,SHORT,2024-04-16T13:47:59.999Z,3050.27,2024-04-16T14:17:59.999Z,3084.29,1000.00,-11.15,-1.1153,161.28
3999,SHORT,2024-04-16T14:31:59.999Z,3060.43,2024-04-16T17:11:59.999Z,3063.64,1000.00,-1.05,-0.1049,160.23
4000,SHORT,2024-04-17T00:18:59.999Z,3078.79,2024-04-17T00:48:59.999Z,3097.24,1000.00,-5.99,-0.5993,154.24
4001,SHORT,2024-04-17T01:17:59.999Z,3073.61,2024-04-17T01:29:59.999Z,3093.22,1000.00,-6.38,-0.6380,147.86
4002,SHORT,2024-04-17T02:30:59.999Z,3081.70,2024-04-17T03:11:59.999Z,3093.14,1000.00,-3.71,-0.3712,144.15
4003,SHORT,2024-04-17T06:01:59.999Z,3083.80,2024-04-17T17:51:59.999Z,2992.19,1000.00,29.71,2.9707,173.85
4004,SHORT,2024-04-17T20:41:59.999Z,2998.79,2024-04-17T22:49:59.999Z,3002.34,1000.00,-1.18,-0.1184,172.67
4005,SHORT,2024-04-17T23:26:59.999Z,2986.00,2024-04-18T01:12:59.999Z,3005.01,1000.00,-6.37,-0.6366,166.30
4006,SHORT,2024-04-18T05:38:59.999Z,3002.85,2024-04-18T09:07:59.999Z,2990.95,1000.00,3.96,0.3963,170.27
4007,SHORT,2024-04-18T17:25:59.999Z,3053.40,2024-04-18T19:18:59.999Z,3058.79,1000.00,-1.77,-0.1765,168.50
4008,SHORT,2024-04-19T00:03:59.999Z,3059.89,2024-04-19T04:03:59.999Z,2987.00,1000.00,23.82,2.3821,192.32
4009,SHORT,2024-04-19T13:13:59.999Z,3083.44,2024-04-19T18:18:59.999Z,3079.22,1000.00,1.37,0.1369,193.69
4010,SHORT,2024-04-19T18:50:59.999Z,3072.71,2024-04-19T18:58:59.999Z,3078.32,1000.00,-1.83,-0.1826,191.87
4011,SHORT,2024-04-19T20:56:59.999Z,3076.18,2024-04-19T21:07:59.999Z,3088.27,1000.00,-3.93,-0.3930,187.94
4012,SHORT,2024-04-19T22:50:59.999Z,3079.30,2024-04-20T02:46:59.999Z,3060.21,1000.00,6.20,0.6199,194.13
4013,SHORT,2024-04-20T03:18:59.999Z,3050.72,2024-04-20T03:21:59.999Z,3054.99,1000.00,-1.40,-0.1400,192.74
4014,SHORT,2024-04-20T03:39:59.999Z,3051.30,2024-04-20T04:02:59.999Z,3054.74,1000.00,-1.13,-0.1127,191.61
4015,SHORT,2024-04-20T04:17:59.999Z,3051.31,2024-04-20T04:29:59.999Z,3059.19,1000.00,-2.58,-0.2582,189.03
4016,SHORT,2024-04-20T08:06:59.999Z,3054.60,2024-04-20T11:32:59.999Z,3048.90,1000.00,1.87,0.1866,190.89
4017,SHORT,2024-04-20T22:57:59.999Z,3145.06,2024-04-20T23:21:59.999Z,3158.60,1000.00,-4.31,-0.4305,186.59
4018,SHORT,2024-04-21T00:15:59.999Z,3145.82,2024-04-21T01:36:59.999Z,3151.00,1000.00,-1.65,-0.1647,184.94
4019,SHORT,2024-04-21T07:37:59.999Z,3168.85,2024-04-21T07:55:59.999Z,3183.02,1000.00,-4.47,-0.4472,180.47
4020,SHORT,2024-04-21T08:54:59.999Z,3171.45,2024-04-21T11:13:59.999Z,3176.59,1000.00,-1.62,-0.1621,178.85
4021,SHORT,2024-04-21T11:33:59.999Z,3161.67,2024-04-21T12:13:59.999Z,3172.43,1000.00,-3.40,-0.3403,175.44
4022,SHORT,2024-04-21T12:20:59.999Z,3168.87,2024-04-21T15:48:59.999Z,3159.16,1000.00,3.06,0.3064,178.51
4023,SHORT,2024-04-21T16:05:59.999Z,3143.74,2024-04-21T19:01:59.999Z,3147.29,1000.00,-1.13,-0.1129,177.38
4024,SHORT,2024-04-21T20:07:59.999Z,3140.59,2024-04-21T21:04:59.999Z,3157.78,1000.00,-5.47,-0.5473,171.91
4025,SHORT,2024-04-21T23:23:59.999Z,3144.79,2024-04-22T00:13:59.999Z,3162.85,1000.00,-5.74,-0.5743,166.16
4026,SHORT,2024-04-22T01:04:59.999Z,3148.80,2024-04-22T01:16:59.999Z,3160.87,1000.00,-3.83,-0.3833,162.33
4027,SHORT,2024-04-22T01:54:59.999Z,3140.01,2024-04-22T03:12:59.999Z,3161.60,1000.00,-6.88,-0.6876,155.45
4028,SHORT,2024-04-22T08:11:59.999Z,3196.60,2024-04-22T08:22:59.999Z,3217.02,1000.00,-6.39,-0.6388,149.07
4029,SHORT,2024-04-22T08:55:59.999Z,3203.61,2024-04-22T09:20:59.999Z,3211.40,1000.00,-2.43,-0.2432,146.63
4030,SHORT,2024-04-22T11:07:59.999Z,3204.39,2024-04-22T17:18:59.999Z,3193.69,1000.00,3.34,0.3339,149.97
4031,SHORT,2024-04-22T19:18:59.999Z,3191.61,2024-04-22T20:38:59.999Z,3193.20,1000.00,-0.50,-0.0498,149.47
4032,SHORT,2024-04-22T20:47:59.999Z,3190.45,2024-04-22T21:43:59.999Z,3198.00,1000.00,-2.37,-0.2366,147.11
4033,SHORT,2024-04-23T02:52:59.999Z,3202.12,2024-04-23T10:22:59.999Z,3173.60,1000.00,8.91,0.8907,156.02
4034,SHORT,2024-04-23T11:48:59.999Z,3169.80,2024-04-23T11:52:59.999Z,3176.73,1000.00,-2.19,-0.2186,153.83
4035,SHORT,2024-04-23T18:52:59.999Z,3223.70,2024-04-23T22:23:59.999Z,3216.61,1000.00,2.20,0.2199,156.03
4036,SHORT,2024-04-23T23:07:59.999Z,3206.63,2024-04-23T23:26:59.999Z,3217.99,1000.00,-3.54,-0.3543,152.49
4037,SHORT,2024-04-24T08:19:59.999Z,3249.35,2024-04-24T08:31:59.999Z,3259.25,1000.00,-3.05,-0.3047,149.44
4038,SHORT,2024-04-24T08:53:59.999Z,3249.19,2024-04-24T10:04:59.999Z,3264.30,1000.00,-4.65,-0.4650,144.79
4039,SHORT,2024-04-24T13:13:59.999Z,3258.09,2024-04-24T22:08:59.999Z,3148.58,1000.00,33.61,3.3612,178.40
4040,SHORT,2024-04-24T22:22:59.999Z,3140.97,2024-04-25T00:13:59.999Z,3147.84,1000.00,-2.19,-0.2187,176.21
4041,SHORT,2024-04-25T03:21:59.999Z,3144.11,2024-04-25T04:58:59.999Z,3155.26,1000.00,-3.55,-0.3546,172.67
4042,SHORT,2024-04-25T05:25:59.999Z,3144.35,2024-04-25T05:32:59.999Z,3155.28,1000.00,-3.48,-0.3476,169.19
4043,SHORT,2024-04-25T07:31:59.999Z,3149.25,2024-04-25T12:18:59.999Z,3127.61,1000.00,6.87,0.6871,176.06
4044,SHORT,2024-04-25T12:58:59.999Z,3111.20,2024-04-25T13:58:59.999Z,3124.65,1000.00,-4.32,-0.4323,171.74
4045,SHORT,2024-04-25T22:34:59.999Z,3164.00,2024-04-26T02:20:59.999Z,3161.20,1000.00,0.88,0.0885,172.62
4046,SHORT,2024-04-26T03:07:59.999Z,3147.59,2024-04-26T03:18:59.999Z,3152.59,1000.00,-1.59,-0.1589,171.04
4047,SHORT,2024-04-26T03:26:59.999Z,3146.56,2024-04-26T05:57:59.999Z,3150.62,1000.00,-1.29,-0.1290,169.74
4048,SHORT,2024-04-26T07:00:59.999Z,3136.56,2024-04-26T09:07:59.999Z,3144.21,1000.00,-2.44,-0.2439,167.31
4049,SHORT,2024-04-26T10:42:59.999Z,3135.60,2024-04-26T12:35:59.999Z,3145.72,1000.00,-3.23,-0.3227,164.08
4050,SHORT,2024-04-26T12:54:59.999Z,3119.99,2024-04-26T14:00:59.999Z,3141.60,1000.00,-6.93,-0.6926,157.15
4051,SHORT,2024-04-26T15:02:59.999Z,3133.47,2024-04-26T17:28:59.999Z,3133.60,1000.00,-0.04,-0.0041,157.11
4052,SHORT,2024-04-26T22:30:59.999Z,3126.62,2024-04-27T02:42:59.999Z,3116.39,1000.00,3.27,0.3272,160.38
4053,SHORT,2024-04-27T05:55:59.999Z,3116.20,2024-04-27T06:14:59.999Z,3123.89,1000.00,-2.47,-0.2468,157.91
4054,SHORT,2024-04-27T08:10:59.999Z,3120.00,2024-04-27T10:26:59.999Z,3121.00,1000.00,-0.32,-0.0321,157.59
4055,SHORT,2024-04-27T10:33:59.999Z,3118.01,2024-04-27T11:30:59.999Z,3125.24,1000.00,-2.32,-0.2319,155.28
4056,SHORT,2024-04-28T09:27:59.999Z,3310.82,2024-04-28T13:21:59.999Z,3316.20,1000.00,-1.62,-0.1625,153.65
4057,SHORT,2024-04-28T19:49:59.999Z,3318.74,2024-04-29T10:21:59.999Z,3189.63,1000.00,38.90,3.8903,192.55
4058,SHORT,2024-04-29T10:59:59.999Z,3175.88,2024-04-29T14:42:59.999Z,3170.30,1000.00,1.76,0.1757,194.31
4059,SHORT,2024-04-29T16:57:59.999Z,3158.01,2024-04-29T17:34:59.999Z,3172.71,1000.00,-4.65,-0.4655,189.66
4060,SHORT,2024-04-29T18:43:59.999Z,3163.84,2024-04-29T18:58:59.999Z,3176.29,1000.00,-3.94,-0.3935,185.72
4061,SHORT,2024-04-29T19:20:59.999Z,3167.30,2024-04-29T19:50:59.999Z,3173.97,1000.00,-2.11,-0.2106,183.62
4062,SHORT,2024-04-29T21:24:59.999Z,3171.18,2024-04-29T22:02:59.999Z,3179.75,1000.00,-2.70,-0.2702,180.91
4063,SHORT,2024-04-30T01:57:59.999Z,3195.02,2024-04-30T15:06:59.999Z,3025.92,1000.00,52.93,5.2926,233.84
4064,SHORT,2024-04-30T15:08:59.999Z,3009.89,2024-04-30T21:09:59.999Z,2981.39,1000.00,9.47,0.9469,243.31
4065,SHORT,2024-05-01T01:08:59.999Z,2991.60,2024-05-01T01:37:59.999Z,3009.12,1000.00,-5.86,-0.5856,237.45
4066,SHORT,2024-05-01T02:07:59.999Z,2993.61,2024-05-01T03:48:59.999Z,2998.34,1000.00,-1.58,-0.1580,235.87
4067,SHORT,2024-05-01T05:31:59.999Z,2990.79,2024-05-01T11:21:59.999Z,2896.00,1000.00,31.69,3.1694,267.57
4068,SHORT,2024-05-01T11:31:59.999Z,2884.61,2024-05-01T11:53:59.999Z,2897.48,1000.00,-4.46,-0.4462,263.10
4069,SHORT,2024-05-01T13:42:59.999Z,2894.96,2024-05-01T16:35:59.999Z,2902.29,1000.00,-2.53,-0.2532,260.57
4070,SHORT,2024-05-01T16:47:59.999Z,2884.52,2024-05-01T17:39:59.999Z,2900.43,1000.00,-5.52,-0.5516,255.06
4071,SHORT,2024-05-01T20:15:59.999Z,2925.36,2024-05-01T20:46:59.999Z,2947.80,1000.00,-7.67,-0.7671,247.39
4072,SHORT,2024-05-02T00:41:59.999Z,2952.24,2024-05-02T04:20:59.999Z,2934.43,1000.00,6.03,0.6033,253.42
4073,SHORT,2024-05-02T04:53:59.999Z,2921.61,2024-05-02T07:16:59.999Z,2931.00,1000.00,-3.21,-0.3214,250.20
4074,SHORT,2024-05-02T13:51:59.999Z,2965.21,2024-05-02T14:43:59.999Z,2992.60,1000.00,-9.24,-0.9237,240.97
4075,SHORT,2024-05-02T17:04:59.999Z,2980.59,2024-05-02T17:17:59.999Z,2992.60,1000.00,-4.03,-0.4029,236.94
4076,SHORT,2024-05-02T18:26:59.999Z,2980.00,2024-05-02T18:43:59.999Z,2993.49,1000.00,-4.53,-0.4527,232.41
4077,SHORT,2024-05-02T20:41:59.999Z,2985.51,2024-05-02T21:10:59.999Z,2993.59,1000.00,-2.71,-0.2706,229.70
4078,SHORT,2024-05-02T23:21:59.999Z,2989.61,2024-05-03T01:15:59.999Z,3001.59,1000.00,-4.01,-0.4007,225.70
4079,SHORT,2024-05-03T04:42:59.999Z,3001.58,2024-05-03T10:04:59.999Z,2984.82,1000.00,5.58,0.5584,231.28
4080,SHORT,2024-05-03T10:13:59.999Z,2978.63,2024-05-03T10:20:59.999Z,2983.81,1000.00,-1.74,-0.1739,229.54
4081,SHORT,2024-05-03T10:22:59.999Z,2981.20,2024-05-03T12:31:59.999Z,2996.07,1000.00,-4.99,-0.4988,224.55
4082,SHORT,2024-05-03T19:12:59.999Z,3064.19,2024-05-03T19:47:59.999Z,3071.71,1000.00,-2.45,-0.2454,222.10
4083,SHORT,2024-05-04T02:08:59.999Z,3098.46,2024-05-04T03:31:59.999Z,3111.39,1000.00,-4.17,-0.4173,217.93
4084,SHORT,2024-05-04T06:55:59.999Z,3107.63,2024-05-04T09:02:59.999Z,3110.41,1000.00,-0.89,-0.0895,217.03
4085,SHORT,2024-05-04T09:44:59.999Z,3102.00,2024-05-04T10:33:59.999Z,3114.40,1000.00,-4.00,-0.3997,213.03
4086,SHORT,2024-05-04T13:44:59.999Z,3125.85,2024-05-04T17:14:59.999Z,3130.19,1000.00,-1.39,-0.1388,211.65
4087,SHORT,2024-05-04T17:18:59.999Z,3123.59,2024-05-04T18:38:59.999Z,3131.00,1000.00,-2.37,-0.2372,209.27
4088,SHORT,2024-05-04T19:04:59.999Z,3123.40,2024-05-04T19:48:59.999Z,3126.67,1000.00,-1.05,-0.1047,208.23
4089,SHORT,2024-05-04T21:31:59.999Z,3126.90,2024-05-05T00:29:59.999Z,3120.75,1000.00,1.97,0.1967,210.19
4090,SHORT,2024-05-05T00:31:59.999Z,3117.12,2024-05-05T05:09:59.999Z,3095.79,1000.00,6.84,0.6843,217.04
4091,SHORT,2024-05-05T05:39:59.999Z,3087.18,2024-05-05T06:32:59.999Z,3092.58,1000.00,-1.75,-0.1749,215.29
4092,SHORT,2024-05-05T14:24:59.999Z,3132.90,2024-05-05T14:45:59.999Z,3147.00,1000.00,-4.50,-0.4501,210.79
4093,SHORT,2024-05-05T18:05:59.999Z,3143.81,2024-05-05T23:28:59.999Z,3146.15,1000.00,-0.74,-0.0744,210.04
4094,SHORT,2024-05-06T02:58:59.999Z,3133.57,2024-05-06T05:04:59.999Z,3144.94,1000.00,-3.63,-0.3628,206.41
4095,SHORT,2024-05-06T10:37:59.999Z,3176.59,2024-05-06T20:44:59.999Z,3078.12,1000.00,31.00,3.0999,237.41
4096,SHORT,2024-05-06T23:15:59.999Z,3073.79,2024-05-07T01:14:59.999Z,3078.68,1000.00,-1.59,-0.1591,235.82
4097,SHORT,2024-05-07T03:26:59.999Z,3058.01,2024-05-07T05:51:59.999Z,3070.59,1000.00,-4.11,-0.4114,231.71
4098,SHORT,2024-05-07T06:14:59.999Z,3063.32,2024-05-07T06:46:59.999Z,3071.20,1000.00,-2.57,-0.2572,229.14
4099,SHORT,2024-05-07T11:07:59.999Z,3098.46,2024-05-07T11:18:59.999Z,3104.41,1000.00,-1.92,-0.1920,227.22
4100,SHORT,2024-05-07T11:24:59.999Z,3097.44,2024-05-07T15:04:59.999Z,3096.80,1000.00,0.21,0.0207,227.42
4101,SHORT,2024-05-07T15:59:59.999Z,3071.41,2024-05-07T16:10:59.999Z,3078.11,1000.00,-2.18,-0.2181,225.24
4102,SHORT,2024-05-07T16:16:59.999Z,3070.77,2024-05-07T21:27:59.999Z,3058.49,1000.00,4.00,0.3999,229.24
4103,SHORT,2024-05-07T21:35:59.999Z,3049.59,2024-05-08T02:07:59.999Z,3028.39,1000.00,6.95,0.6952,236.19
4104,SHORT,2024-05-08T04:38:59.999Z,3016.81,2024-05-08T06:05:59.999Z,3026.92,1000.00,-3.35,-0.3351,232.84
4105,SHORT,2024-05-08T06:14:59.999Z,3019.26,2024-05-08T10:30:59.999Z,3008.41,1000.00,3.59,0.3594,236.43
4106,SHORT,2024-05-08T11:13:59.999Z,2991.06,2024-05-08T13:17:59.999Z,3012.50,1000.00,-7.17,-0.7168,229.27
4107,SHORT,2024-05-08T15:24:59.999Z,2986.01,2024-05-08T16:57:59.999Z,3014.20,1000.00,-9.44,-0.9441,219.82
4108,SHORT,2024-05-08T19:16:59.999Z,3006.03,2024-05-08T23:59:59.999Z,2974.21,1000.00,10.59,1.0585,230.41
4109,SHORT,2024-05-09T07:10:59.999Z,2996.74,2024-05-09T12:07:59.999Z,2980.33,1000.00,5.48,0.5476,235.89
4110,SHORT,2024-05-09T13:44:59.999Z,2964.80,2024-05-09T14:39:59.999Z,2985.00,1000.00,-6.81,-0.6813,229.07
4111,SHORT,2024-05-10T00:33:59.999Z,3025.85,2024-05-10T01:44:59.999Z,3032.82,1000.00,-2.30,-0.2303,226.77
4112,SHORT,2024-05-10T03:01:59.999Z,3027.87,2024-05-10T04:29:59.999Z,3033.50,1000.00,-1.86,-0.1859,224.91
4113,SHORT,2024-05-10T05:16:59.999Z,3025.14,2024-05-10T06:02:59.999Z,3033.00,1000.00,-2.60,-0.2598,222.31
4114,SHORT,2024-05-10T08:35:59.999Z,3034.34,2024-05-10T12:01:59.999Z,3039.97,1000.00,-1.86,-0.1855,220.46
4115,SHORT,2024-05-10T12:47:59.999Z,3025.38,2024-05-10T22:12:59.999Z,2905.32,1000.00,39.68,3.9684,260.14
4116,SHORT,2024-05-10T22:37:59.999Z,2898.96,2024-05-10T22:50:59.999Z,2904.64,1000.00,-1.96,-0.1959,258.18
4117,SHORT,2024-05-11T03:38:59.999Z,2906.80,2024-05-11T05:16:59.999Z,2917.42,1000.00,-3.65,-0.3654,254.53
4118,SHORT,2024-05-11T08:19:59.999Z,2912.15,2024-05-11T13:48:59.999Z,2910.00,1000.00,0.74,0.0738,255.27
4119,SHORT,2024-05-11T14:42:59.999Z,2903.59,2024-05-11T15:07:59.999Z,2913.80,1000.00,-3.52,-0.3516,251.75
4120,SHORT,2024-05-11T20:30:59.999Z,2917.56,2024-05-12T00:32:59.999Z,2921.80,1000.00,-1.45,-0.1453,250.30
4121,SHORT,2024-05-12T01:32:59.999Z,2915.11,2024-05-12T02:49:59.999Z,2923.57,1000.00,-2.90,-0.2902,247.39
4122,SHORT,2024-05-12T06:40:59.999Z,2919.00,2024-05-12T10:02:59.999Z,2917.08,1000.00,0.66,0.0658,248.05
4123,SHORT,2024-05-12T15:05:59.999Z,2930.00,2024-05-12T15:06:59.999Z,2931.46,1000.00,-0.50,-0.0498,247.55
4124,SHORT,2024-05-12T15:13:59.999Z,2928.01,2024-05-12T15:27:59.999Z,2932.79,1000.00,-1.63,-0.1633,245.92
4125,SHORT,2024-05-12T17:29:59.999Z,2932.20,2024-05-12T17:51:59.999Z,2940.35,1000.00,-2.78,-0.2779,243.14
4126,SHORT,2024-05-12T18:37:59.999Z,2931.12,2024-05-12T22:10:59.999Z,2931.31,1000.00,-0.06,-0.0065,243.08
4127,SHORT,2024-05-13T01:19:59.999Z,2917.95,2024-05-13T06:37:59.999Z,2895.79,1000.00,7.59,0.7594,250.67
4128,SHORT,2024-05-13T14:40:59.999Z,2960.41,2024-05-13T16:27:59.999Z,2971.19,1000.00,-3.64,-0.3641,247.03
4129,SHORT,2024-05-13T17:15:59.999Z,2954.54,2024-05-13T19:38:59.999Z,2957.17,1000.00,-0.89,-0.0890,246.14
4130,SHORT,2024-05-13T21:52:59.999Z,2947.76,2024-05-14T00:12:59.999Z,2954.61,1000.00,-2.32,-0.2324,243.82
4131,SHORT,2024-05-14T00:55:59.999Z,2946.45,2024-05-14T01:12:59.999Z,2953.63,1000.00,-2.44,-0.2437,241.38
4132,SHORT,2024-05-14T01:57:59.999Z,2944.40,2024-05-14T02:54:59.999Z,2950.94,1000.00,-2.22,-0.2221,239.16
4133,SHORT,2024-05-14T03:01:59.999Z,2947.06,2024-05-14T03:26:59.999Z,2950.59,1000.00,-1.20,-0.1198,237.96
4134,SHORT,2024-05-14T03:27:59.999Z,2948.00,2024-05-14T12:16:59.999Z,2916.40,1000.00,10.72,1.0719,248.68
4135,SHORT,2024-05-14T12:31:59.999Z,2897.00,2024-05-14T15:28:59.999Z,2913.30,1000.00,-5.63,-0.5627,243.05
4136,SHORT,2024-05-14T15:46:59.999Z,2895.21,2024-05-14T19:19:59.999Z,2892.55,1000.00,0.92,0.0919,243.97
4137,SHORT,2024-05-14T21:30:59.999Z,2888.81,2024-05-14T21:38:59.999Z,2897.21,1000.00,-2.91,-0.2908,241.06
4138,SHORT,2024-05-14T22:44:59.999Z,2891.28,2024-05-15T02:03:59.999Z,2889.99,1000.00,0.45,0.0446,241.51
4139,SHORT,2024-05-15T09:02:59.999Z,2903.00,2024-05-15T09:48:59.999Z,2924.29,1000.00,-7.33,-0.7334,234.18
4140,SHORT,2024-05-15T11:12:59.999Z,2900.98,2024-05-15T12:32:59.999Z,2942.54,1000.00,-14.33,-1.4326,219.85
4141,SHORT,2024-05-16T01:28:59.999Z,3017.25,2024-05-16T06:22:59.999Z,3017.25,1000.00,0.00,0.0000,219.85
4142,SHORT,2024-05-16T08:35:59.999Z,3007.62,2024-05-16T19:37:59.999Z,2952.50,1000.00,18.33,1.8327,238.18
4143,SHORT,2024-05-16T19:38:59.999Z,2950.00,2024-05-16T23:43:59.999Z,2943.99,1000.00,2.04,0.2037,240.21
4144,SHORT,2024-05-17T05:02:59.999Z,2946.95,2024-05-17T05:09:59.999Z,2949.94,1000.00,-1.01,-0.1015,239.20
4145,SHORT,2024-05-17T05:18:59.999Z,2947.22,2024-05-17T06:48:59.999Z,2954.83,1000.00,-2.58,-0.2582,236.62
4146,SHORT,2024-05-17T18:01:59.999Z,3082.71,2024-05-17T20:28:59.999Z,3087.31,1000.00,-1.49,-0.1492,235.13
4147,SHORT,2024-05-18T05:05:59.999Z,3101.03,2024-05-18T07:26:59.999Z,3107.80,1000.00,-2.18,-0.2183,232.94
4148,SHORT,2024-05-18T12:53:59.999Z,3122.20,2024-05-18T16:28:59.999Z,3121.01,1000.00,0.38,0.0381,233.32
4149,SHORT,2024-05-18T16:56:59.999Z,3109.59,2024-05-18T17:05:59.999Z,3116.21,1000.00,-2.13,-0.2129,231.19
4150,SHORT,2024-05-18T17:48:59.999Z,3110.27,2024-05-18T18:03:59.999Z,3117.34,1000.00,-2.27,-0.2273,228.92
4151,SHORT,2024-05-18T18:20:59.999Z,3110.94,2024-05-18T19:35:59.999Z,3114.51,1000.00,-1.15,-0.1148,227.77
4152,SHORT,2024-05-18T21:36:59.999Z,3114.55,2024-05-18T22:27:59.999Z,3119.42,1000.00,-1.56,-0.1564,226.21
4153,SHORT,2024-05-19T00:51:59.999Z,3113.84,2024-05-19T02:12:59.999Z,3122.00,1000.00,-2.62,-0.2621,223.59
4154,SHORT,2024-05-19T04:23:59.999Z,3117.69,2024-05-19T10:31:59.999Z,3114.89,1000.00,0.90,0.0898,224.49
4155,SHORT,2024-05-19T11:03:59.999Z,3098.20,2024-05-19T18:18:59.999Z,3075.40,1000.00,7.36,0.7359,231.85
4156,SHORT,2024-05-19T18:25:59.999Z,3072.15,2024-05-19T19:26:59.999Z,3078.11,1000.00,-1.94,-0.1940,229.91
4157,SHORT,2024-05-19T19:49:59.999Z,3061.77,2024-05-19T20:16:59.999Z,3078.85,1000.00,-5.58,-0.5578,224.33
4158,SHORT,2024-05-19T21:29:59.999Z,3069.19,2024-05-19T22:21:59.999Z,3077.99,1000.00,-2.87,-0.2867,221.46
4159,SHORT,2024-05-19T23:27:59.999Z,3068.52,2024-05-20T00:46:59.999Z,3074.81,1000.00,-2.05,-0.2050,219.41
4160,SHORT,2024-05-20T01:20:59.999Z,3067.41,2024-05-20T02:01:59.999Z,3078.80,1000.00,-3.71,-0.3713,215.70
4161,SHORT,2024-05-20T06:50:59.999Z,3098.00,2024-05-20T08:40:59.999Z,3105.01,1000.00,-2.26,-0.2263,213.44
4162,SHORT,2024-05-20T10:02:59.999Z,3094.15,2024-05-20T10:10:59.999Z,3104.37,1000.00,-3.30,-0.3303,210.13
4163,SHORT,2024-05-20T10:18:59.999Z,3097.64,2024-05-20T10:24:59.999Z,3107.61,1000.00,-3.22,-0.3219,206.91
4164,SHORT,2024-05-20T11:49:59.999Z,3097.74,2024-05-20T15:19:59.999Z,3104.00,1000.00,-2.02,-0.2021,204.89
4165,SHORT,2024-05-21T04:59:59.999Z,3658.55,2024-05-21T06:36:59.999Z,3677.19,1000.00,-5.09,-0.5095,199.80
4166,SHORT,2024-05-21T07:15:59.999Z,3657.00,2024-05-21T07:24:59.999Z,3668.51,1000.00,-3.15,-0.3147,196.65
4167,SHORT,2024-05-21T08:02:59.999Z,3658.51,2024-05-21T09:18:59.999Z,3665.56,1000.00,-1.93,-0.1927,194.72
4168,SHORT,2024-05-21T17:06:59.999Z,3770.72,2024-05-21T20:49:59.999Z,3749.56,1000.00,5.61,0.5612,200.33
4169,SHORT,2024-05-22T04:22:59.999Z,3779.34,2024-05-22T08:46:59.999Z,3770.01,1000.00,2.47,0.2469,202.80
4170,SHORT,2024-05-22T09:09:59.999Z,3740.88,2024-05-22T14:41:59.999Z,3722.45,1000.00,4.93,0.4927,207.73
4171,SHORT,2024-05-22T18:04:59.999Z,3729.60,2024-05-22T19:48:59.999Z,3741.32,1000.00,-3.14,-0.3142,204.59
4172,SHORT,2024-05-22T20:04:59.999Z,3734.94,2024-05-22T20:06:59.999Z,3741.00,1000.00,-1.62,-0.1623,202.97
4173,SHORT,2024-05-22T22:57:59.999Z,3741.56,2024-05-23T00:30:59.999Z,3755.24,1000.00,-3.66,-0.3656,199.31
4174,SHORT,2024-05-23T05:57:59.999Z,3767.00,2024-05-23T06:50:59.999Z,3796.99,1000.00,-7.96,-0.7961,191.35
4175,SHORT,2024-05-23T13:22:59.999Z,3835.00,2024-05-23T17:36:59.999Z,3823.99,1000.00,2.87,0.2871,194.22
4176,SHORT,2024-05-23T17:52:59.999Z,3799.76,2024-05-23T19:40:59.999Z,3810.22,1000.00,-2.75,-0.2753,191.47
4177,SHORT,2024-05-23T20:01:59.999Z,3674.07,2024-05-23T21:08:59.999Z,3843.89,1000.00,-46.22,-4.6221,145.24
4178,SHORT,2024-05-23T23:24:59.999Z,3774.80,2024-05-24T00:46:59.999Z,3817.60,1000.00,-11.34,-1.1338,133.91
4179,SHORT,2024-05-24T04:08:59.999Z,3799.19,2024-05-24T04:10:59.999Z,3804.53,1000.00,-1.41,-0.1406,132.50
4180,SHORT,2024-05-24T04:26:59.999Z,3799.41,2024-05-24T04:40:59.999Z,3808.19,1000.00,-2.31,-0.2311,130.19
4181,SHORT,2024-05-24T05:27:59.999Z,3799.00,2024-05-24T10:26:59.999Z,3689.20,1000.00,28.90,2.8902,159.09
4182,SHORT,2024-05-24T13:56:59.999Z,3687.20,2024-05-24T14:34:59.999Z,3722.15,1000.00,-9.48,-0.9479,149.61
4183,SHORT,2024-05-24T15:58:59.999Z,3695.05,2024-05-24T17:45:59.999Z,3706.20,1000.00,-3.02,-0.3018,146.60
4184,SHORT,2024-05-24T23:30:59.999Z,3727.41,2024-05-25T02:27:59.999Z,3727.00,1000.00,0.11,0.0110,146.71
4185,SHORT,2024-05-25T02:42:59.999Z,3721.80,2024-05-25T02:47:59.999Z,3728.37,1000.00,-1.77,-0.1765,144.94
4186,SHORT,2024-05-25T06:55:59.999Z,3747.12,2024-05-25T07:22:59.999Z,3756.00,1000.00,-2.37,-0.2370,142.57
4187,SHORT,2024-05-25T07:38:59.999Z,3747.30,2024-05-25T09:49:59.999Z,3751.42,1000.00,-1.10,-0.1099,141.47
4188,SHORT,2024-05-25T11:57:59.999Z,3738.13,2024-05-25T14:53:59.999Z,3753.44,1000.00,-4.10,-0.4096,137.38
4189,SHORT,2024-05-25T17:19:59.999Z,3740.00,2024-05-25T18:20:59.999Z,3753.70,1000.00,-3.66,-0.3663,133.71
4190,SHORT,2024-05-25T20:36:59.999Z,3746.80,2024-05-25T23:28:59.999Z,3751.90,1000.00,-1.36,-0.1361,132.35
4191,SHORT,2024-05-26T02:31:59.999Z,3744.79,2024-05-26T03:49:59.999Z,3770.45,1000.00,-6.85,-0.6852,125.50
4192,SHORT,2024-05-26T05:06:59.999Z,3744.81,2024-05-26T05:48:59.999Z,3754.92,1000.00,-2.70,-0.2700,122.80
4193,SHORT,2024-05-26T13:44:59.999Z,3794.64,2024-05-26T14:06:59.999Z,3807.20,1000.00,-3.31,-0.3310,119.49
4194,SHORT,2024-05-26T18:18:59.999Z,3837.01,2024-05-26T19:04:59.999Z,3853.29,1000.00,-4.24,-0.4243,115.25
4195,SHORT,2024-05-26T21:22:59.999Z,3845.41,2024-05-27T00:39:59.999Z,3855.69,1000.00,-2.67,-0.2673,112.57
4196,SHORT,2024-05-27T05:36:59.999Z,3896.55,2024-05-27T06:13:59.999Z,3913.39,1000.00,-4.32,-0.4322,108.25
4197,SHORT,2024-05-27T06:51:59.999Z,3895.26,2024-05-27T07:42:59.999Z,3917.50,1000.00,-5.71,-0.5710,102.54
4198,SHORT,2024-05-27T09:19:59.999Z,3905.20,2024-05-27T09:45:59.999Z,3921.60,1000.00,-4.20,-0.4200,98.34
4199,SHORT,2024-05-27T09:58:59.999Z,3911.40,2024-05-27T13:03:59.999Z,3910.86,1000.00,0.14,0.0138,98.48
4200,SHORT,2024-05-27T17:26:59.999Z,3938.01,2024-05-28T06:00:59.999Z,3861.07,1000.00,19.54,1.9538,118.02
4201,SHORT,2024-05-28T07:29:59.999Z,3848.19,2024-05-28T08:16:59.999Z,3865.30,1000.00,-4.45,-0.4446,113.57
4202,SHORT,2024-05-28T13:39:59.999Z,3879.42,2024-05-28T20:01:59.999Z,3841.99,1000.00,9.65,0.9648,123.22
4203,SHORT,2024-05-29T00:13:59.999Z,3846.99,2024-05-29T00:17:59.999Z,3849.95,1000.00,-0.77,-0.0769,122.45
4204,SHORT,2024-05-29T00:27:59.999Z,3845.00,2024-05-29T00:32:59.999Z,3849.40,1000.00,-1.14,-0.1144,121.31
4205,SHORT,2024-05-29T00:57:59.999Z,3843.20,2024-05-29T01:01:59.999Z,3850.99,1000.00,-2.03,-0.2027,119.28
4206,SHORT,2024-05-29T01:20:59.999Z,3838.49,2024-05-29T02:33:59.999Z,3852.20,1000.00,-3.57,-0.3572,115.71
4207,SHORT,2024-05-29T06:59:59.999Z,3858.24,2024-05-29T11:00:59.999Z,3820.76,1000.00,9.71,0.9714,125.42
4208,SHORT,2024-05-29T11:58:59.999Z,3810.03,2024-05-29T12:19:59.999Z,3828.21,1000.00,-4.77,-0.4772,120.65
4209,SHORT,2024-05-29T12:26:59.999Z,3810.75,2024-05-29T13:14:59.999Z,3835.00,1000.00,-6.36,-0.6364,114.29
4210,SHORT,2024-05-29T13:24:59.999Z,3803.38,2024-05-29T21:36:59.999Z,3770.57,1000.00,8.63,0.8627,122.91
4211,SHORT,2024-05-30T00:42:59.999Z,3767.94,2024-05-30T02:03:59.999Z,3777.54,1000.00,-2.55,-0.2548,120.37
4212,SHORT,2024-05-30T05:15:59.999Z,3771.54,2024-05-30T10:57:59.999Z,3742.01,1000.00,7.83,0.7830,128.20
4213,SHORT,2024-05-30T19:38:59.999Z,3768.92,2024-05-31T01:05:59.999Z,3761.95,1000.00,1.85,0.1849,130.05
4214,SHORT,2024-05-31T01:54:59.999Z,3744.99,2024-05-31T02:11:59.999Z,3757.40,1000.00,-3.31,-0.3314,126.73
4215,SHORT,2024-05-31T05:16:59.999Z,3747.51,2024-05-31T09:51:59.999Z,3745.81,1000.00,0.45,0.0454,127.18
4216,SHORT,2024-05-31T14:01:59.999Z,3772.06,2024-05-31T17:58:59.999Z,3767.42,1000.00,1.23,0.1230,128.42
4217,SHORT,2024-05-31T22:22:59.999Z,3782.55,2024-06-01T02:21:59.999Z,3770.00,1000.00,3.32,0.3318,131.73
4218,SHORT,2024-06-01T07:44:59.999Z,3778.17,2024-06-01T08:49:59.999Z,3790.33,1000.00,-3.22,-0.3218,128.51
4219,SHORT,2024-06-01T10:57:59.999Z,3784.95,2024-06-01T11:43:59.999Z,3792.03,1000.00,-1.87,-0.1871,126.64
4220,SHORT,2024-06-01T16:19:59.999Z,3796.91,2024-06-01T19:05:59.999Z,3803.50,1000.00,-1.74,-0.1736,124.91
4221,SHORT,2024-06-01T19:17:59.999Z,3799.21,2024-06-01T19:42:59.999Z,3806.48,1000.00,-1.91,-0.1914,122.99
4222,SHORT,2024-06-02T02:31:59.999Z,3816.70,2024-06-02T05:00:59.999Z,3820.01,1000.00,-0.87,-0.0867,122.13
4223,SHORT,2024-06-02T05:43:59.999Z,3809.01,2024-06-02T06:57:59.999Z,3814.93,1000.00,-1.55,-0.1554,120.57
4224,SHORT,2024-06-02T07:07:59.999Z,3809.50,2024-06-02T11:50:59.999Z,3806.60,1000.00,0.76,0.0761,121.33
4225,SHORT,2024-06-02T13:09:59.999Z,3784.86,2024-06-02T13:29:59.999Z,3793.81,1000.00,-2.36,-0.2365,118.97
4226,SHORT,2024-06-02T13:34:59.999Z,3787.35,2024-06-02T13:42:59.999Z,3793.74,1000.00,-1.69,-0.1687,117.28
4227,SHORT,2024-06-02T16:24:59.999Z,3790.99,2024-06-02T20:03:59.999Z,3780.01,1000.00,2.90,0.2896,120.18
4228,SHORT,2024-06-02T20:19:59.999Z,3770.00,2024-06-02T20:42:59.999Z,3779.53,1000.00,-2.53,-0.2528,117.65
4229,SHORT,2024-06-02T23:35:59.999Z,3780.92,2024-06-03T01:20:59.999Z,3800.76,1000.00,-5.25,-0.5247,112.40
4230,SHORT,2024-06-03T09:23:59.999Z,3816.64,2024-06-03T12:34:59.999Z,3817.00,1000.00,-0.09,-0.0094,112.31
4231,SHORT,2024-06-03T14:26:59.999Z,3807.53,2024-06-03T23:01:59.999Z,3779.58,1000.00,7.34,0.7341,119.65
4232,SHORT,2024-06-03T23:37:59.999Z,3765.41,2024-06-04T01:42:59.999Z,3772.50,1000.00,-1.88,-0.1883,117.77
4233,SHORT,2024-06-04T04:56:59.999Z,3765.32,2024-06-04T07:21:59.999Z,3769.51,1000.00,-1.11,-0.1113,116.65
4234,SHORT,2024-06-04T08:58:59.999Z,3760.22,2024-06-04T10:58:59.999Z,3767.00,1000.00,-1.80,-0.1803,114.85
4235,SHORT,2024-06-04T12:15:59.999Z,3756.31,2024-06-04T13:05:59.999Z,3772.81,1000.00,-4.39,-0.4393,110.46
4236,SHORT,2024-06-04T19:19:59.999Z,3801.80,2024-06-04T20:58:59.999Z,3807.99,1000.00,-1.63,-0.1628,108.83
4237,SHORT,2024-06-05T02:20:59.999Z,3809.40,2024-06-05T06:53:59.999Z,3807.50,1000.00,0.50,0.0499,109.33
4238,SHORT,2024-06-05T08:55:59.999Z,3802.20,2024-06-05T11:34:59.999Z,3806.96,1000.00,-1.25,-0.1252,108.08
4239,SHORT,2024-06-05T13:51:59.999Z,3793.10,2024-06-05T15:27:59.999Z,3815.12,1000.00,-5.81,-0.5805,102.27
4240,SHORT,2024-06-05T17:01:59.999Z,3804.72,2024-06-05T17:03:59.999Z,3809.48,1000.00,-1.25,-0.1251,101.02
4241,SHORT,2024-06-05T21:56:59.999Z,3849.50,2024-06-05T23:15:59.999Z,3859.09,1000.00,-2.49,-0.2491,98.53
4242,SHORT,2024-06-06T04:05:59.999Z,3859.72,2024-06-06T09:31:59.999Z,3851.50,1000.00,2.13,0.2130,100.66
4243,SHORT,2024-06-06T09:52:59.999Z,3846.77,2024-06-06T09:58:59.999Z,3851.39,1000.00,-1.20,-0.1201,99.46
4244,SHORT,2024-06-06T10:06:59.999Z,3846.84,2024-06-06T10:57:59.999Z,3852.13,1000.00,-1.38,-0.1375,98.08
4245,SHORT,2024-06-06T12:51:59.999Z,3844.60,2024-06-06T15:57:59.999Z,3845.35,1000.00,-0.20,-0.0195,97.89
4246,SHORT,2024-06-06T16:37:59.999Z,3825.60,2024-06-06T22:45:59.999Z,3806.86,1000.00,4.90,0.4899,102.79
4247,SHORT,2024-06-07T01:04:59.999Z,3806.80,2024-06-07T03:54:59.999Z,3806.83,1000.00,-0.01,-0.0008,102.78
4248,SHORT,2024-06-07T08:14:59.999Z,3810.99,2024-06-07T11:33:59.999Z,3818.86,1000.00,-2.07,-0.2065,100.71
4249,SHORT,2024-06-07T12:40:59.999Z,3777.52,2024-06-07T14:10:59.999Z,3816.37,1000.00,-10.28,-1.0285,90.43
4250,SHORT,2024-06-07T15:30:59.999Z,3806.00,2024-06-08T01:43:59.999Z,3689.30,1000.00,30.66,3.0662,121.09
4251,SHORT,2024-06-08T03:05:59.999Z,3686.66,2024-06-08T03:13:59.999Z,3688.50,1000.00,-0.50,-0.0499,120.59
4252,SHORT,2024-06-08T03:18:59.999Z,3686.01,2024-06-08T03:26:59.999Z,3688.95,1000.00,-0.80,-0.0798,119.79
4253,SHORT,2024-06-08T04:29:59.999Z,3684.22,2024-06-08T06:43:59.999Z,3686.00,1000.00,-0.48,-0.0483,119.31
4254,SHORT,2024-06-08T09:52:59.999Z,3692.48,2024-06-08T14:32:59.999Z,3687.01,1000.00,1.48,0.1481,120.79
4255,SHORT,2024-06-08T16:23:59.999Z,3684.00,2024-06-08T18:08:59.999Z,3692.39,1000.00,-2.28,-0.2277,118.52
4256,SHORT,2024-06-08T19:43:59.999Z,3684.00,2024-06-08T23:43:59.999Z,3683.22,1000.00,0.21,0.0212,118.73
4257,SHORT,2024-06-09T02:18:59.999Z,3676.40,2024-06-09T05:27:59.999Z,3679.21,1000.00,-0.76,-0.0764,117.96
4258,SHORT,2024-06-09T11:12:59.999Z,3686.29,2024-06-09T11:28:59.999Z,3689.00,1000.00,-0.74,-0.0735,117.23
4259,SHORT,2024-06-09T13:39:59.999Z,3685.79,2024-06-09T15:15:59.999Z,3693.76,1000.00,-2.16,-0.2162,115.07
4260,SHORT,2024-06-09T15:29:59.999Z,3689.66,2024-06-09T15:33:59.999Z,3692.39,1000.00,-0.74,-0.0740,114.33
4261,SHORT,2024-06-09T15:34:59.999Z,3690.39,2024-06-09T16:16:59.999Z,3694.51,1000.00,-1.12,-0.1116,113.21
4262,SHORT,2024-06-09T20:34:59.999Z,3697.70,2024-06-09T21:49:59.999Z,3710.39,1000.00,-3.43,-0.3432,109.78
4263,SHORT,2024-06-10T00:04:59.999Z,3702.66,2024-06-10T10:10:59.999Z,3675.92,1000.00,7.22,0.7222,117.00
4264,SHORT,2024-06-10T13:18:59.999Z,3669.66,2024-06-10T13:43:59.999Z,3678.49,1000.00,-2.41,-0.2406,114.59
4265,SHORT,2024-06-10T13:48:59.999Z,3666.57,2024-06-10T14:53:59.999Z,3678.39,1000.00,-3.22,-0.3224,111.37
4266,SHORT,2024-06-10T18:35:59.999Z,3679.92,2024-06-11T10:37:59.999Z,3544.38,1000.00,36.83,3.6832,148.20
4267,SHORT,2024-06-11T10:55:59.999Z,3525.94,2024-06-11T12:16:59.999Z,3539.34,1000.00,-3.80,-0.3800,144.40
4268,SHORT,2024-06-11T12:27:59.999Z,3529.35,2024-06-11T12:54:59.999Z,3539.02,1000.00,-2.74,-0.2740,141.66
4269,SHORT,2024-06-11T13:01:59.999Z,3530.61,2024-06-11T13:15:59.999Z,3538.74,1000.00,-2.30,-0.2303,139.36
4270,SHORT,2024-06-11T13:41:59.999Z,3521.79,2024-06-11T18:41:59.999Z,3495.20,1000.00,7.55,0.7550,146.91
4271,SHORT,2024-06-12T00:52:59.999Z,3491.57,2024-06-12T02:29:59.999Z,3503.13,1000.00,-3.31,-0.3311,143.60
4272,SHORT,2024-06-12T16:32:59.999Z,3598.40,2024-06-12T17:01:59.999Z,3619.01,1000.00,-5.73,-0.5728,137.87
4273,SHORT,2024-06-12T17:05:59.999Z,3607.52,2024-06-12T17:57:59.999Z,3625.00,1000.00,-4.85,-0.4845,133.02
4274,SHORT,2024-06-12T18:02:59.999Z,3597.92,2024-06-12T22:51:59.999Z,3569.31,1000.00,7.95,0.7952,140.98
4275,SHORT,2024-06-12T23:20:59.999Z,3560.02,2024-06-13T08:09:59.999Z,3511.39,1000.00,13.66,1.3660,154.64
4276,SHORT,2024-06-13T09:05:59.999Z,3496.00,2024-06-13T11:01:59.999Z,3504.41,1000.00,-2.41,-0.2406,152.23
4277,SHORT,2024-06-13T12:57:59.999Z,3490.21,2024-06-13T13:24:59.999Z,3507.38,1000.00,-4.92,-0.4919,147.31
4278,SHORT,2024-06-13T14:17:59.999Z,3492.29,2024-06-13T14:42:59.999Z,3519.40,1000.00,-7.76,-0.7763,139.55
4279,SHORT,2024-06-13T15:20:59.999Z,3485.55,2024-06-13T18:50:59.999Z,3473.29,1000.00,3.52,0.3517,143.07
4280,SHORT,2024-06-13T21:11:59.999Z,3467.33,2024-06-13T21:58:59.999Z,3482.41,1000.00,-4.35,-0.4349,138.72
4281,SHORT,2024-06-13T23:13:59.999Z,3465.54,2024-06-14T01:51:59.999Z,3484.15,1000.00,-5.37,-0.5370,133.35
4282,SHORT,2024-06-14T09:58:59.999Z,3514.81,2024-06-14T11:42:59.999Z,3519.20,1000.00,-1.25,-0.1249,132.10
4283,SHORT,2024-06-14T12:50:59.999Z,3511.00,2024-06-14T20:15:59.999Z,3411.89,1000.00,28.23,2.8228,160.33
4284,SHORT,2024-06-15T09:34:59.999Z,3521.15,2024-06-15T09:52:59.999Z,3535.01,1000.00,-3.94,-0.3936,156.39
4285,SHORT,2024-06-15T10:07:59.999Z,3528.48,2024-06-15T10:32:59.999Z,3534.81,1000.00,-1.79,-0.1794,154.60
4286,SHORT,2024-06-15T16:58:59.999Z,3557.51,2024-06-15T17:30:59.999Z,3566.88,1000.00,-2.63,-0.2634,151.96
4287,SHORT,2024-06-15T18:47:59.999Z,3560.00,2024-06-15T21:30:59.999Z,3560.00,1000.00,0.00,0.0000,151.96
4288,SHORT,2024-06-16T00:38:59.999Z,3560.59,2024-06-16T01:58:59.999Z,3568.07,1000.00,-2.10,-0.2101,149.86
4289,SHORT,2024-06-16T03:08:59.999Z,3562.01,2024-06-16T05:23:59.999Z,3563.75,1000.00,-0.49,-0.0488,149.37
4290,SHORT,2024-06-16T08:03:59.999Z,3560.49,2024-06-16T10:46:59.999Z,3561.01,1000.00,-0.15,-0.0146,149.23
4291,SHORT,2024-06-16T12:00:59.999Z,3554.21,2024-06-16T12:54:59.999Z,3560.81,1000.00,-1.86,-0.1857,147.37
4292,SHORT,2024-06-16T21:44:59.999Z,3590.01,2024-06-16T22:04:59.999Z,3610.82,1000.00,-5.80,-0.5797,141.57
4293,SHORT,2024-06-17T01:24:59.999Z,3612.92,2024-06-17T13:22:59.999Z,3535.01,1000.00,21.56,2.1564,163.14
4294,SHORT,2024-06-17T13:33:59.999Z,3518.50,2024-06-17T14:41:59.999Z,3544.52,1000.00,-7.40,-0.7395,155.74
4295,SHORT,2024-06-17T15:29:59.999Z,3511.72,2024-06-17T16:52:59.999Z,3527.18,1000.00,-4.40,-0.4402,151.34
4296,SHORT,2024-06-17T20:11:59.999Z,3512.75,2024-06-18T04:34:59.999Z,3446.21,1000.00,18.94,1.8942,170.28
4297,SHORT,2024-06-18T06:40:59.999Z,3442.00,2024-06-18T07:46:59.999Z,3452.42,1000.00,-3.03,-0.3027,167.26
4298,SHORT,2024-06-18T07:58:59.999Z,3443.67,2024-06-18T08:59:59.999Z,3448.41,1000.00,-1.38,-0.1376,165.88
4299,SHORT,2024-06-18T09:08:59.999Z,3443.86,2024-06-18T14:28:59.999Z,3425.02,1000.00,5.47,0.5471,171.35
4300,SHORT,2024-06-18T17:54:59.999Z,3407.22,2024-06-18T20:06:59.999Z,3442.22,1000.00,-10.27,-1.0272,161.08
4301,SHORT,2024-06-19T07:24:59.999Z,3541.20,2024-06-19T10:52:59.999Z,3558.41,1000.00,-4.86,-0.4860,156.22
4302,SHORT,2024-06-19T11:40:59.999Z,3523.01,2024-06-19T12:44:59.999Z,3540.90,1000.00,-5.08,-0.5078,151.14
4303,SHORT,2024-06-19T14:06:59.999Z,3538.01,2024-06-19T16:26:59.999Z,3542.01,1000.00,-1.13,-0.1131,150.01
4304,SHORT,2024-06-19T19:29:59.999Z,3545.20,2024-06-19T21:07:59.999Z,3560.17,1000.00,-4.22,-0.4223,145.79
4305,SHORT,2024-06-19T23:41:59.999Z,3554.40,2024-06-20T01:17:59.999Z,3564.99,1000.00,-2.98,-0.2979,142.81
4306,SHORT,2024-06-20T02:03:59.999Z,3542.00,2024-06-20T04:34:59.999Z,3565.33,1000.00,-6.59,-0.6587,136.22
4307,SHORT,2024-06-20T09:19:59.999Z,3586.27,2024-06-20T11:00:59.999Z,3603.62,1000.00,-4.84,-0.4838,131.38
4308,SHORT,2024-06-20T12:40:59.999Z,3589.04,2024-06-20T18:14:59.999Z,3528.01,1000.00,17.00,1.7005,148.39
4309,SHORT,2024-06-20T19:26:59.999Z,3519.38,2024-06-20T19:29:59.999Z,3528.00,1000.00,-2.45,-0.2449,145.94
4310,SHORT,2024-06-20T19:30:59.999Z,3523.50,2024-06-20T19:59:59.999Z,3536.61,1000.00,-3.72,-0.3721,142.22
4311,SHORT,2024-06-20T21:17:59.999Z,3523.80,2024-06-20T21:24:59.999Z,3528.29,1000.00,-1.27,-0.1274,140.94
4312,SHORT,2024-06-20T21:38:59.999Z,3520.12,2024-06-21T01:36:59.999Z,3529.00,1000.00,-2.52,-0.2523,138.42
4313,SHORT,2024-06-21T02:50:59.999Z,3512.01,2024-06-21T04:43:59.999Z,3514.30,1000.00,-0.65,-0.0652,137.77
4314,SHORT,2024-06-21T05:16:59.999Z,3506.85,2024-06-21T05:54:59.999Z,3518.40,1000.00,-3.29,-0.3294,134.47
4315,SHORT,2024-06-21T06:48:59.999Z,3508.04,2024-06-21T07:07:59.999Z,3515.87,1000.00,-2.23,-0.2232,132.24
4316,SHORT,2024-06-21T07:37:59.999Z,3507.49,2024-06-21T09:45:59.999Z,3510.53,1000.00,-0.87,-0.0867,131.38
4317,SHORT,2024-06-21T12:15:59.999Z,3483.49,2024-06-21T14:28:59.999Z,3506.44,1000.00,-6.59,-0.6588,124.79
4318,SHORT,2024-06-21T15:46:59.999Z,3476.12,2024-06-21T18:39:59.999Z,3495.81,1000.00,-5.66,-0.5664,119.12
4319,SHORT,2024-06-21T21:31:59.999Z,3500.01,2024-06-21T22:04:59.999Z,3519.08,1000.00,-5.45,-0.5449,113.67
4320,SHORT,2024-06-22T00:08:59.999Z,3515.67,2024-06-22T03:20:59.999Z,3510.05,1000.00,1.60,0.1599,115.27
4321,SHORT,2024-06-22T03:35:59.999Z,3505.43,2024-06-22T06:01:59.999Z,3508.44,1000.00,-0.86,-0.0859,114.41
4322,SHORT,2024-06-22T06:53:59.999Z,3504.71,2024-06-22T10:17:59.999Z,3497.77,1000.00,1.98,0.1980,116.39
4323,SHORT,2024-06-22T10:40:59.999Z,3491.81,2024-06-22T10:41:59.999Z,3494.58,1000.00,-0.79,-0.0793,115.60
4324,SHORT,2024-06-22T12:06:59.999Z,3491.67,2024-06-22T13:22:59.999Z,3495.99,1000.00,-1.24,-0.1237,114.36
4325,SHORT,2024-06-22T17:57:59.999Z,3499.00,2024-06-22T21:16:59.999Z,3497.73,1000.00,0.36,0.0363,114.73
4326,SHORT,2024-06-22T23:45:59.999Z,3495.46,2024-06-23T00:21:59.999Z,3503.80,1000.00,-2.39,-0.2386,112.34
4327,SHORT,2024-06-23T05:40:59.999Z,3510.50,2024-06-23T12:42:59.999Z,3503.39,1000.00,2.03,0.2025,114.37
4328,SHORT,2024-06-23T13:24:59.999Z,3496.99,2024-06-23T19:17:59.999Z,3479.13,1000.00,5.11,0.5107,119.47
4329,SHORT,2024-06-23T20:20:59.999Z,3471.24,2024-06-24T08:42:59.999Z,3388.51,1000.00,23.83,2.3833,143.31
4330,SHORT,2024-06-24T09:12:59.999Z,3373.44,2024-06-24T18:30:59.999Z,3306.53,1000.00,19.83,1.9834,163.14
4331,SHORT,2024-06-25T01:48:59.999Z,3340.00,2024-06-25T01:58:59.999Z,3347.46,1000.00,-2.23,-0.2234,160.91
4332,SHORT,2024-06-25T06:25:59.999Z,3369.82,2024-06-25T09:51:59.999Z,3377.59,1000.00,-2.31,-0.2306,158.60
4333,SHORT,2024-06-25T12:43:59.999Z,3369.55,2024-06-25T14:19:59.999Z,3384.80,1000.00,-4.53,-0.4526,154.08
4334,SHORT,2024-06-25T16:58:59.999Z,3383.50,2024-06-25T18:29:59.999Z,3417.41,1000.00,-10.02,-1.0022,144.05
4335,SHORT,2024-06-25T21:30:59.999Z,3406.31,2024-06-25T22:29:59.999Z,3413.60,1000.00,-2.14,-0.2140,141.91
4336,SHORT,2024-06-25T22:44:59.999Z,3404.69,2024-06-26T01:35:59.999Z,3402.03,1000.00,0.78,0.0781,142.69
4337,SHORT,2024-06-26T03:26:59.999Z,3394.76,2024-06-26T07:23:59.999Z,3399.01,1000.00,-1.25,-0.1252,141.44
4338,SHORT,2024-06-26T07:31:59.999Z,3388.01,2024-06-26T07:37:59.999Z,3401.01,1000.00,-3.84,-0.3837,137.61
4339,SHORT,2024-06-26T08:26:59.999Z,3386.63,2024-06-26T13:44:59.999Z,3381.55,1000.00,1.50,0.1500,139.11
4340,SHORT,2024-06-26T15:03:59.999Z,3376.52,2024-06-26T18:29:59.999Z,3366.26,1000.00,3.04,0.3039,142.14
4341,SHORT,2024-06-26T23:04:59.999Z,3379.64,2024-06-27T01:33:59.999Z,3380.79,1000.00,-0.34,-0.0340,141.80
4342,SHORT,2024-06-27T05:20:59.999Z,3377.61,2024-06-27T08:09:59.999Z,3376.00,1000.00,0.48,0.0477,142.28
4343,SHORT,2024-06-27T08:10:59.999Z,3374.61,2024-06-27T08:12:59.999Z,3377.56,1000.00,-0.87,-0.0874,141.41
4344,SHORT,2024-06-27T08:24:59.999Z,3372.52,2024-06-27T09:10:59.999Z,3379.78,1000.00,-2.15,-0.2153,139.25
4345,SHORT,2024-06-27T19:11:59.999Z,3448.27,2024-06-27T22:24:59.999Z,3453.61,1000.00,-1.55,-0.1549,137.71
4346,SHORT,2024-06-27T23:38:59.999Z,3447.78,2024-06-28T00:07:59.999Z,3452.85,1000.00,-1.47,-0.1471,136.23
4347,SHORT,2024-06-28T00:26:59.999Z,3446.13,2024-06-28T01:27:59.999Z,3459.59,1000.00,-3.91,-0.3906,132.33
4348,SHORT,2024-06-28T03:03:59.999Z,3448.00,2024-06-28T03:37:59.999Z,3463.01,1000.00,-4.35,-0.4353,127.98
4349,SHORT,2024-06-28T04:14:59.999Z,3455.97,2024-06-28T10:19:59.999Z,3443.92,1000.00,3.49,0.3487,131.46
4350,SHORT,2024-06-28T13:03:59.999Z,3438.68,2024-06-28T13:43:59.999Z,3474.66,1000.00,-10.46,-1.0463,121.00
4351,SHORT,2024-06-28T14:20:59.999Z,3430.35,2024-06-29T00:12:59.999Z,3383.88,1000.00,13.55,1.3547,134.55
4352,SHORT,2024-06-29T03:21:59.999Z,3385.57,2024-06-29T05:04:59.999Z,3389.44,1000.00,-1.14,-0.1143,133.40
4353,SHORT,2024-06-29T05:23:59.999Z,3385.28,2024-06-29T06:58:59.999Z,3387.79,1000.00,-0.74,-0.0741,132.66
4354,SHORT,2024-06-29T09:05:59.999Z,3391.43,2024-06-29T10:11:59.999Z,3395.32,1000.00,-1.15,-0.1147,131.51
4355,SHORT,2024-06-29T12:51:59.999Z,3390.48,2024-06-29T16:04:59.999Z,3394.15,1000.00,-1.08,-0.1082,130.43
4356,SHORT,2024-06-29T16:16:59.999Z,3387.08,2024-06-29T19:14:59.999Z,3390.69,1000.00,-1.07,-0.1066,129.37
4357,SHORT,2024-06-29T19:33:59.999Z,3379.39,2024-06-29T22:00:59.999Z,3388.51,1000.00,-2.70,-0.2699,126.67
4358,SHORT,2024-06-29T22:19:59.999Z,3382.17,2024-06-30T00:35:59.999Z,3386.91,1000.00,-1.40,-0.1401,125.27
4359,SHORT,2024-06-30T01:19:59.999Z,3376.84,2024-06-30T06:40:59.999Z,3371.21,1000.00,1.67,0.1667,126.93
4360,SHORT,2024-06-30T10:48:59.999Z,3387.18,2024-06-30T11:13:59.999Z,3394.60,1000.00,-2.19,-0.2191,124.74
4361,SHORT,2024-06-30T12:39:59.999Z,3380.63,2024-06-30T13:30:59.999Z,3394.84,1000.00,-4.20,-0.4203,120.54
4362,SHORT,2024-06-30T16:42:59.999Z,3395.09,2024-06-30T17:15:59.999Z,3398.61,1000.00,-1.04,-0.1037,119.50
4363,SHORT,2024-06-30T21:30:59.999Z,3416.48,2024-06-30T22:25:59.999Z,3429.21,1000.00,-3.73,-0.3726,115.78
4364,SHORT,2024-07-01T04:52:59.999Z,3486.60,2024-07-01T07:40:59.999Z,3491.53,1000.00,-1.41,-0.1414,114.36
4365,SHORT,2024-07-01T08:33:59.999Z,3485.65,2024-07-01T13:03:59.999Z,3479.71,1000.00,1.70,0.1704,116.07
4366,SHORT,2024-07-01T13:19:59.999Z,3467.97,2024-07-01T13:33:59.999Z,3475.03,1000.00,-2.04,-0.2036,114.03
4367,SHORT,2024-07-01T13:47:59.999Z,3464.65,2024-07-01T15:10:59.999Z,3476.28,1000.00,-3.36,-0.3357,110.67
4368,SHORT,2024-07-01T16:54:59.999Z,3466.74,2024-07-01T17:34:59.999Z,3477.64,1000.00,-3.14,-0.3144,107.53
4369,SHORT,2024-07-01T19:44:59.999Z,3471.02,2024-07-02T01:51:59.999Z,3449.49,1000.00,6.20,0.6203,113.73
4370,SHORT,2024-07-02T06:14:59.999Z,3453.18,2024-07-02T09:35:59.999Z,3448.49,1000.00,1.36,0.1358,115.09
4371,SHORT,2024-07-02T13:55:59.999Z,3433.29,2024-07-02T18:02:59.999Z,3425.87,1000.00,2.16,0.2161,117.25
4372,SHORT,2024-07-02T19:47:59.999Z,3420.85,2024-07-02T21:33:59.999Z,3425.30,1000.00,-1.30,-0.1301,115.95
4373,SHORT,2024-07-02T22:41:59.999Z,3419.72,2024-07-02T23:04:59.999Z,3423.86,1000.00,-1.21,-0.1211,114.74
4374,SHORT,2024-07-03T00:03:59.999Z,3421.01,2024-07-03T00:12:59.999Z,3424.00,1000.00,-0.87,-0.0874,113.87
4375,SHORT,2024-07-03T01:08:59.999Z,3411.38,2024-07-03T06:55:59.999Z,3369.99,1000.00,12.13,1.2133,126.00
4376,SHORT,2024-07-03T07:12:59.999Z,3367.37,2024-07-03T13:56:59.999Z,3319.61,1000.00,14.18,1.4183,140.18
4377,SHORT,2024-07-03T15:06:59.999Z,3302.98,2024-07-03T15:24:59.999Z,3317.14,1000.00,-4.29,-0.4287,135.90
4378,SHORT,2024-07-03T15:41:59.999Z,3303.24,2024-07-03T16:28:59.999Z,3321.18,1000.00,-5.43,-0.5431,130.46
4379,SHORT,2024-07-03T17:40:59.999Z,3302.98,2024-07-03T21:55:59.999Z,3299.82,1000.00,0.96,0.0957,131.42
4380,SHORT,2024-07-04T01:18:59.999Z,3288.57,2024-07-04T15:58:59.999Z,3139.46,1000.00,45.34,4.5342,176.76
4381,SHORT,2024-07-04T16:29:59.999Z,3124.03,2024-07-04T16:50:59.999Z,3135.52,1000.00,-3.68,-0.3678,173.08
4382,SHORT,2024-07-04T19:03:59.999Z,3128.97,2024-07-04T19:08:59.999Z,3136.58,1000.00,-2.43,-0.2432,170.65
4383,SHORT,2024-07-04T20:13:59.999Z,3132.18,2024-07-04T20:56:59.999Z,3140.13,1000.00,-2.54,-0.2538,168.11
4384,SHORT,2024-07-04T22:47:59.999Z,3132.17,2024-07-05T10:05:59.999Z,2881.05,1000.00,80.17,8.0174,248.29
4385,SHORT,2024-07-05T20:18:59.999Z,2968.88,2024-07-05T21:46:59.999Z,2984.83,1000.00,-5.37,-0.5372,242.92
4386,SHORT,2024-07-05T22:06:59.999Z,2969.60,2024-07-05T22:21:59.999Z,2985.00,1000.00,-5.19,-0.5186,237.73
4387,SHORT,2024-07-06T00:11:59.999Z,2972.21,2024-07-06T00:33:59.999Z,2995.00,1000.00,-7.67,-0.7668,230.06
4388,SHORT,2024-07-06T01:19:59.999Z,2973.72,2024-07-06T03:01:59.999Z,2982.15,1000.00,-2.83,-0.2835,227.23
4389,SHORT,2024-07-06T03:32:59.999Z,2973.69,2024-07-06T03:45:59.999Z,2978.85,1000.00,-1.74,-0.1735,225.49
4390,SHORT,2024-07-06T04:16:59.999Z,2974.68,2024-07-06T06:09:59.999Z,2978.40,1000.00,-1.25,-0.1251,224.24
4391,SHORT,2024-07-06T09:25:59.999Z,2989.00,2024-07-06T10:05:59.999Z,3006.21,1000.00,-5.76,-0.5758,218.48
4392,SHORT,2024-07-06T12:43:59.999Z,2994.40,2024-07-06T13:43:59.999Z,3005.00,1000.00,-3.54,-0.3540,214.94
4393,SHORT,2024-07-06T14:22:59.999Z,2997.69,2024-07-06T14:41:59.999Z,3011.41,1000.00,-4.58,-0.4577,210.37
4394,SHORT,2024-07-07T00:17:59.999Z,3061.17,2024-07-07T02:18:59.999Z,3069.07,1000.00,-2.58,-0.2581,207.79
4395,SHORT,2024-07-07T03:16:59.999Z,3047.31,2024-07-07T10:26:59.999Z,3022.45,1000.00,8.16,0.8158,215.95
4396,SHORT,2024-07-07T10:56:59.999Z,3013.41,2024-07-07T12:10:59.999Z,3020.03,1000.00,-2.20,-0.2197,213.75
4397,SHORT,2024-07-07T12:43:59.999Z,3007.14,2024-07-07T16:43:59.999Z,2991.58,1000.00,5.17,0.5174,218.92
4398,SHORT,2024-07-07T19:26:59.999Z,2983.18,2024-07-07T20:22:59.999Z,2992.28,1000.00,-3.05,-0.3050,215.87
4399,SHORT,2024-07-07T21:17:59.999Z,2965.36,2024-07-08T04:31:59.999Z,2894.07,1000.00,24.04,2.4041,239.91
4400,SHORT,2024-07-08T13:47:59.999Z,3027.94,2024-07-08T18:41:59.999Z,2997.21,1000.00,10.15,1.0149,250.06
4401,SHORT,2024-07-09T00:31:59.999Z,3005.40,2024-07-09T00:43:59.999Z,3022.31,1000.00,-5.63,-0.5627,244.44
4402,SHORT,2024-07-09T07:51:59.999Z,3059.90,2024-07-09T08:22:59.999Z,3085.60,1000.00,-8.40,-0.8399,236.04
4403,SHORT,2024-07-09T11:03:59.999Z,3078.09,2024-07-09T11:38:59.999Z,3089.20,1000.00,-3.61,-0.3609,232.43
4404,SHORT,2024-07-09T12:23:59.999Z,3075.55,2024-07-09T16:19:59.999Z,3077.64,1000.00,-0.68,-0.0680,231.75
4405,SHORT,2024-07-09T17:40:59.999Z,3057.76,2024-07-09T18:44:59.999Z,3075.81,1000.00,-5.90,-0.5903,225.84
4406,SHORT,2024-07-09T18:58:59.999Z,3060.35,2024-07-09T19:58:59.999Z,3068.24,1000.00,-2.58,-0.2578,223.27
4407,SHORT,2024-07-09T21:44:59.999Z,3061.27,2024-07-09T23:41:59.999Z,3065.96,1000.00,-1.53,-0.1532,221.73
4408,SHORT,2024-07-10T00:17:59.999Z,3053.71,2024-07-10T02:00:59.999Z,3058.45,1000.00,-1.55,-0.1552,220.18
4409,SHORT,2024-07-10T07:46:59.999Z,3091.72,2024-07-10T10:34:59.999Z,3102.40,1000.00,-3.45,-0.3454,216.73
4410,SHORT,2024-07-10T12:43:59.999Z,3088.40,2024-07-10T12:59:59.999Z,3109.79,1000.00,-6.93,-0.6926,209.80
4411,SHORT,2024-07-10T15:06:59.999Z,3091.79,2024-07-10T15:19:59.999Z,3109.12,1000.00,-5.61,-0.5605,204.20
4412,SHORT,2024-07-10T17:26:59.999Z,3099.55,2024-07-10T22:30:59.999Z,3103.20,1000.00,-1.18,-0.1178,203.02
4413,SHORT,2024-07-11T00:12:59.999Z,3095.89,2024-07-11T01:43:59.999Z,3115.55,1000.00,-6.35,-0.6350,196.67
4414,SHORT,2024-07-11T03:11:59.999Z,3090.79,2024-07-11T05:28:59.999Z,3090.51,1000.00,0.09,0.0091,196.76
4415,SHORT,2024-07-11T05:37:59.999Z,3087.10,2024-07-11T05:38:59.999Z,3089.92,1000.00,-0.91,-0.0913,195.85
4416,SHORT,2024-07-11T14:27:59.999Z,3140.25,2024-07-11T18:24:59.999Z,3138.33,1000.00,0.61,0.0611,196.46
4417,SHORT,2024-07-11T19:18:59.999Z,3131.99,2024-07-12T00:35:59.999Z,3113.20,1000.00,6.00,0.5999,202.46
4418,SHORT,2024-07-12T01:09:59.999Z,3103.37,2024-07-12T02:42:59.999Z,3103.25,1000.00,0.04,0.0039,202.50
4419,SHORT,2024-07-12T03:27:59.999Z,3090.80,2024-07-12T06:24:59.999Z,3093.69,1000.00,-0.94,-0.0935,201.56
4420,SHORT,2024-07-12T07:32:59.999Z,3073.50,2024-07-12T12:06:59.999Z,3073.31,1000.00,0.06,0.0062,201.62
4421,SHORT,2024-07-12T19:37:59.999Z,3125.14,2024-07-12T22:17:59.999Z,3129.60,1000.00,-1.43,-0.1427,200.19
4422,SHORT,2024-07-13T02:13:59.999Z,3125.38,2024-07-13T05:39:59.999Z,3129.23,1000.00,-1.23,-0.1232,198.96
4423,SHORT,2024-07-13T13:37:59.999Z,3149.11,2024-07-13T15:16:59.999Z,3156.76,1000.00,-2.43,-0.2429,196.53
4424,SHORT,2024-07-13T16:57:59.999Z,3151.59,2024-07-13T18:00:59.999Z,3158.52,1000.00,-2.20,-0.2199,194.33
4425,SHORT,2024-07-13T18:42:59.999Z,3149.10,2024-07-13T19:07:59.999Z,3157.36,1000.00,-2.62,-0.2623,191.71
4426,SHORT,2024-07-13T22:26:59.999Z,3145.60,2024-07-13T22:45:59.999Z,3180.18,1000.00,-10.99,-1.0993,180.72
4427,SHORT,2024-07-14T02:31:59.999Z,3171.78,2024-07-14T04:20:59.999Z,3185.03,1000.00,-4.18,-0.4177,176.54
4428,SHORT,2024-07-14T10:50:59.999Z,3200.41,2024-07-14T16:21:59.999Z,3191.50,1000.00,2.78,0.2784,179.33
4429,SHORT,2024-07-14T17:26:59.999Z,3184.93,2024-07-14T17:33:59.999Z,3193.15,1000.00,-2.58,-0.2581,176.74
4430,SHORT,2024-07-14T18:13:59.999Z,3184.81,2024-07-14T19:59:59.999Z,3190.90,1000.00,-1.91,-0.1912,174.83
4431,SHORT,2024-07-15T10:11:59.999Z,3345.89,2024-07-15T12:39:59.999Z,3349.68,1000.00,-1.13,-0.1133,173.70
4432,SHORT,2024-07-16T02:33:59.999Z,3460.17,2024-07-16T04:07:59.999Z,3472.21,1000.00,-3.48,-0.3480,170.22
4433,SHORT,2024-07-16T04:31:59.999Z,3460.00,2024-07-16T10:21:59.999Z,3397.35,1000.00,18.11,1.8107,188.33
4434,SHORT,2024-07-16T13:20:59.999Z,3406.52,2024-07-16T13:34:59.999Z,3413.00,1000.00,-1.90,-0.1902,186.42
4435,SHORT,2024-07-16T14:00:59.999Z,3395.13,2024-07-16T15:05:59.999Z,3419.62,1000.00,-7.21,-0.7213,179.21
4436,SHORT,2024-07-16T20:52:59.999Z,3451.76,2024-07-16T23:40:59.999Z,3445.43,1000.00,1.83,0.1834,181.05
4437,SHORT,2024-07-17T07:18:59.999Z,3485.71,2024-07-17T09:32:59.999Z,3489.34,1000.00,-1.04,-0.1041,180.00
4438,SHORT,2024-07-17T10:18:59.999Z,3483.19,2024-07-17T15:31:59.999Z,3462.00,1000.00,6.08,0.6084,186.09
4439,SHORT,2024-07-17T15:47:59.999Z,3447.41,2024-07-17T19:32:59.999Z,3426.81,1000.00,5.98,0.5976,192.06
4440,SHORT,2024-07-17T21:00:59.999Z,3403.00,2024-07-18T00:50:59.999Z,3410.31,1000.00,-2.15,-0.2148,189.91
4441,SHORT,2024-07-18T05:10:59.999Z,3415.87,2024-07-18T05:52:59.999Z,3429.33,1000.00,-3.94,-0.3940,185.97
4442,SHORT,2024-07-18T10:41:59.999Z,3442.35,2024-07-18T11:39:59.999Z,3447.71,1000.00,-1.56,-0.1557,184.42
4443,SHORT,2024-07-18T14:34:59.999Z,3443.80,2024-07-18T20:35:59.999Z,3410.19,1000.00,9.76,0.9760,194.18
4444,SHORT,2024-07-19T00:19:59.999Z,3413.79,2024-07-19T03:31:59.999Z,3419.09,1000.00,-1.55,-0.1553,192.62
4445,SHORT,2024-07-19T07:29:59.999Z,3424.55,2024-07-19T11:07:59.999Z,3402.98,1000.00,6.30,0.6299,198.92
4446,SHORT,2024-07-19T11:10:59.999Z,3400.17,2024-07-19T11:17:59.999Z,3406.75,1000.00,-1.94,-0.1935,196.99
4447,SHORT,2024-07-19T11:44:59.999Z,3396.19,2024-07-19T12:04:59.999Z,3406.88,1000.00,-3.15,-0.3148,193.84
4448,SHORT,2024-07-19T23:33:59.999Z,3506.39,2024-07-20T03:11:59.999Z,3499.10,1000.00,2.08,0.2079,195.92
4449,SHORT,2024-07-20T07:06:59.999Z,3495.33,2024-07-20T12:13:59.999Z,3490.79,1000.00,1.30,0.1299,197.22
4450,SHORT,2024-07-20T13:44:59.999Z,3486.00,2024-07-20T14:04:59.999Z,3491.56,1000.00,-1.59,-0.1595,195.62
4451,SHORT,2024-07-20T21:08:59.999Z,3509.30,2024-07-20T22:21:59.999Z,3520.25,1000.00,-3.12,-0.3120,192.50
4452,SHORT,2024-07-20T22:27:59.999Z,3516.00,2024-07-20T22:31:59.999Z,3519.00,1000.00,-0.85,-0.0853,191.65
4453,SHORT,2024-07-20T22:35:59.999Z,3516.38,2024-07-20T23:32:59.999Z,3521.17,1000.00,-1.36,-0.1362,190.29
4454,SHORT,2024-07-21T00:44:59.999Z,3511.06,2024-07-21T02:04:59.999Z,3516.66,1000.00,-1.59,-0.1595,188.69
4455,SHORT,2024-07-21T03:08:59.999Z,3515.80,2024-07-21T03:14:59.999Z,3517.81,1000.00,-0.57,-0.0572,188.12
4456,SHORT,2024-07-21T03:33:59.999Z,3513.21,2024-07-21T09:36:59.999Z,3496.02,1000.00,4.89,0.4893,193.01
4457,SHORT,2024-07-21T11:34:59.999Z,3493.52,2024-07-21T11:55:59.999Z,3497.48,1000.00,-1.13,-0.1134,191.88
4458,SHORT,2024-07-21T13:36:59.999Z,3491.58,2024-07-21T14:23:59.999Z,3508.32,1000.00,-4.79,-0.4794,187.09
4459,SHORT,2024-07-21T16:08:59.999Z,3497.32,2024-07-21T16:12:59.999Z,3507.40,1000.00,-2.88,-0.2882,184.20
4460,SHORT,2024-07-21T16:21:59.999Z,3493.21,2024-07-21T16:56:59.999Z,3518.93,1000.00,-7.36,-0.7363,176.84
4461,SHORT,2024-07-21T17:51:59.999Z,3470.01,2024-07-21T19:56:59.999Z,3491.70,1000.00,-6.25,-0.6251,170.59
4462,SHORT,2024-07-22T02:05:59.999Z,3522.40,2024-07-22T02:36:59.999Z,3538.96,1000.00,-4.70,-0.4701,165.89
4463,SHORT,2024-07-22T03:17:59.999Z,3528.89,2024-07-22T09:59:59.999Z,3493.09,1000.00,10.14,1.0145,176.03
4464,SHORT,2024-07-22T13:45:59.999Z,3478.34,2024-07-22T17:43:59.999Z,3469.21,1000.00,2.62,0.2625,178.66
4465,SHORT,2024-07-22T21:19:59.999Z,3462.09,2024-07-23T00:47:59.999Z,3464.98,1000.00,-0.83,-0.0835,177.82
4466,SHORT,2024-07-23T04:35:59.999Z,3462.67,2024-07-23T08:04:59.999Z,3459.02,1000.00,1.05,0.1054,178.88
4467,SHORT,2024-07-23T12:31:59.999Z,3486.83,2024-07-23T18:58:59.999Z,3446.74,1000.00,11.50,1.1498,190.38
4468,SHORT,2024-07-23T22:22:59.999Z,3460.52,2024-07-23T22:58:59.999Z,3495.04,1000.00,-9.98,-0.9975,180.40
4469,SHORT,2024-07-24T00:43:59.999Z,3468.60,2024-07-24T06:35:59.999Z,3445.06,1000.00,6.79,0.6787,187.19
4470,SHORT,2024-07-24T06:38:59.999Z,3441.59,2024-07-24T07:24:59.999Z,3449.85,1000.00,-2.40,-0.2400,184.79
4471,SHORT,2024-07-24T12:44:59.999Z,3456.04,2024-07-24T13:35:59.999Z,3464.52,1000.00,-2.45,-0.2454,182.33
4472,SHORT,2024-07-24T13:52:59.999Z,3450.55,2024-07-25T09:21:59.999Z,3176.02,1000.00,79.56,7.9561,261.89
4473,SHORT,2024-07-25T09:22:59.999Z,3174.80,2024-07-25T09:23:59.999Z,3176.81,1000.00,-0.63,-0.0633,261.26
4474,SHORT,2024-07-25T10:03:59.999Z,3172.79,2024-07-25T11:23:59.999Z,3179.37,1000.00,-2.07,-0.2074,259.19
4475,SHORT,2024-07-25T12:38:59.999Z,3163.19,2024-07-25T14:51:59.999Z,3171.13,1000.00,-2.51,-0.2510,256.68
4476,SHORT,2024-07-25T15:28:59.999Z,3142.79,2024-07-25T16:37:59.999Z,3163.85,1000.00,-6.70,-0.6701,249.98
4477,SHORT,2024-07-25T18:29:59.999Z,3145.61,2024-07-25T21:04:59.999Z,3158.71,1000.00,-4.16,-0.4165,245.81
4478,SHORT,2024-07-26T08:28:59.999Z,3253.59,2024-07-26T09:25:59.999Z,3259.31,1000.00,-1.76,-0.1758,244.05
4479,SHORT,2024-07-26T10:04:59.999Z,3251.48,2024-07-26T14:04:59.999Z,3255.26,1000.00,-1.16,-0.1163,242.89
4480,SHORT,2024-07-26T14:37:59.999Z,3234.59,2024-07-26T15:17:59.999Z,3253.70,1000.00,-5.91,-0.5908,236.98
4481,SHORT,2024-07-26T17:12:59.999Z,3245.65,2024-07-26T17:30:59.999Z,3253.76,1000.00,-2.50,-0.2499,234.48
4482,SHORT,2024-07-26T17:35:59.999Z,3245.01,2024-07-26T18:08:59.999Z,3258.38,1000.00,-4.12,-0.4120,230.36
4483,SHORT,2024-07-26T20:53:59.999Z,3253.80,2024-07-26T21:23:59.999Z,3266.25,1000.00,-3.83,-0.3826,226.54
4484,SHORT,2024-07-27T00:24:59.999Z,3265.61,2024-07-27T05:03:59.999Z,3257.79,1000.00,2.39,0.2395,228.93
4485,SHORT,2024-07-27T11:14:59.999Z,3267.19,2024-07-27T11:40:59.999Z,3276.51,1000.00,-2.85,-0.2853,226.08
4486,SHORT,2024-07-27T15:32:59.999Z,3288.50,2024-07-27T21:16:59.999Z,3279.17,1000.00,2.84,0.2837,228.92
4487,SHORT,2024-07-27T23:19:59.999Z,3251.67,2024-07-28T09:03:59.999Z,3232.84,1000.00,5.79,0.5791,234.71
4488,SHORT,2024-07-28T17:33:59.999Z,3264.62,2024-07-28T17:52:59.999Z,3269.52,1000.00,-1.50,-0.1501,233.21
4489,SHORT,2024-07-28T20:13:59.999Z,3269.47,2024-07-28T23:25:59.999Z,3269.69,1000.00,-0.07,-0.0067,233.14
4490,SHORT,2024-07-29T11:53:59.999Z,3375.65,2024-07-29T18:07:59.999Z,3319.10,1000.00,16.75,1.6752,249.89
4491,SHORT,2024-07-29T19:58:59.999Z,3309.26,2024-07-29T20:00:59.999Z,3311.78,1000.00,-0.76,-0.0761,249.13
4492,SHORT,2024-07-29T23:45:59.999Z,3319.20,2024-07-30T01:12:59.999Z,3335.00,1000.00,-4.76,-0.4760,244.37
4493,SHORT,2024-07-30T01:46:59.999Z,3315.40,2024-07-30T03:40:59.999Z,3322.00,1000.00,-1.99,-0.1991,242.38
4494,SHORT,2024-07-30T04:45:59.999Z,3310.89,2024-07-30T06:21:59.999Z,3319.36,1000.00,-2.56,-0.2558,239.82
4495,SHORT,2024-07-30T10:17:59.999Z,3330.33,2024-07-30T10:46:59.999Z,3340.30,1000.00,-2.99,-0.2994,236.83
4496,SHORT,2024-07-30T11:17:59.999Z,3332.32,2024-07-30T11:42:59.999Z,3339.51,1000.00,-2.16,-0.2158,234.67
4497,SHORT,2024-07-30T12:29:59.999Z,3327.60,2024-07-30T12:38:59.999Z,3345.99,1000.00,-5.53,-0.5527,229.14
4498,SHORT,2024-07-30T13:59:59.999Z,3329.80,2024-07-30T22:28:59.999Z,3284.00,1000.00,13.75,1.3755,242.90
4499,SHORT,2024-07-30T23:24:59.999Z,3275.70,2024-07-30T23:25:59.999Z,3279.12,1000.00,-1.04,-0.1044,241.85
4500,SHORT,2024-07-30T23:26:59.999Z,3277.21,2024-07-31T00:55:59.999Z,3281.08,1000.00,-1.18,-0.1181,240.67
4501,SHORT,2024-07-31T01:41:59.999Z,3271.51,2024-07-31T01:59:59.999Z,3283.58,1000.00,-3.69,-0.3689,236.98
4502,SHORT,2024-07-31T04:22:59.999Z,3280.38,2024-07-31T05:53:59.999Z,3306.00,1000.00,-7.81,-0.7810,229.17
4503,SHORT,2024-07-31T10:42:59.999Z,3309.93,2024-07-31T11:36:59.999Z,3318.87,1000.00,-2.70,-0.2701,226.47
4504,SHORT,2024-07-31T14:36:59.999Z,3320.22,2024-07-31T17:50:59.999Z,3321.64,1000.00,-0.43,-0.0428,226.04
4505,SHORT,2024-07-31T18:12:59.999Z,3296.41,2024-07-31T18:53:59.999Z,3318.27,1000.00,-6.63,-0.6631,219.41
4506,SHORT,2024-07-31T19:21:59.999Z,3296.47,2024-08-01T08:35:59.999Z,3182.00,1000.00,34.73,3.4725,254.14
4507,SHORT,2024-08-01T13:23:59.999Z,3180.80,2024-08-01T19:36:59.999Z,3123.80,1000.00,17.92,1.7920,272.06
4508,SHORT,2024-08-02T01:19:59.999Z,3178.30,2024-08-02T08:54:59.999Z,3155.73,1000.00,7.10,0.7101,279.16
4509,SHORT,2024-08-02T10:11:59.999Z,3147.40,2024-08-02T10:50:59.999Z,3158.00,1000.00,-3.37,-0.3368,275.79
4510,SHORT,2024-08-02T12:19:59.999Z,3151.95,2024-08-02T13:40:59.999Z,3170.80,1000.00,-5.98,-0.5980,269.81
4511,SHORT,2024-08-02T14:14:59.999Z,3135.99,2024-08-03T03:29:59.999Z,2974.48,1000.00,51.50,5.1502,321.31
4512,SHORT,2024-08-03T05:03:59.999Z,2964.92,2024-08-03T06:05:59.999Z,2978.14,1000.00,-4.46,-0.4459,316.85
4513,SHORT,2024-08-03T08:45:59.999Z,2975.00,2024-08-03T09:31:59.999Z,2983.50,1000.00,-2.86,-0.2857,314.00
4514,SHORT,2024-08-03T15:19:59.999Z,2989.80,2024-08-03T22:05:59.999Z,2916.13,1000.00,24.64,2.4640,338.64
4515,SHORT,2024-08-03T23:14:59.999Z,2902.01,2024-08-03T23:32:59.999Z,2908.60,1000.00,-2.27,-0.2271,336.37
4516,SHORT,2024-08-03T23:33:59.999Z,2907.20,2024-08-04T00:19:59.999Z,2914.63,1000.00,-2.56,-0.2556,333.81
4517,SHORT,2024-08-04T00:24:59.999Z,2903.60,2024-08-04T00:39:59.999Z,2917.30,1000.00,-4.72,-0.4718,329.09
4518,SHORT,2024-08-04T01:15:59.999Z,2903.25,2024-08-04T02:15:59.999Z,2911.77,1000.00,-2.93,-0.2935,326.16
4519,SHORT,2024-08-04T04:52:59.999Z,2906.71,2024-08-04T05:52:59.999Z,2914.03,1000.00,-2.52,-0.2518,323.64
4520,SHORT,2024-08-04T07:33:59.999Z,2901.99,2024-08-04T09:10:59.999Z,2912.64,1000.00,-3.67,-0.3670,319.97
4521,SHORT,2024-08-04T14:07:59.999Z,2910.21,2024-08-04T20:12:59.999Z,2770.08,1000.00,48.15,4.8151,368.12
4522,SHORT,2024-08-04T20:39:59.999Z,2739.30,2024-08-05T07:38:59.999Z,2348.30,1000.00,142.74,14.2737,510.86
4523,SHORT,2024-08-05T09:46:59.999Z,2300.98,2024-08-05T13:48:59.999Z,2339.86,1000.00,-16.90,-1.6897,493.96
4524,SHORT,2024-08-05T18:40:59.999Z,2398.40,2024-08-05T20:32:59.999Z,2435.78,1000.00,-15.59,-1.5585,478.38
4525,SHORT,2024-08-05T23:54:59.999Z,2416.41,2024-08-06T00:13:59.999Z,2467.50,1000.00,-21.14,-2.1143,457.23
4526,SHORT,2024-08-06T03:43:59.999Z,2492.06,2024-08-06T05:35:59.999Z,2506.61,1000.00,-5.84,-0.5839,451.39
4527,SHORT,2024-08-06T07:28:59.999Z,2498.61,2024-08-06T07:38:59.999Z,2514.06,1000.00,-6.18,-0.6183,445.21
4528,SHORT,2024-08-06T08:23:59.999Z,2492.65,2024-08-06T14:08:59.999Z,2508.20,1000.00,-6.24,-0.6238,438.97
4529,SHORT,2024-08-06T17:53:59.999Z,2497.58,2024-08-06T22:11:59.999Z,2506.50,1000.00,-3.57,-0.3571,435.40
4530,SHORT,2024-08-06T22:28:59.999Z,2459.40,2024-08-07T01:51:59.999Z,2493.99,1000.00,-14.06,-1.4064,421.34
4531,SHORT,2024-08-07T06:18:59.999Z,2497.51,2024-08-07T07:54:59.999Z,2511.60,1000.00,-5.64,-0.5642,415.70
4532,SHORT,2024-08-07T11:07:59.999Z,2492.00,2024-08-07T21:58:59.999Z,2363.19,1000.00,51.69,5.1689,467.38
4533,SHORT,2024-08-07T22:10:59.999Z,2346.39,2024-08-07T23:11:59.999Z,2360.01,1000.00,-5.80,-0.5805,461.58
4534,SHORT,2024-08-07T23:39:59.999Z,2338.78,2024-08-08T01:07:59.999Z,2364.10,1000.00,-10.83,-1.0826,450.75
4535,SHORT,2024-08-08T05:53:59.999Z,2425.73,2024-08-08T06:29:59.999Z,2433.43,1000.00,-3.17,-0.3174,447.58
4536,SHORT,2024-08-08T07:30:59.999Z,2423.47,2024-08-08T09:02:59.999Z,2431.60,1000.00,-3.35,-0.3355,444.22
4537,SHORT,2024-08-08T09:09:59.999Z,2415.07,2024-08-08T09:23:59.999Z,2426.99,1000.00,-4.94,-0.4936,439.29
4538,SHORT,2024-08-08T13:50:59.999Z,2423.80,2024-08-08T14:32:59.999Z,2489.83,1000.00,-27.24,-2.7242,412.05
4539,SHORT,2024-08-09T04:56:59.999Z,2665.14,2024-08-09T06:09:59.999Z,2682.06,1000.00,-6.35,-0.6349,405.70
4540,SHORT,2024-08-09T07:49:59.999Z,2670.01,2024-08-09T17:33:59.999Z,2598.56,1000.00,26.76,2.6760,432.46
4541,SHORT,2024-08-09T18:18:59.999Z,2584.93,2024-08-09T19:36:59.999Z,2599.60,1000.00,-5.68,-0.5675,426.78
4542,SHORT,2024-08-09T21:05:59.999Z,2579.56,2024-08-09T22:06:59.999Z,2601.38,1000.00,-8.46,-0.8459,418.32
4543,SHORT,2024-08-09T23:23:59.999Z,2580.11,2024-08-09T23:44:59.999Z,2592.96,1000.00,-4.98,-0.4980,413.34
4544,SHORT,2024-08-10T00:56:59.999Z,2584.48,2024-08-10T01:14:59.999Z,2608.51,1000.00,-9.30,-0.9298,404.05
4545,SHORT,2024-08-10T04:15:59.999Z,2596.78,2024-08-10T05:27:59.999Z,2605.00,1000.00,-3.17,-0.3165,400.88
4546,SHORT,2024-08-10T12:52:59.999Z,2628.72,2024-08-10T18:14:59.999Z,2620.25,1000.00,3.22,0.3222,404.10
4547,SHORT,2024-08-10T18:57:59.999Z,2601.35,2024-08-10T21:13:59.999Z,2610.88,1000.00,-3.66,-0.3663,400.44
4548,SHORT,2024-08-10T23:02:59.999Z,2602.50,2024-08-11T00:05:59.999Z,2611.96,1000.00,-3.63,-0.3635,396.80
4549,SHORT,2024-08-11T11:01:59.999Z,2661.37,2024-08-11T17:44:59.999Z,2631.80,1000.00,11.11,1.1111,407.92
4550,SHORT,2024-08-11T19:22:59.999Z,2613.53,2024-08-12T05:31:59.999Z,2549.20,1000.00,24.61,2.4614,432.53
4551,SHORT,2024-08-12T05:48:59.999Z,2536.35,2024-08-12T05:54:59.999Z,2550.60,1000.00,-5.62,-0.5618,426.91
4552,SHORT,2024-08-12T07:12:59.999Z,2539.60,2024-08-12T07:34:59.999Z,2572.48,1000.00,-12.95,-1.2947,413.96
4553,SHORT,2024-08-12T13:58:59.999Z,2616.57,2024-08-12T14:26:59.999Z,2684.61,1000.00,-26.00,-2.6004,387.96
4554,SHORT,2024-08-12T17:09:59.999Z,2670.51,2024-08-12T20:18:59.999Z,2674.85,1000.00,-1.63,-0.1625,386.34
4555,SHORT,2024-08-13T02:43:59.999Z,2709.81,2024-08-13T11:47:59.999Z,2642.29,1000.00,24.92,2.4917,411.25
4556,SHORT,2024-08-13T15:38:59.999Z,2648.95,2024-08-13T16:04:59.999Z,2655.70,1000.00,-2.55,-0.2548,408.70
4557,SHORT,2024-08-13T19:24:59.999Z,2684.21,2024-08-13T19:28:59.999Z,2708.84,1000.00,-9.18,-0.9176,399.53
4558,SHORT,2024-08-13T23:28:59.999Z,2701.40,2024-08-14T01:03:59.999Z,2713.04,1000.00,-4.31,-0.4309,395.22
4559,SHORT,2024-08-14T01:17:59.999Z,2702.99,2024-08-14T02:55:59.999Z,2711.67,1000.00,-3.21,-0.3211,392.01
4560,SHORT,2024-08-14T08:22:59.999Z,2720.26,2024-08-14T08:24:59.999Z,2727.83,1000.00,-2.78,-0.2783,389.23
4561,SHORT,2024-08-14T09:44:59.999Z,2721.40,2024-08-14T10:07:59.999Z,2734.49,1000.00,-4.81,-0.4810,384.42
4562,SHORT,2024-08-14T13:03:59.999Z,2728.58,2024-08-14T19:49:59.999Z,2668.96,1000.00,21.85,2.1850,406.27
4563,SHORT,2024-08-14T22:04:59.999Z,2651.28,2024-08-14T23:06:59.999Z,2670.01,1000.00,-7.06,-0.7065,399.20
4564,SHORT,2024-08-14T23:51:59.999Z,2663.62,2024-08-15T00:48:59.999Z,2671.74,1000.00,-3.05,-0.3048,396.15
4565,SHORT,2024-08-15T01:06:59.999Z,2658.38,2024-08-15T09:37:59.999Z,2625.02,1000.00,12.55,1.2549,408.70
4566,SHORT,2024-08-15T10:23:59.999Z,2620.24,2024-08-15T10:29:59.999Z,2624.75,1000.00,-1.72,-0.1721,406.98
4567,SHORT,2024-08-15T10:39:59.999Z,2619.60,2024-08-15T11:14:59.999Z,2627.19,1000.00,-2.90,-0.2897,404.08
4568,SHORT,2024-08-15T17:11:59.999Z,2651.79,2024-08-15T22:09:59.999Z,2562.01,1000.00,33.86,3.3856,437.94
4569,SHORT,2024-08-16T01:19:59.999Z,2557.55,2024-08-16T02:31:59.999Z,2598.20,1000.00,-15.89,-1.5894,422.05
4570,SHORT,2024-08-16T11:14:59.999Z,2613.77,2024-08-16T11:21:59.999Z,2622.22,1000.00,-3.23,-0.3233,418.81
4571,SHORT,2024-08-16T11:45:59.999Z,2611.72,2024-08-16T16:36:59.999Z,2605.67,1000.00,2.32,0.2316,421.13
4572,SHORT,2024-08-16T17:21:59.999Z,2574.20,2024-08-16T17:40:59.999Z,2589.46,1000.00,-5.93,-0.5928,415.20
4573,SHORT,2024-08-16T21:16:59.999Z,2601.03,2024-08-17T01:12:59.999Z,2603.81,1000.00,-1.07,-0.1069,414.13
4574,SHORT,2024-08-17T02:58:59.999Z,2597.08,2024-08-17T04:41:59.999Z,2601.28,1000.00,-1.62,-0.1617,412.51
4575,SHORT,2024-08-17T06:57:59.999Z,2596.68,2024-08-17T08:02:59.999Z,2601.42,1000.00,-1.83,-0.1825,410.69
4576,SHORT,2024-08-17T08:13:59.999Z,2596.21,2024-08-17T08:42:59.999Z,2599.59,1000.00,-1.30,-0.1302,409.39
4577,SHORT,2024-08-17T10:45:59.999Z,2598.26,2024-08-17T12:30:59.999Z,2601.24,1000.00,-1.15,-0.1147,408.24
4578,SHORT,2024-08-17T18:42:59.999Z,2609.43,2024-08-17T20:01:59.999Z,2617.00,1000.00,-2.90,-0.2901,405.34
4579,SHORT,2024-08-17T21:21:59.999Z,2604.68,2024-08-17T23:44:59.999Z,2612.00,1000.00,-2.81,-0.2810,402.53
4580,SHORT,2024-08-18T01:43:59.999Z,2610.30,2024-08-18T02:51:59.999Z,2623.71,1000.00,-5.14,-0.5137,397.39
4581,SHORT,2024-08-18T03:56:59.999Z,2608.01,2024-08-18T07:41:59.999Z,2608.33,1000.00,-0.12,-0.0123,397.27
4582,SHORT,2024-08-18T17:18:59.999Z,2660.15,2024-08-18T19:22:59.999Z,2666.84,1000.00,-2.51,-0.2515,394.75
4583,SHORT,2024-08-18T21:17:59.999Z,2658.76,2024-08-19T02:18:59.999Z,2631.55,1000.00,10.23,1.0234,404.99
4584,SHORT,2024-08-19T05:08:59.999Z,2634.44,2024-08-19T13:18:59.999Z,2603.49,1000.00,11.75,1.1748,416.74
4585,SHORT,2024-08-19T13:53:59.999Z,2572.80,2024-08-19T15:39:59.999Z,2590.09,1000.00,-6.72,-0.6720,410.02
4586,SHORT,2024-08-19T16:20:59.999Z,2578.89,2024-08-19T16:31:59.999Z,2586.68,1000.00,-3.02,-0.3021,407.00
4587,SHORT,2024-08-19T16:35:59.999Z,2579.99,2024-08-19T17:02:59.999Z,2589.76,1000.00,-3.79,-0.3787,403.21
4588,SHORT,2024-08-20T08:12:59.999Z,2666.80,2024-08-20T18:17:59.999Z,2597.99,1000.00,25.80,2.5802,429.01
4589,SHORT,2024-08-20T21:06:59.999Z,2571.59,2024-08-21T02:07:59.999Z,2588.91,1000.00,-6.74,-0.6735,422.28
4590,SHORT,2024-08-21T08:15:59.999Z,2580.99,2024-08-21T14:09:59.999Z,2607.61,1000.00,-10.31,-1.0314,411.96
4591,SHORT,2024-08-21T21:13:59.999Z,2625.94,2024-08-21T21:23:59.999Z,2642.80,1000.00,-6.42,-0.6421,405.54
4592,SHORT,2024-08-21T22:57:59.999Z,2630.67,2024-08-22T00:37:59.999Z,2638.39,1000.00,-2.93,-0.2935,402.61
4593,SHORT,2024-08-22T01:00:59.999Z,2628.36,2024-08-22T04:48:59.999Z,2620.26,1000.00,3.08,0.3082,405.69
4594,SHORT,2024-08-22T09:50:59.999Z,2625.40,2024-08-22T10:36:59.999Z,2633.03,1000.00,-2.91,-0.2906,402.78
4595,SHORT,2024-08-22T12:44:59.999Z,2626.70,2024-08-22T17:30:59.999Z,2611.25,1000.00,5.88,0.5882,408.66
4596,SHORT,2024-08-22T17:31:59.999Z,2604.82,2024-08-22T18:23:59.999Z,2616.08,1000.00,-4.32,-0.4323,404.34
4597,SHORT,2024-08-22T19:20:59.999Z,2605.20,2024-08-22T20:18:59.999Z,2610.80,1000.00,-2.15,-0.2150,402.19
4598,SHORT,2024-08-23T10:01:59.999Z,2668.35,2024-08-23T13:02:59.999Z,2665.60,1000.00,1.03,0.1031,403.22
4599,SHORT,2024-08-23T13:25:59.999Z,2659.70,2024-08-23T14:07:59.999Z,2674.23,1000.00,-5.46,-0.5463,397.76
4600,SHORT,2024-08-23T14:53:59.999Z,2637.88,2024-08-23T15:39:59.999Z,2672.99,1000.00,-13.31,-1.3310,384.45
4601,SHORT,2024-08-24T00:18:59.999Z,2758.81,2024-08-24T05:56:59.999Z,2754.51,1000.00,1.56,0.1559,386.01
4602,SHORT,2024-08-24T11:40:59.999Z,2763.69,2024-08-24T15:43:59.999Z,2762.07,1000.00,0.59,0.0586,386.59
4603,SHORT,2024-08-24T21:10:59.999Z,2779.76,2024-08-25T00:17:59.999Z,2775.20,1000.00,1.64,0.1640,388.23
4604,SHORT,2024-08-25T00:54:59.999Z,2757.89,2024-08-25T02:45:59.999Z,2765.70,1000.00,-2.83,-0.2832,385.40
4605,SHORT,2024-08-25T03:22:59.999Z,2761.55,2024-08-25T04:41:59.999Z,2766.12,1000.00,-1.65,-0.1655,383.75
4606,SHORT,2024-08-25T06:08:59.999Z,2757.41,2024-08-25T09:53:59.999Z,2755.19,1000.00,0.81,0.0805,384.55
4607,SHORT,2024-08-25T12:11:59.999Z,2752.11,2024-08-25T13:20:59.999Z,2757.63,1000.00,-2.01,-0.2006,382.55
4608,SHORT,2024-08-25T19:07:59.999Z,2764.24,2024-08-25T20:10:59.999Z,2769.34,1000.00,-1.84,-0.1845,380.70
4609,SHORT,2024-08-25T22:46:59.999Z,2768.45,2024-08-26T04:30:59.999Z,2749.24,1000.00,6.94,0.6939,387.64
4610,SHORT,2024-08-26T05:35:59.999Z,2745.01,2024-08-26T10:12:59.999Z,2744.49,1000.00,0.19,0.0189,387.83
4611,SHORT,2024-08-26T12:25:59.999Z,2736.66,2024-08-26T16:49:59.999Z,2730.37,1000.00,2.30,0.2298,390.13
4612,SHORT,2024-08-26T17:38:59.999Z,2712.96,2024-08-26T23:21:59.999Z,2691.99,1000.00,7.73,0.7730,397.86
4613,SHORT,2024-08-26T23:48:59.999Z,2683.05,2024-08-27T00:37:59.999Z,2692.40,1000.00,-3.48,-0.3485,394.37
4614,SHORT,2024-08-27T00:54:59.999Z,2680.96,2024-08-27T01:32:59.999Z,2692.90,1000.00,-4.45,-0.4454,389.92
4615,SHORT,2024-08-27T01:48:59.999Z,2683.42,2024-08-27T04:07:59.999Z,2687.36,1000.00,-1.47,-0.1468,388.45
4616,SHORT,2024-08-27T06:42:59.999Z,2675.59,2024-08-27T08:02:59.999Z,2689.99,1000.00,-5.38,-0.5382,383.07
4617,SHORT,2024-08-27T08:15:59.999Z,2682.61,2024-08-27T09:27:59.999Z,2688.40,1000.00,-2.16,-0.2158,380.91
4618,SHORT,2024-08-27T09:37:59.999Z,2680.01,2024-08-27T19:13:59.999Z,2590.64,1000.00,33.35,3.3347,414.26
4619,SHORT,2024-08-27T20:04:59.999Z,2581.16,2024-08-28T03:04:59.999Z,2464.89,1000.00,45.05,4.5046,459.30
4620,SHORT,2024-08-28T06:14:59.999Z,2466.59,2024-08-28T09:03:59.999Z,2463.97,1000.00,1.06,0.1062,460.37
4621,SHORT,2024-08-28T13:53:59.999Z,2501.12,2024-08-28T17:04:59.999Z,2511.08,1000.00,-3.98,-0.3982,456.38
4622,SHORT,2024-08-28T22:32:59.999Z,2520.11,2024-08-28T23:11:59.999Z,2529.82,1000.00,-3.85,-0.3853,452.53
4623,SHORT,2024-08-28T23:13:59.999Z,2526.21,2024-08-28T23:40:59.999Z,2532.52,1000.00,-2.50,-0.2498,450.03
4624,SHORT,2024-08-29T00:33:59.999Z,2520.18,2024-08-29T00:47:59.999Z,2532.01,1000.00,-4.69,-0.4694,445.34
4625,SHORT,2024-08-29T01:20:59.999Z,2519.70,2024-08-29T03:03:59.999Z,2530.35,1000.00,-4.23,-0.4227,441.11
4626,SHORT,2024-08-29T03:57:59.999Z,2524.17,2024-08-29T05:15:59.999Z,2529.48,1000.00,-2.10,-0.2104,439.01
4627,SHORT,2024-08-29T10:19:59.999Z,2542.49,2024-08-29T11:18:59.999Z,2554.35,1000.00,-4.66,-0.4665,434.34
4628,SHORT,2024-08-29T16:52:59.999Z,2563.99,2024-08-29T17:51:59.999Z,2575.57,1000.00,-4.52,-0.4516,429.83
4629,SHORT,2024-08-29T18:10:59.999Z,2554.58,2024-08-30T04:22:59.999Z,2525.52,1000.00,11.38,1.1376,441.20
4630,SHORT,2024-08-30T05:01:59.999Z,2517.53,2024-08-30T06:43:59.999Z,2529.00,1000.00,-4.56,-0.4556,436.65
4631,SHORT,2024-08-30T08:11:59.999Z,2518.62,2024-08-30T08:27:59.999Z,2524.60,1000.00,-2.37,-0.2374,434.27
4632,SHORT,2024-08-30T08:42:59.999Z,2518.21,2024-08-30T09:10:59.999Z,2522.96,1000.00,-1.89,-0.1886,432.39
4633,SHORT,2024-08-30T10:34:59.999Z,2516.01,2024-08-30T12:33:59.999Z,2528.97,1000.00,-5.15,-0.5151,427.24
4634,SHORT,2024-08-30T14:14:59.999Z,2510.20,2024-08-30T18:17:59.999Z,2479.79,1000.00,12.11,1.2115,439.35
4635,SHORT,2024-08-31T02:21:59.999Z,2521.60,2024-08-31T03:34:59.999Z,2526.60,1000.00,-1.98,-0.1983,437.37
4636,SHORT,2024-08-31T06:05:59.999Z,2523.00,2024-08-31T06:20:59.999Z,2527.62,1000.00,-1.83,-0.1831,435.54
4637,SHORT,2024-08-31T06:45:59.999Z,2524.66,2024-08-31T10:36:59.999Z,2522.00,1000.00,1.05,0.1054,436.59
4638,SHORT,2024-08-31T13:57:59.999Z,2517.87,2024-08-31T20:54:59.999Z,2507.22,1000.00,4.23,0.4230,440.82
4639,SHORT,2024-09-01T00:29:59.999Z,2507.99,2024-09-01T07:51:59.999Z,2486.30,1000.00,8.65,0.8648,449.47
4640,SHORT,2024-09-01T10:21:59.999Z,2477.20,2024-09-01T15:48:59.999Z,2483.81,1000.00,-2.67,-0.2668,446.80
4641,SHORT,2024-09-01T17:30:59.999Z,2459.79,2024-09-01T18:10:59.999Z,2471.79,1000.00,-4.88,-0.4878,441.92
4642,SHORT,2024-09-01T21:28:59.999Z,2477.40,2024-09-02T02:16:59.999Z,2447.00,1000.00,12.27,1.2271,454.19
4643,SHORT,2024-09-02T02:37:59.999Z,2435.11,2024-09-02T03:10:59.999Z,2448.12,1000.00,-5.34,-0.5343,448.85
4644,SHORT,2024-09-02T04:41:59.999Z,2439.79,2024-09-02T05:30:59.999Z,2446.00,1000.00,-2.55,-0.2545,446.30
4645,SHORT,2024-09-02T07:25:59.999Z,2440.27,2024-09-02T08:21:59.999Z,2460.80,1000.00,-8.41,-0.8413,437.89
4646,SHORT,2024-09-02T13:53:59.999Z,2509.40,2024-09-02T14:46:59.999Z,2517.37,1000.00,-3.18,-0.3176,434.72
4647,SHORT,2024-09-02T16:41:59.999Z,2510.17,2024-09-02T17:28:59.999Z,2518.40,1000.00,-3.28,-0.3279,431.44
4648,SHORT,2024-09-02T23:51:59.999Z,2534.80,2024-09-03T02:12:59.999Z,2544.55,1000.00,-3.85,-0.3846,427.59
4649,SHORT,2024-09-03T02:50:59.999Z,2534.04,2024-09-03T11:56:59.999Z,2508.83,1000.00,9.95,0.9949,437.54
4650,SHORT,2024-09-03T13:32:59.999Z,2489.05,2024-09-03T18:59:59.999Z,2452.20,1000.00,14.80,1.4805,452.34
4651,SHORT,2024-09-03T22:59:59.999Z,2453.59,2024-09-04T06:54:59.999Z,2381.60,1000.00,29.34,2.9341,481.68
4652,SHORT,2024-09-04T07:01:59.999Z,2372.32,2024-09-04T07:03:59.999Z,2377.33,1000.00,-2.11,-0.2112,479.57
4653,SHORT,2024-09-04T10:54:59.999Z,2388.50,2024-09-04T11:35:59.999Z,2400.95,1000.00,-5.21,-0.5212,474.36
4654,SHORT,2024-09-04T18:40:59.999Z,2444.99,2024-09-04T20:06:59.999Z,2452.49,1000.00,-3.07,-0.3067,471.29
4655,SHORT,2024-09-04T23:45:59.999Z,2450.00,2024-09-05T00:50:59.999Z,2459.50,1000.00,-3.88,-0.3878,467.41
4656,SHORT,2024-09-05T01:02:59.999Z,2453.89,2024-09-05T01:08:59.999Z,2458.10,1000.00,-1.72,-0.1716,465.70
4657,SHORT,2024-09-05T01:13:59.999Z,2455.16,2024-09-05T01:37:59.999Z,2461.23,1000.00,-2.47,-0.2472,463.23
4658,SHORT,2024-09-05T02:12:59.999Z,2445.82,2024-09-05T07:43:59.999Z,2415.22,1000.00,12.51,1.2511,475.74
4659,SHORT,2024-09-05T08:33:59.999Z,2403.82,2024-09-05T13:28:59.999Z,2395.27,1000.00,3.56,0.3557,479.29
4660,SHORT,2024-09-05T14:51:59.999Z,2366.41,2024-09-05T17:47:59.999Z,2390.65,1000.00,-10.24,-1.0243,469.05
4661,SHORT,2024-09-05T19:22:59.999Z,2368.53,2024-09-06T00:15:59.999Z,2374.45,1000.00,-2.50,-0.2499,466.55
4662,SHORT,2024-09-06T00:36:59.999Z,2359.12,2024-09-06T01:20:59.999Z,2378.30,1000.00,-8.13,-0.8130,458.42
4663,SHORT,2024-09-06T04:50:59.999Z,2388.67,2024-09-06T10:17:59.999Z,2364.34,1000.00,10.19,1.0186,468.61
4664,SHORT,2024-09-06T14:00:59.999Z,2358.71,2024-09-06T22:42:59.999Z,2219.60,1000.00,58.98,5.8977,527.58
4665,SHORT,2024-09-06T22:56:59.999Z,2209.94,2024-09-06T23:29:59.999Z,2220.61,1000.00,-4.83,-0.4828,522.76
4666,SHORT,2024-09-07T16:42:59.999Z,2288.88,2024-09-07T19:50:59.999Z,2289.80,1000.00,-0.40,-0.0402,522.35
4667,SHORT,2024-09-07T20:26:59.999Z,2281.51,2024-09-08T00:18:59.999Z,2272.10,1000.00,4.12,0.4124,526.48
4668,SHORT,2024-09-08T00:44:59.999Z,2265.18,2024-09-08T01:06:59.999Z,2273.14,1000.00,-3.51,-0.3514,522.96
4669,SHORT,2024-09-08T06:35:59.999Z,2287.09,2024-09-08T07:06:59.999Z,2291.84,1000.00,-2.08,-0.2077,520.89
4670,SHORT,2024-09-08T11:59:59.999Z,2296.60,2024-09-08T17:41:59.999Z,2273.97,1000.00,9.85,0.9854,530.74
4671,SHORT,2024-09-08T20:41:59.999Z,2268.20,2024-09-08T20:51:59.999Z,2274.61,1000.00,-2.83,-0.2826,527.92
4672,SHORT,2024-09-09T03:18:59.999Z,2292.39,2024-09-09T03:56:59.999Z,2303.73,1000.00,-4.95,-0.4947,522.97
4673,SHORT,2024-09-09T04:25:59.999Z,2296.79,2024-09-09T06:59:59.999Z,2305.27,1000.00,-3.69,-0.3692,519.28
4674,SHORT,2024-09-09T11:18:59.999Z,2315.50,2024-09-09T13:57:59.999Z,2324.25,1000.00,-3.78,-0.3779,515.50
4675,SHORT,2024-09-09T14:15:59.999Z,2296.17,2024-09-09T16:13:59.999Z,2336.18,1000.00,-17.42,-1.7425,498.07
4676,SHORT,2024-09-10T00:19:59.999Z,2351.11,2024-09-10T05:42:59.999Z,2348.31,1000.00,1.19,0.1191,499.26
4677,SHORT,2024-09-10T09:17:59.999Z,2348.00,2024-09-10T12:01:59.999Z,2351.60,1000.00,-1.53,-0.1533,497.73
4678,SHORT,2024-09-10T13:07:59.999Z,2339.57,2024-09-10T15:34:59.999Z,2345.40,1000.00,-2.49,-0.2492,495.24
4679,SHORT,2024-09-10T15:50:59.999Z,2330.77,2024-09-10T17:07:59.999Z,2343.12,1000.00,-5.30,-0.5299,489.94
4680,SHORT,2024-09-11T00:34:59.999Z,2377.87,2024-09-11T07:37:59.999Z,2337.78,1000.00,16.86,1.6860,506.80
4681,SHORT,2024-09-11T08:25:59.999Z,2333.77,2024-09-11T12:12:59.999Z,2329.06,1000.00,2.02,0.2018,508.82
4682,SHORT,2024-09-11T12:44:59.999Z,2316.50,2024-09-11T13:00:59.999Z,2336.88,1000.00,-8.80,-0.8798,500.02
4683,SHORT,2024-09-11T13:44:59.999Z,2317.79,2024-09-11T15:40:59.999Z,2323.82,1000.00,-2.60,-0.2602,497.42
4684,SHORT,2024-09-11T19:05:59.999Z,2332.68,2024-09-11T20:19:59.999Z,2342.94,1000.00,-4.40,-0.4398,493.02
4685,SHORT,2024-09-11T22:17:59.999Z,2338.12,2024-09-11T23:42:59.999Z,2343.40,1000.00,-2.26,-0.2258,490.76
4686,SHORT,2024-09-12T05:20:59.999Z,2365.60,2024-09-12T05:24:59.999Z,2367.00,1000.00,-0.59,-0.0592,490.17
4687,SHORT,2024-09-12T05:34:59.999Z,2359.99,2024-09-12T08:27:59.999Z,2365.07,1000.00,-2.15,-0.2153,488.02
4688,SHORT,2024-09-12T09:00:59.999Z,2359.56,2024-09-12T14:24:59.999Z,2353.83,1000.00,2.43,0.2428,490.45
4689,SHORT,2024-09-12T14:53:59.999Z,2336.60,2024-09-12T17:09:59.999Z,2340.12,1000.00,-1.51,-0.1506,488.94
4690,SHORT,2024-09-12T21:16:59.999Z,2344.71,2024-09-12T22:10:59.999Z,2354.09,1000.00,-4.00,-0.4000,484.94
4691,SHORT,2024-09-13T01:09:59.999Z,2351.46,2024-09-13T03:12:59.999Z,2358.92,1000.00,-3.17,-0.3172,481.77
4692,SHORT,2024-09-13T04:37:59.999Z,2355.00,2024-09-13T08:28:59.999Z,2348.12,1000.00,2.92,0.2921,484.69
4693,SHORT,2024-09-13T08:53:59.999Z,2344.32,2024-09-13T09:17:59.999Z,2355.28,1000.00,-4.68,-0.4675,480.01
4694,SHORT,2024-09-13T12:22:59.999Z,2347.40,2024-09-13T14:07:59.999Z,2366.25,1000.00,-8.03,-0.8030,471.98
4695,SHORT,2024-09-14T00:22:59.999Z,2434.44,2024-09-14T03:43:59.999Z,2433.59,1000.00,0.35,0.0349,472.33
4696,SHORT,2024-09-14T04:30:59.999Z,2429.46,2024-09-14T12:14:59.999Z,2421.32,1000.00,3.35,0.3351,475.68
4697,SHORT,2024-09-14T13:31:59.999Z,2415.19,2024-09-14T14:27:59.999Z,2422.66,1000.00,-3.09,-0.3093,472.59
4698,SHORT,2024-09-14T16:03:59.999Z,2415.21,2024-09-14T16:13:59.999Z,2419.86,1000.00,-1.93,-0.1925,470.66
4699,SHORT,2024-09-14T16:29:59.999Z,2415.60,2024-09-14T20:28:59.999Z,2415.09,1000.00,0.21,0.0211,470.88
4700,SHORT,2024-09-15T03:57:59.999Z,2420.36,2024-09-15T06:53:59.999Z,2421.20,1000.00,-0.35,-0.0347,470.53
4701,SHORT,2024-09-15T08:22:59.999Z,2414.86,2024-09-15T13:07:59.999Z,2413.29,1000.00,0.65,0.0650,471.18
4702,SHORT,2024-09-15T14:15:59.999Z,2398.01,2024-09-15T15:50:59.999Z,2410.83,1000.00,-5.35,-0.5346,465.83
4703,SHORT,2024-09-15T16:02:59.999Z,2406.99,2024-09-16T05:12:59.999Z,2289.50,1000.00,48.81,4.8812,514.64
4704,SHORT,2024-09-16T09:49:59.999Z,2293.67,2024-09-16T11:26:59.999Z,2303.30,1000.00,-4.20,-0.4199,510.45
4705,SHORT,2024-09-16T12:50:59.999Z,2300.47,2024-09-16T17:55:59.999Z,2306.29,1000.00,-2.53,-0.2530,507.92
4706,SHORT,2024-09-16T18:57:59.999Z,2287.49,2024-09-16T21:51:59.999Z,2288.33,1000.00,-0.37,-0.0367,507.55
4707,SHORT,2024-09-17T00:55:59.999Z,2276.96,2024-09-17T02:50:59.999Z,2288.49,1000.00,-5.06,-0.5064,502.49
4708,SHORT,2024-09-17T12:00:59.999Z,2308.07,2024-09-17T12:11:59.999Z,2311.79,1000.00,-1.61,-0.1612,500.87
4709,SHORT,2024-09-17T12:13:59.999Z,2308.86,2024-09-17T12:27:59.999Z,2314.17,1000.00,-2.30,-0.2300,498.57
4710,SHORT,2024-09-17T14:00:59.999Z,2306.88,2024-09-17T14:08:59.999Z,2320.61,1000.00,-5.95,-0.5952,492.62
4711,SHORT,2024-09-17T18:43:59.999Z,2360.74,2024-09-18T02:51:59.999Z,2331.81,1000.00,12.25,1.2255,504.88
4712,SHORT,2024-09-18T04:37:59.999Z,2328.37,2024-09-18T07:02:59.999Z,2330.01,1000.00,-0.70,-0.0704,504.17
4713,SHORT,2024-09-18T08:17:59.999Z,2323.18,2024-09-18T12:58:59.999Z,2311.60,1000.00,4.98,0.4985,509.16
4714,SHORT,2024-09-18T13:40:59.999Z,2299.10,2024-09-18T15:20:59.999Z,2308.00,1000.00,-3.87,-0.3871,505.29
4715,SHORT,2024-09-18T15:41:59.999Z,2299.20,2024-09-18T16:52:59.999Z,2304.80,1000.00,-2.44,-0.2436,502.85
4716,SHORT,2024-09-18T17:13:59.999Z,2293.99,2024-09-18T17:43:59.999Z,2307.11,1000.00,-5.72,-0.5719,497.13
4717,SHORT,2024-09-18T20:03:59.999Z,2303.80,2024-09-18T20:53:59.999Z,2325.80,1000.00,-9.55,-0.9549,487.58
4718,SHORT,2024-09-19T10:59:59.999Z,2425.63,2024-09-19T11:49:59.999Z,2432.60,1000.00,-2.87,-0.2873,484.71
4719,SHORT,2024-09-19T13:53:59.999Z,2424.07,2024-09-19T14:36:59.999Z,2437.32,1000.00,-5.47,-0.5466,479.24
4720,SHORT,2024-09-19T14:45:59.999Z,2426.80,2024-09-19T15:46:59.999Z,2438.56,1000.00,-4.85,-0.4846,474.40
4721,SHORT,2024-09-19T19:59:59.999Z,2460.93,2024-09-19T21:21:59.999Z,2467.81,1000.00,-2.80,-0.2796,471.60
4722,SHORT,2024-09-19T21:48:59.999Z,2464.28,2024-09-19T22:51:59.999Z,2468.33,1000.00,-1.64,-0.1643,469.96
4723,SHORT,2024-09-20T00:08:59.999Z,2463.47,2024-09-20T03:13:59.999Z,2458.91,1000.00,1.85,0.1851,471.81
4724,SHORT,2024-09-20T09:57:59.999Z,2542.81,2024-09-20T10:40:59.999Z,2552.47,1000.00,-3.80,-0.3799,468.01
4725,SHORT,2024-09-20T11:33:59.999Z,2540.81,2024-09-20T12:21:59.999Z,2554.00,1000.00,-5.19,-0.5191,462.82
4726,SHORT,2024-09-20T13:15:59.999Z,2530.70,2024-09-20T14:39:59.999Z,2563.09,1000.00,-12.80,-1.2799,450.02
4727,SHORT,2024-09-20T15:15:59.999Z,2532.60,2024-09-20T15:43:59.999Z,2553.71,1000.00,-8.34,-0.8335,441.68
4728,SHORT,2024-09-20T17:23:59.999Z,2539.01,2024-09-20T19:20:59.999Z,2545.93,1000.00,-2.73,-0.2725,438.96
4729,SHORT,2024-09-20T20:15:59.999Z,2542.23,2024-09-20T20:24:59.999Z,2544.36,1000.00,-0.84,-0.0838,438.12
4730,SHORT,2024-09-20T20:29:59.999Z,2540.28,2024-09-20T20:44:59.999Z,2546.11,1000.00,-2.30,-0.2295,435.82
4731,SHORT,2024-09-21T01:48:59.999Z,2547.42,2024-09-21T06:06:59.999Z,2546.60,1000.00,0.32,0.0322,436.15
4732,SHORT,2024-09-21T09:10:59.999Z,2546.43,2024-09-21T09:29:59.999Z,2551.60,1000.00,-2.03,-0.2030,434.12
4733,SHORT,2024-09-21T10:21:59.999Z,2545.04,2024-09-21T11:30:59.999Z,2551.59,1000.00,-2.57,-0.2574,431.54
4734,SHORT,2024-09-21T15:23:59.999Z,2558.24,2024-09-21T16:07:59.999Z,2566.27,1000.00,-3.14,-0.3139,428.40
4735,SHORT,2024-09-21T16:34:59.999Z,2560.50,2024-09-21T17:11:59.999Z,2563.38,1000.00,-1.12,-0.1125,427.28
4736,SHORT,2024-09-21T20:57:59.999Z,2565.19,2024-09-21T22:46:59.999Z,2570.00,1000.00,-1.88,-0.1875,425.40
4737,SHORT,2024-09-22T02:19:59.999Z,2588.11,2024-09-22T03:26:59.999Z,2604.21,1000.00,-6.22,-0.6221,419.18
4738,SHORT,2024-09-22T03:51:59.999Z,2597.79,2024-09-22T04:51:59.999Z,2600.71,1000.00,-1.12,-0.1124,418.06
4739,SHORT,2024-09-22T05:05:59.999Z,2593.03,2024-09-22T08:21:59.999Z,2589.66,1000.00,1.30,0.1300,419.36
4740,SHORT,2024-09-22T09:23:59.999Z,2581.13,2024-09-22T12:08:59.999Z,2583.42,1000.00,-0.89,-0.0887,418.47
4741,SHORT,2024-09-22T12:34:59.999Z,2578.58,2024-09-22T13:14:59.999Z,2587.61,1000.00,-3.50,-0.3502,414.97
4742,SHORT,2024-09-22T13:34:59.999Z,2573.60,2024-09-22T17:07:59.999Z,2574.04,1000.00,-0.17,-0.0171,414.80
4743,SHORT,2024-09-22T19:16:59.999Z,2571.61,2024-09-22T20:11:59.999Z,2578.22,1000.00,-2.57,-0.2570,412.23
4744,SHORT,2024-09-22T20:58:59.999Z,2571.94,2024-09-22T21:22:59.999Z,2577.41,1000.00,-2.13,-0.2127,410.10
4745,SHORT,2024-09-22T21:26:59.999Z,2575.38,2024-09-22T22:57:59.999Z,2591.99,1000.00,-6.45,-0.6450,403.65
4746,SHORT,2024-09-23T00:18:59.999Z,2554.99,2024-09-23T00:45:59.999Z,2579.40,1000.00,-9.55,-0.9554,394.10
4747,SHORT,2024-09-23T07:12:59.999Z,2647.61,2024-09-23T09:23:59.999Z,2653.38,1000.00,-2.18,-0.2179,391.92
4748,SHORT,2024-09-23T10:18:59.999Z,2634.96,2024-09-23T10:50:59.999Z,2651.89,1000.00,-6.43,-0.6425,385.49
4749,SHORT,2024-09-23T11:01:59.999Z,2647.99,2024-09-23T11:03:59.999Z,2650.20,1000.00,-0.83,-0.0835,384.66
4750,SHORT,2024-09-23T11:04:59.999Z,2645.80,2024-09-23T14:10:59.999Z,2660.60,1000.00,-5.59,-0.5594,379.07
4751,SHORT,2024-09-23T17:28:59.999Z,2663.61,2024-09-23T17:33:59.999Z,2667.63,1000.00,-1.51,-0.1509,377.56
4752,SHORT,2024-09-23T17:39:59.999Z,2663.94,2024-09-23T18:00:59.999Z,2669.34,1000.00,-2.03,-0.2027,375.53
4753,SHORT,2024-09-23T20:36:59.999Z,2669.34,2024-09-24T05:27:59.999Z,2629.91,1000.00,14.77,1.4771,390.30
4754,SHORT,2024-09-24T11:05:59.999Z,2643.40,2024-09-24T16:55:59.999Z,2629.64,1000.00,5.21,0.5205,395.51
4755,SHORT,2024-09-25T00:13:59.999Z,2649.41,2024-09-25T01:41:59.999Z,2669.48,1000.00,-7.58,-0.7575,387.93
4756,SHORT,2024-09-25T02:10:59.999Z,2643.20,2024-09-25T02:45:59.999Z,2654.54,1000.00,-4.29,-0.4290,383.64
4757,SHORT,2024-09-25T02:53:59.999Z,2648.53,2024-09-25T08:51:59.999Z,2627.19,1000.00,8.06,0.8057,391.70
4758,SHORT,2024-09-25T09:43:59.999Z,2622.59,2024-09-25T10:25:59.999Z,2628.62,1000.00,-2.30,-0.2299,389.40
4759,SHORT,2024-09-25T10:53:59.999Z,2620.21,2024-09-25T12:02:59.999Z,2625.51,1000.00,-2.02,-0.2023,387.38
4760,SHORT,2024-09-25T12:34:59.999Z,2622.20,2024-09-25T14:24:59.999Z,2627.08,1000.00,-1.86,-0.1861,385.51
4761,SHORT,2024-09-25T15:34:59.999Z,2607.62,2024-09-25T21:50:59.999Z,2584.50,1000.00,8.87,0.8866,394.38
4762,SHORT,2024-09-25T22:01:59.999Z,2577.51,2024-09-26T00:07:59.999Z,2584.68,1000.00,-2.78,-0.2782,391.60
4763,SHORT,2024-09-26T00:48:59.999Z,2561.10,2024-09-26T01:57:59.999Z,2587.00,1000.00,-10.11,-1.0113,381.49
4764,SHORT,2024-09-26T13:37:59.999Z,2622.38,2024-09-26T14:18:59.999Z,2645.35,1000.00,-8.76,-0.8759,372.73
4765,SHORT,2024-09-26T15:02:59.999Z,2613.40,2024-09-26T15:23:59.999Z,2637.98,1000.00,-9.41,-0.9405,363.32
4766,SHORT,2024-09-26T17:49:59.999Z,2632.98,2024-09-26T18:58:59.999Z,2655.80,1000.00,-8.67,-0.8667,354.65
4767,SHORT,2024-09-26T20:35:59.999Z,2634.22,2024-09-27T00:55:59.999Z,2638.50,1000.00,-1.62,-0.1625,353.03
4768,SHORT,2024-09-27T01:37:59.999Z,2628.14,2024-09-27T03:49:59.999Z,2635.46,1000.00,-2.79,-0.2785,350.24
4769,SHORT,2024-09-27T10:11:59.999Z,2648.49,2024-09-27T12:36:59.999Z,2662.92,1000.00,-5.45,-0.5448,344.80
4770,SHORT,2024-09-27T13:40:59.999Z,2646.54,2024-09-27T14:03:59.999Z,2662.21,1000.00,-5.92,-0.5921,338.88
4771,SHORT,2024-09-27T18:43:59.999Z,2691.01,2024-09-27T18:51:59.999Z,2696.97,1000.00,-2.21,-0.2215,336.66
4772,SHORT,2024-09-27T20:26:59.999Z,2694.43,2024-09-27T22:26:59.999Z,2698.21,1000.00,-1.40,-0.1403,335.26
4773,SHORT,2024-09-27T23:56:59.999Z,2696.09,2024-09-28T02:37:59.999Z,2703.38,1000.00,-2.70,-0.2704,332.55
4774,SHORT,2024-09-28T03:36:59.999Z,2693.20,2024-09-28T04:41:59.999Z,2698.02,1000.00,-1.79,-0.1790,330.76
4775,SHORT,2024-09-28T04:54:59.999Z,2694.29,2024-09-28T10:47:59.999Z,2676.00,1000.00,6.79,0.6788,337.55
4776,SHORT,2024-09-28T11:48:59.999Z,2671.60,2024-09-28T11:52:59.999Z,2673.24,1000.00,-0.61,-0.0614,336.94
4777,SHORT,2024-09-28T12:10:59.999Z,2669.93,2024-09-28T14:19:59.999Z,2671.40,1000.00,-0.55,-0.0551,336.39
4778,SHORT,2024-09-28T16:46:59.999Z,2664.74,2024-09-28T17:22:59.999Z,2672.64,1000.00,-2.96,-0.2965,333.42
4779,SHORT,2024-09-28T21:07:59.999Z,2674.61,2024-09-28T22:43:59.999Z,2675.87,1000.00,-0.47,-0.0471,332.95
4780,SHORT,2024-09-28T23:28:59.999Z,2670.64,2024-09-28T23:50:59.999Z,2679.23,1000.00,-3.22,-0.3216,329.74
4781,SHORT,2024-09-29T00:49:59.999Z,2671.98,2024-09-29T02:10:59.999Z,2678.49,1000.00,-2.44,-0.2436,327.30
4782,SHORT,2024-09-29T03:16:59.999Z,2668.89,2024-09-29T03:49:59.999Z,2674.68,1000.00,-2.17,-0.2169,325.13
4783,SHORT,2024-09-29T04:08:59.999Z,2672.00,2024-09-29T11:26:59.999Z,2651.33,1000.00,7.74,0.7736,332.87
4784,SHORT,2024-09-29T13:02:59.999Z,2641.08,2024-09-29T13:17:59.999Z,2656.00,1000.00,-5.65,-0.5649,327.22
4785,SHORT,2024-09-29T14:51:59.999Z,2648.39,2024-09-29T15:07:59.999Z,2654.18,1000.00,-2.19,-0.2186,325.03
4786,SHORT,2024-09-29T20:43:59.999Z,2658.99,2024-09-29T21:25:59.999Z,2667.67,1000.00,-3.26,-0.3264,321.77
4787,SHORT,2024-09-29T22:22:59.999Z,2660.12,2024-09-30T05:04:59.999Z,2629.41,1000.00,11.54,1.1545,333.31
4788,SHORT,2024-09-30T08:24:59.999Z,2627.37,2024-09-30T08:35:59.999Z,2639.26,1000.00,-4.53,-0.4525,328.79
4789,SHORT,2024-09-30T09:34:59.999Z,2628.99,2024-09-30T11:59:59.999Z,2628.94,1000.00,0.02,0.0019,328.80
4790,SHORT,2024-09-30T14:10:59.999Z,2614.86,2024-09-30T20:13:59.999Z,2605.00,1000.00,3.77,0.3771,332.58
4791,SHORT,2024-09-30T23:00:59.999Z,2596.48,2024-10-01T00:34:59.999Z,2608.48,1000.00,-4.62,-0.4622,327.95
4792,SHORT,2024-10-01T08:49:59.999Z,2638.69,2024-10-01T09:14:59.999Z,2644.86,1000.00,-2.34,-0.2338,325.62
4793,SHORT,2024-10-01T09:24:59.999Z,2641.49,2024-10-01T09:27:59.999Z,2643.80,1000.00,-0.87,-0.0875,324.74
4794,SHORT,2024-10-01T09:31:59.999Z,2641.26,2024-10-02T00:55:59.999Z,2461.68,1000.00,67.99,6.7990,392.73
4795,SHORT,2024-10-02T05:45:59.999Z,2479.14,2024-10-02T06:46:59.999Z,2489.21,1000.00,-4.06,-0.4062,388.67
4796,SHORT,2024-10-02T07:25:59.999Z,2477.50,2024-10-02T07:31:59.999Z,2485.79,1000.00,-3.35,-0.3346,385.32
4797,SHORT,2024-10-02T08:11:59.999Z,2478.91,2024-10-02T08:41:59.999Z,2485.17,1000.00,-2.53,-0.2525,382.80
4798,SHORT,2024-10-02T08:52:59.999Z,2481.13,2024-10-02T15:24:59.999Z,2458.76,1000.00,9.02,0.9016,391.81
4799,SHORT,2024-10-02T17:23:59.999Z,2448.41,2024-10-03T01:06:59.999Z,2381.77,1000.00,27.22,2.7218,419.03
4800,SHORT,2024-10-03T05:43:59.999Z,2387.80,2024-10-03T10:53:59.999Z,2360.00,1000.00,11.64,1.1643,430.67
4801,SHORT,2024-10-03T11:49:59.999Z,2353.24,2024-10-03T17:26:59.999Z,2346.00,1000.00,3.08,0.3077,433.75
4802,SHORT,2024-10-03T21:03:59.999Z,2334.81,2024-10-03T21:20:59.999Z,2348.65,1000.00,-5.93,-0.5928,427.82
4803,SHORT,2024-10-04T00:24:59.999Z,2345.53,2024-10-04T01:24:59.999Z,2364.54,1000.00,-8.10,-0.8105,419.72
4804,SHORT,2024-10-04T09:50:59.999Z,2377.02,2024-10-04T11:46:59.999Z,2383.68,1000.00,-2.80,-0.2802,416.92
4805,SHORT,2024-10-04T14:02:59.999Z,2378.00,2024-10-04T15:20:59.999Z,2390.18,1000.00,-5.12,-0.5122,411.79
4806,SHORT,2024-10-04T22:10:59.999Z,2422.02,2024-10-05T01:00:59.999Z,2424.21,1000.00,-0.90,-0.0904,410.89
4807,SHORT,2024-10-05T01:32:59.999Z,2416.80,2024-10-05T05:14:59.999Z,2412.10,1000.00,1.94,0.1945,412.83
4808,SHORT,2024-10-05T11:18:59.999Z,2417.76,2024-10-05T12:58:59.999Z,2422.09,1000.00,-1.79,-0.1791,411.04
4809,SHORT,2024-10-05T13:35:59.999Z,2418.14,2024-10-05T21:29:59.999Z,2404.36,1000.00,5.70,0.5699,416.74
4810,SHORT,2024-10-06T00:46:59.999Z,2408.63,2024-10-06T01:12:59.999Z,2413.16,1000.00,-1.88,-0.1881,414.86
4811,SHORT,2024-10-06T04:42:59.999Z,2410.61,2024-10-06T05:48:59.999Z,2418.00,1000.00,-3.07,-0.3066,411.80
4812,SHORT,2024-10-06T10:43:59.999Z,2419.37,2024-10-06T11:14:59.999Z,2421.99,1000.00,-1.08,-0.1083,410.71
4813,SHORT,2024-10-06T17:14:59.999Z,2439.80,2024-10-06T17:17:59.999Z,2442.21,1000.00,-0.99,-0.0988,409.73
4814,SHORT,2024-10-06T20:02:59.999Z,2439.77,2024-10-06T23:23:59.999Z,2440.41,1000.00,-0.26,-0.0262,409.46
4815,SHORT,2024-10-07T04:55:59.999Z,2488.83,2024-10-07T07:06:59.999Z,2492.10,1000.00,-1.31,-0.1314,408.15
4816,SHORT,2024-10-07T07:18:59.999Z,2485.75,2024-10-07T12:03:59.999Z,2468.51,1000.00,6.94,0.6936,415.08
4817,SHORT,2024-10-07T15:59:59.999Z,2474.23,2024-10-07T21:42:59.999Z,2453.61,1000.00,8.33,0.8334,423.42
4818,SHORT,2024-10-07T22:53:59.999Z,2443.49,2024-10-08T03:01:59.999Z,2442.40,1000.00,0.45,0.0446,423.86
4819,SHORT,2024-10-08T05:09:59.999Z,2431.01,2024-10-08T07:04:59.999Z,2435.66,1000.00,-1.91,-0.1913,421.95
4820,SHORT,2024-10-08T07:10:59.999Z,2428.81,2024-10-08T09:55:59.999Z,2434.84,1000.00,-2.48,-0.2483,419.47
4821,SHORT,2024-10-08T13:00:59.999Z,2428.81,2024-10-08T13:41:59.999Z,2442.80,1000.00,-5.76,-0.5760,413.71
4822,SHORT,2024-10-08T14:31:59.999Z,2421.36,2024-10-08T16:41:59.999Z,2448.03,1000.00,-11.01,-1.1014,402.69
4823,SHORT,2024-10-08T19:10:59.999Z,2429.25,2024-10-08T19:42:59.999Z,2440.19,1000.00,-4.50,-0.4503,398.19
4824,SHORT,2024-10-08T23:06:59.999Z,2436.00,2024-10-09T01:22:59.999Z,2451.81,1000.00,-6.49,-0.6490,391.70
4825,SHORT,2024-10-09T03:12:59.999Z,2446.10,2024-10-09T03:42:59.999Z,2454.00,1000.00,-3.23,-0.3230,388.47
4826,SHORT,2024-10-09T03:52:59.999Z,2446.71,2024-10-09T05:50:59.999Z,2449.94,1000.00,-1.32,-0.1320,387.15
4827,SHORT,2024-10-09T06:39:59.999Z,2442.61,2024-10-09T11:45:59.999Z,2437.87,1000.00,1.94,0.1941,389.09
4828,SHORT,2024-10-09T12:41:59.999Z,2427.97,2024-10-09T14:23:59.999Z,2439.33,1000.00,-4.68,-0.4679,384.41
4829,SHORT,2024-10-09T16:37:59.999Z,2436.80,2024-10-10T01:08:59.999Z,2383.06,1000.00,22.05,2.2054,406.47
4830,SHORT,2024-10-10T07:47:59.999Z,2397.08,2024-10-10T10:27:59.999Z,2395.93,1000.00,0.48,0.0480,406.95
4831,SHORT,2024-10-10T12:42:59.999Z,2386.21,2024-10-10T15:48:59.999Z,2390.48,1000.00,-1.79,-0.1789,405.16
4832,SHORT,2024-10-10T17:16:59.999Z,2390.40,2024-10-10T21:26:59.999Z,2371.05,1000.00,8.09,0.8095,413.25
4833,SHORT,2024-10-11T08:07:59.999Z,2406.14,2024-10-11T09:21:59.999Z,2411.47,1000.00,-2.22,-0.2215,411.04
4834,SHORT,2024-10-11T22:04:59.999Z,2449.90,2024-10-12T01:05:59.999Z,2450.40,1000.00,-0.20,-0.0204,410.83
4835,SHORT,2024-10-12T02:02:59.999Z,2443.93,2024-10-12T04:29:59.999Z,2445.42,1000.00,-0.61,-0.0610,410.22
4836,SHORT,2024-10-12T09:17:59.999Z,2443.70,2024-10-12T09:21:59.999Z,2447.02,1000.00,-1.36,-0.1359,408.86
4837,SHORT,2024-10-12T09:49:59.999Z,2444.27,2024-10-12T10:14:59.999Z,2449.20,1000.00,-2.02,-0.2017,406.85
4838,SHORT,2024-10-12T18:44:59.999Z,2470.48,2024-10-12T21:10:59.999Z,2474.75,1000.00,-1.73,-0.1728,405.12
4839,SHORT,2024-10-13T00:11:59.999Z,2477.69,2024-10-13T00:28:59.999Z,2482.78,1000.00,-2.05,-0.2054,403.06
4840,SHORT,2024-10-13T01:01:59.999Z,2472.51,2024-10-13T05:31:59.999Z,2465.85,1000.00,2.69,0.2694,405.76
4841,SHORT,2024-10-13T05:54:59.999Z,2464.23,2024-10-13T06:05:59.999Z,2466.42,1000.00,-0.89,-0.0889,404.87
4842,SHORT,2024-10-13T07:10:59.999Z,2462.27,2024-10-13T08:14:59.999Z,2466.01,1000.00,-1.52,-0.1519,403.35
4843,SHORT,2024-10-13T09:00:59.999Z,2462.75,2024-10-13T09:50:59.999Z,2467.00,1000.00,-1.73,-0.1726,401.62
4844,SHORT,2024-10-13T11:04:59.999Z,2464.41,2024-10-13T12:47:59.999Z,2466.93,1000.00,-1.02,-0.1023,400.60
4845,SHORT,2024-10-13T14:03:59.999Z,2461.80,2024-10-13T16:57:59.999Z,2455.49,1000.00,2.56,0.2563,403.17
4846,SHORT,2024-10-13T17:46:59.999Z,2444.59,2024-10-13T19:31:59.999Z,2452.24,1000.00,-3.13,-0.3129,400.04
4847,SHORT,2024-10-14T00:18:59.999Z,2452.94,2024-10-14T03:23:59.999Z,2472.84,1000.00,-8.11,-0.8113,391.92
4848,SHORT,2024-10-14T09:10:59.999Z,2521.38,2024-10-14T09:21:59.999Z,2527.75,1000.00,-2.53,-0.2526,389.40
4849,SHORT,2024-10-14T19:59:59.999Z,2620.51,2024-10-14T20:31:59.999Z,2626.81,1000.00,-2.40,-0.2404,386.99
4850,SHORT,2024-10-14T21:04:59.999Z,2620.40,2024-10-14T22:21:59.999Z,2632.74,1000.00,-4.71,-0.4709,382.28
4851,SHORT,2024-10-15T00:38:59.999Z,2619.69,2024-10-15T01:53:59.999Z,2632.75,1000.00,-4.99,-0.4985,377.30
4852,SHORT,2024-10-15T03:03:59.999Z,2625.35,2024-10-15T07:11:59.999Z,2615.44,1000.00,3.77,0.3775,381.07
4853,SHORT,2024-10-15T09:29:59.999Z,2613.21,2024-10-15T09:32:59.999Z,2617.39,1000.00,-1.60,-0.1600,379.47
4854,SHORT,2024-10-15T09:42:59.999Z,2611.51,2024-10-15T10:24:59.999Z,2619.50,1000.00,-3.06,-0.3060,376.41
4855,SHORT,2024-10-15T11:09:59.999Z,2607.61,2024-10-15T13:14:59.999Z,2607.68,1000.00,-0.03,-0.0027,376.39
4856,SHORT,2024-10-15T14:45:59.999Z,2573.34,2024-10-15T16:41:59.999Z,2607.50,1000.00,-13.27,-1.3275,363.11
4857,SHORT,2024-10-15T17:11:59.999Z,2582.40,2024-10-15T18:21:59.999Z,2605.41,1000.00,-8.91,-0.8910,354.20
4858,SHORT,2024-10-15T19:15:59.999Z,2588.04,2024-10-15T20:10:59.999Z,2595.20,1000.00,-2.77,-0.2767,351.44
4859,SHORT,2024-10-15T20:17:59.999Z,2586.36,2024-10-15T22:02:59.999Z,2592.59,1000.00,-2.41,-0.2409,349.03
4860,SHORT,2024-10-16T04:37:59.999Z,2605.40,2024-10-16T05:38:59.999Z,2617.00,1000.00,-4.45,-0.4452,344.57
4861,SHORT,2024-10-16T06:31:59.999Z,2607.24,2024-10-16T08:41:59.999Z,2615.79,1000.00,-3.28,-0.3279,341.30
4862,SHORT,2024-10-16T13:40:59.999Z,2615.50,2024-10-16T14:28:59.999Z,2628.22,1000.00,-4.86,-0.4863,336.43
4863,SHORT,2024-10-16T14:29:59.999Z,2621.61,2024-10-16T17:22:59.999Z,2619.16,1000.00,0.93,0.0935,337.37
4864,SHORT,2024-10-16T19:37:59.999Z,2615.84,2024-10-16T20:16:59.999Z,2619.96,1000.00,-1.58,-0.1575,335.79
4865,SHORT,2024-10-16T21:24:59.999Z,2613.56,2024-10-16T22:33:59.999Z,2622.59,1000.00,-3.46,-0.3455,332.34
4866,SHORT,2024-10-16T23:22:59.999Z,2612.68,2024-10-17T00:34:59.999Z,2623.65,1000.00,-4.20,-0.4199,328.14
4867,SHORT,2024-10-17T01:35:59.999Z,2612.15,2024-10-17T01:48:59.999Z,2623.80,1000.00,-4.46,-0.4460,323.68
4868,SHORT,2024-10-17T05:59:59.999Z,2626.67,2024-10-17T06:41:59.999Z,2635.47,1000.00,-3.35,-0.3350,320.33
4869,SHORT,2024-10-17T07:00:59.999Z,2623.70,2024-10-17T13:12:59.999Z,2611.61,1000.00,4.61,0.4608,324.94
4870,SHORT,2024-10-17T13:17:59.999Z,2607.74,2024-10-17T15:23:59.999Z,2611.00,1000.00,-1.25,-0.1250,323.69
4871,SHORT,2024-10-17T17:28:59.999Z,2604.82,2024-10-17T20:25:59.999Z,2604.13,1000.00,0.26,0.0265,323.95
4872,SHORT,2024-10-17T23:57:59.999Z,2603.16,2024-10-17T23:59:59.999Z,2605.80,1000.00,-1.01,-0.1014,322.94
4873,SHORT,2024-10-18T00:00:59.999Z,2603.60,2024-10-18T00:04:59.999Z,2606.50,1000.00,-1.11,-0.1114,321.82
4874,SHORT,2024-10-18T00:16:59.999Z,2603.15,2024-10-18T00:26:59.999Z,2606.86,1000.00,-1.43,-0.1425,320.40
4875,SHORT,2024-10-18T00:28:59.999Z,2602.01,2024-10-18T01:16:59.999Z,2610.00,1000.00,-3.07,-0.3071,317.33
4876,SHORT,2024-10-18T03:53:59.999Z,2613.73,2024-10-18T05:50:59.999Z,2624.19,1000.00,-4.00,-0.4002,313.32
4877,SHORT,2024-10-18T09:35:59.999Z,2624.40,2024-10-18T14:07:59.999Z,2632.77,1000.00,-3.19,-0.3189,310.14
4878,SHORT,2024-10-18T20:06:59.999Z,2649.53,2024-10-19T01:18:59.999Z,2644.20,1000.00,2.01,0.2012,312.15
4879,SHORT,2024-10-19T01:28:59.999Z,2638.57,2024-10-19T02:47:59.999Z,2643.00,1000.00,-1.68,-0.1679,310.47
4880,SHORT,2024-10-19T04:42:59.999Z,2641.99,2024-10-19T05:36:59.999Z,2647.08,1000.00,-1.93,-0.1927,308.54
4881,SHORT,2024-10-19T06:07:59.999Z,2642.98,2024-10-19T06:42:59.999Z,2646.93,1000.00,-1.49,-0.1495,307.05
4882,SHORT,2024-10-19T06:46:59.999Z,2644.74,2024-10-19T08:42:59.999Z,2646.86,1000.00,-0.80,-0.0802,306.25
4883,SHORT,2024-10-19T10:26:59.999Z,2642.12,2024-10-19T14:27:59.999Z,2644.08,1000.00,-0.74,-0.0742,305.50
4884,SHORT,2024-10-19T16:23:59.999Z,2641.68,2024-10-19T18:32:59.999Z,2643.48,1000.00,-0.68,-0.0681,304.82
4885,SHORT,2024-10-19T19:02:59.999Z,2640.69,2024-10-19T19:24:59.999Z,2645.49,1000.00,-1.82,-0.1818,303.00
4886,SHORT,2024-10-20T00:37:59.999Z,2642.87,2024-10-20T04:30:59.999Z,2646.38,1000.00,-1.33,-0.1328,301.68
4887,SHORT,2024-10-20T05:58:59.999Z,2640.29,2024-10-20T06:19:59.999Z,2644.38,1000.00,-1.55,-0.1549,300.13
4888,SHORT,2024-10-20T09:13:59.999Z,2644.11,2024-10-20T09:27:59.999Z,2647.03,1000.00,-1.10,-0.1104,299.02
4889,SHORT,2024-10-20T13:13:59.999Z,2646.00,2024-10-20T13:42:59.999Z,2650.47,1000.00,-1.69,-0.1689,297.33
4890,SHORT,2024-10-21T02:40:59.999Z,2740.28,2024-10-21T05:27:59.999Z,2739.69,1000.00,0.22,0.0215,297.55
4891,SHORT,2024-10-21T06:05:59.999Z,2734.15,2024-10-21T06:25:59.999Z,2739.33,1000.00,-1.89,-0.1895,295.65
4892,SHORT,2024-10-21T06:59:59.999Z,2727.57,2024-10-21T17:34:59.999Z,2679.67,1000.00,17.56,1.7561,313.22
4893,SHORT,2024-10-21T18:10:59.999Z,2664.36,2024-10-21T19:29:59.999Z,2676.83,1000.00,-4.68,-0.4680,308.54
4894,SHORT,2024-10-21T23:07:59.999Z,2671.51,2024-10-22T05:41:59.999Z,2649.57,1000.00,8.21,0.8213,316.75
4895,SHORT,2024-10-22T08:06:59.999Z,2646.27,2024-10-22T11:23:59.999Z,2635.39,1000.00,4.11,0.4111,320.86
4896,SHORT,2024-10-22T12:37:59.999Z,2625.60,2024-10-22T14:47:59.999Z,2630.18,1000.00,-1.74,-0.1744,319.11
4897,SHORT,2024-10-22T15:27:59.999Z,2619.89,2024-10-22T17:56:59.999Z,2624.50,1000.00,-1.76,-0.1760,317.36
4898,SHORT,2024-10-22T23:30:59.999Z,2628.12,2024-10-23T05:18:59.999Z,2619.66,1000.00,3.22,0.3219,320.57
4899,SHORT,2024-10-23T05:24:59.999Z,2613.90,2024-10-23T06:14:59.999Z,2619.16,1000.00,-2.01,-0.2012,318.56
4900,SHORT,2024-10-23T07:03:59.999Z,2612.11,2024-10-23T19:59:59.999Z,2512.51,1000.00,38.13,3.8130,356.69
4901,SHORT,2024-10-23T21:43:59.999Z,2505.65,2024-10-23T22:12:59.999Z,2510.13,1000.00,-1.79,-0.1788,354.90
4902,SHORT,2024-10-23T22:23:59.999Z,2504.52,2024-10-23T22:42:59.999Z,2513.15,1000.00,-3.45,-0.3446,351.46
4903,SHORT,2024-10-24T07:29:59.999Z,2550.55,2024-10-24T12:09:59.999Z,2532.31,1000.00,7.15,0.7151,358.61
4904,SHORT,2024-10-24T12:41:59.999Z,2528.50,2024-10-24T12:55:59.999Z,2537.03,1000.00,-3.37,-0.3374,355.24
4905,SHORT,2024-10-24T13:08:59.999Z,2529.50,2024-10-24T13:14:59.999Z,2533.80,1000.00,-1.70,-0.1700,353.54
4906,SHORT,2024-10-24T14:12:59.999Z,2527.46,2024-10-24T15:45:59.999Z,2533.02,1000.00,-2.20,-0.2200,351.34
4907,SHORT,2024-10-24T15:48:59.999Z,2525.63,2024-10-24T18:13:59.999Z,2525.49,1000.00,0.06,0.0055,351.39
4908,SHORT,2024-10-24T22:45:59.999Z,2531.08,2024-10-25T03:23:59.999Z,2531.17,1000.00,-0.04,-0.0036,351.36
4909,SHORT,2024-10-25T03:59:59.999Z,2521.73,2024-10-25T08:37:59.999Z,2511.81,1000.00,3.93,0.3934,355.29
4910,SHORT,2024-10-25T13:42:59.999Z,2527.61,2024-10-25T13:52:59.999Z,2546.20,1000.00,-7.35,-0.7355,347.94
4911,SHORT,2024-10-25T15:46:59.999Z,2532.22,2024-10-25T22:01:59.999Z,2492.70,1000.00,15.61,1.5607,363.54
4912,SHORT,2024-10-25T22:37:59.999Z,2487.95,2024-10-25T22:41:59.999Z,2491.18,1000.00,-1.30,-0.1298,362.24
4913,SHORT,2024-10-25T22:53:59.999Z,2479.28,2024-10-26T03:21:59.999Z,2449.11,1000.00,12.17,1.2169,374.41
4914,SHORT,2024-10-26T10:52:59.999Z,2469.23,2024-10-26T11:53:59.999Z,2472.95,1000.00,-1.51,-0.1507,372.91
4915,SHORT,2024-10-26T13:53:59.999Z,2465.30,2024-10-26T16:33:59.999Z,2468.54,1000.00,-1.31,-0.1314,371.59
4916,SHORT,2024-10-26T23:02:59.999Z,2485.82,2024-10-27T03:53:59.999Z,2482.82,1000.00,1.21,0.1207,372.80
4917,SHORT,2024-10-27T06:39:59.999Z,2478.48,2024-10-27T07:14:59.999Z,2482.65,1000.00,-1.68,-0.1682,371.12
4918,SHORT,2024-10-27T08:38:59.999Z,2478.00,2024-10-27T12:21:59.999Z,2479.25,1000.00,-0.50,-0.0504,370.61
4919,SHORT,2024-10-27T18:22:59.999Z,2493.29,2024-10-27T20:27:59.999Z,2494.10,1000.00,-0.32,-0.0325,370.29
4920,SHORT,2024-10-27T20:53:59.999Z,2492.40,2024-10-27T21:19:59.999Z,2496.12,1000.00,-1.49,-0.1493,368.79
4921,SHORT,2024-10-28T00:19:59.999Z,2505.89,2024-10-28T06:47:59.999Z,2490.03,1000.00,6.33,0.6329,375.12
4922,SHORT,2024-10-28T13:59:59.999Z,2513.77,2024-10-28T19:16:59.999Z,2517.21,1000.00,-1.37,-0.1368,373.76
4923,SHORT,2024-10-28T19:58:59.999Z,2501.92,2024-10-28T20:02:59.999Z,2510.21,1000.00,-3.31,-0.3313,370.44
4924,SHORT,2024-10-29T07:41:59.999Z,2613.49,2024-10-29T08:27:59.999Z,2620.09,1000.00,-2.53,-0.2525,367.92
4925,SHORT,2024-10-29T12:41:59.999Z,2624.79,2024-10-29T13:56:59.999Z,2636.52,1000.00,-4.47,-0.4469,363.45
4926,SHORT,2024-10-29T19:32:59.999Z,2628.82,2024-10-29T22:38:59.999Z,2637.79,1000.00,-3.41,-0.3412,360.04
4927,SHORT,2024-10-30T00:31:59.999Z,2625.82,2024-10-30T02:16:59.999Z,2634.82,1000.00,-3.43,-0.3428,356.61
4928,SHORT,2024-10-30T11:27:59.999Z,2663.33,2024-10-30T13:00:59.999Z,2682.03,1000.00,-7.02,-0.7021,349.59
4929,SHORT,2024-10-30T15:41:59.999Z,2680.00,2024-10-30T21:05:59.999Z,2675.74,1000.00,1.59,0.1590,351.18
4930,SHORT,2024-10-30T21:17:59.999Z,2658.38,2024-10-30T23:20:59.999Z,2664.79,1000.00,-2.41,-0.2411,348.76
4931,SHORT,2024-10-30T23:51:59.999Z,2661.05,2024-10-31T01:16:59.999Z,2663.58,1000.00,-0.95,-0.0951,347.81
4932,SHORT,2024-10-31T01:38:59.999Z,2651.00,2024-10-31T03:05:59.999Z,2664.99,1000.00,-5.28,-0.5277,342.54
4933,SHORT,2024-10-31T03:30:59.999Z,2655.75,2024-10-31T11:03:59.999Z,2645.88,1000.00,3.72,0.3716,346.25
4934,SHORT,2024-10-31T11:22:59.999Z,2633.55,2024-10-31T23:36:59.999Z,2525.81,1000.00,40.91,4.0911,387.16
4935,SHORT,2024-10-31T23:52:59.999Z,2520.60,2024-11-01T00:08:59.999Z,2525.01,1000.00,-1.75,-0.1750,385.41
4936,SHORT,2024-11-01T01:32:59.999Z,2505.63,2024-11-01T04:59:59.999Z,2513.35,1000.00,-3.08,-0.3081,382.33
4937,SHORT,2024-11-01T06:08:59.999Z,2505.70,2024-11-01T08:21:59.999Z,2512.05,1000.00,-2.53,-0.2534,379.80
4938,SHORT,2024-11-01T08:58:59.999Z,2499.91,2024-11-01T09:43:59.999Z,2510.00,1000.00,-4.04,-0.4036,375.76
4939,SHORT,2024-11-01T15:38:59.999Z,2516.16,2024-11-01T20:30:59.999Z,2524.71,1000.00,-3.40,-0.3398,372.36
4940,SHORT,2024-11-01T21:23:59.999Z,2500.31,2024-11-01T23:03:59.999Z,2513.00,1000.00,-5.08,-0.5075,367.29
4941,SHORT,2024-11-02T03:12:59.999Z,2513.39,2024-11-02T05:54:59.999Z,2511.61,1000.00,0.71,0.0708,368.00
4942,SHORT,2024-11-02T06:26:59.999Z,2508.03,2024-11-02T06:54:59.999Z,2510.05,1000.00,-0.81,-0.0805,367.19
4943,SHORT,2024-11-02T07:25:59.999Z,2506.14,2024-11-02T11:21:59.999Z,2504.38,1000.00,0.70,0.0702,367.89
4944,SHORT,2024-11-02T12:20:59.999Z,2498.00,2024-11-02T16:33:59.999Z,2493.05,1000.00,1.98,0.1982,369.88
4945,SHORT,2024-11-02T17:41:59.999Z,2481.51,2024-11-02T19:07:59.999Z,2490.01,1000.00,-3.43,-0.3425,366.45
4946,SHORT,2024-11-02T23:05:59.999Z,2487.79,2024-11-03T00:13:59.999Z,2495.66,1000.00,-3.16,-0.3163,363.29
4947,SHORT,2024-11-03T00:41:59.999Z,2488.09,2024-11-03T06:49:59.999Z,2460.61,1000.00,11.04,1.1045,374.33
4948,SHORT,2024-11-03T07:35:59.999Z,2452.03,2024-11-03T08:50:59.999Z,2461.73,1000.00,-3.96,-0.3956,370.38
4949,SHORT,2024-11-03T09:52:59.999Z,2450.89,2024-11-03T10:16:59.999Z,2457.13,1000.00,-2.55,-0.2546,367.83
4950,SHORT,2024-11-03T12:14:59.999Z,2455.10,2024-11-03T12:27:59.999Z,2459.40,1000.00,-1.75,-0.1751,366.08
4951,SHORT,2024-11-03T13:07:59.999Z,2450.81,2024-11-03T16:10:59.999Z,2451.34,1000.00,-0.22,-0.0216,365.86
4952,SHORT,2024-11-03T18:31:59.999Z,2434.47,2024-11-03T19:40:59.999Z,2449.37,1000.00,-6.12,-0.6120,359.74
4953,SHORT,2024-11-03T23:10:59.999Z,2457.60,2024-11-04T01:27:59.999Z,2466.17,1000.00,-3.49,-0.3487,356.25
4954,SHORT,2024-11-04T05:19:59.999Z,2469.26,2024-11-04T06:30:59.999Z,2474.76,1000.00,-2.23,-0.2227,354.03
4955,SHORT,2024-11-04T07:39:59.999Z,2463.28,2024-11-04T10:21:59.999Z,2469.90,1000.00,-2.69,-0.2687,351.34
4956,SHORT,2024-11-04T13:55:59.999Z,2463.80,2024-11-04T19:25:59.999Z,2434.20,1000.00,12.01,1.2014,363.35
4957,SHORT,2024-11-04T19:55:59.999Z,2430.20,2024-11-05T00:28:59.999Z,2407.20,1000.00,9.46,0.9464,372.82
4958,SHORT,2024-11-05T01:05:59.999Z,2399.83,2024-11-05T02:01:59.999Z,2410.79,1000.00,-4.57,-0.4567,368.25
4959,SHORT,2024-11-05T10:18:59.999Z,2431.60,2024-11-05T10:30:59.999Z,2439.22,1000.00,-3.13,-0.3134,365.12
4960,SHORT,2024-11-05T15:41:59.999Z,2441.60,2024-11-05T16:33:59.999Z,2461.77,1000.00,-8.26,-0.8261,356.86
4961,SHORT,2024-11-05T18:20:59.999Z,2449.37,2024-11-05T18:44:59.999Z,2457.43,1000.00,-3.29,-0.3291,353.57
4962,SHORT,2024-11-05T18:47:59.999Z,2451.41,2024-11-05T23:09:59.999Z,2432.79,1000.00,7.60,0.7596,361.16
4963,SHORT,2024-11-05T23:57:59.999Z,2422.80,2024-11-06T00:18:59.999Z,2438.89,1000.00,-6.64,-0.6641,354.52
4964,SHORT,2024-11-06T08:30:59.999Z,2577.31,2024-11-06T08:57:59.999Z,2602.40,1000.00,-9.73,-0.9735,344.79
4965,SHORT,2024-11-06T13:30:59.999Z,2619.76,2024-11-06T14:39:59.999Z,2639.89,1000.00,-7.68,-0.7684,337.10
4966,SHORT,2024-11-06T14:51:59.999Z,2611.00,2024-11-06T15:13:59.999Z,2642.41,1000.00,-12.03,-1.2030,325.07
4967,SHORT,2024-11-07T06:17:59.999Z,2820.73,2024-11-07T09:14:59.999Z,2824.21,1000.00,-1.23,-0.1234,323.84
4968,SHORT,2024-11-07T10:08:59.999Z,2811.19,2024-11-07T11:18:59.999Z,2820.81,1000.00,-3.42,-0.3422,320.42
4969,SHORT,2024-11-07T11:44:59.999Z,2809.59,2024-11-07T13:12:59.999Z,2818.01,1000.00,-3.00,-0.2997,317.42
4970,SHORT,2024-11-07T13:39:59.999Z,2808.39,2024-11-07T15:28:59.999Z,2826.34,1000.00,-6.39,-0.6392,311.03
4971,SHORT,2024-11-07T22:27:59.999Z,2869.22,2024-11-07T23:39:59.999Z,2890.80,1000.00,-7.52,-0.7521,303.51
4972,SHORT,2024-11-08T02:38:59.999Z,2901.79,2024-11-08T04:23:59.999Z,2913.08,1000.00,-3.89,-0.3891,299.62
4973,SHORT,2024-11-08T07:05:59.999Z,2902.50,2024-11-08T07:47:59.999Z,2918.74,1000.00,-5.60,-0.5595,294.02
4974,SHORT,2024-11-08T08:07:59.999Z,2902.79,2024-11-08T09:29:59.999Z,2913.00,1000.00,-3.52,-0.3517,290.50
4975,SHORT,2024-11-08T14:58:59.999Z,2913.34,2024-11-08T15:35:59.999Z,2936.81,1000.00,-8.06,-0.8056,282.45
4976,SHORT,2024-11-08T16:31:59.999Z,2920.00,2024-11-08T18:22:59.999Z,2932.78,1000.00,-4.38,-0.4377,278.07
4977,SHORT,2024-11-08T20:47:59.999Z,2927.39,2024-11-08T22:06:59.999Z,2949.78,1000.00,-7.65,-0.7648,270.42
4978,SHORT,2024-11-09T03:23:59.999Z,2970.80,2024-11-09T05:09:59.999Z,2975.82,1000.00,-1.69,-0.1690,268.73
4979,SHORT,2024-11-09T12:32:59.999Z,3036.92,2024-11-09T13:48:59.999Z,3048.80,1000.00,-3.91,-0.3912,264.82
4980,SHORT,2024-11-09T14:30:59.999Z,3038.50,2024-11-09T15:42:59.999Z,3045.80,1000.00,-2.40,-0.2403,262.42
4981,SHORT,2024-11-09T16:14:59.999Z,3035.11,2024-11-09T18:18:59.999Z,3040.99,1000.00,-1.94,-0.1937,260.48
4982,SHORT,2024-11-10T12:43:59.999Z,3190.33,2024-11-10T13:27:59.999Z,3203.21,1000.00,-4.04,-0.4037,256.44
4983,SHORT,2024-11-10T14:37:59.999Z,3175.48,2024-11-10T15:38:59.999Z,3202.61,1000.00,-8.54,-0.8544,247.90
4984,SHORT,2024-11-10T19:44:59.999Z,3189.81,2024-11-10T22:16:59.999Z,3210.02,1000.00,-6.34,-0.6336,241.56
4985,SHORT,2024-11-11T03:24:59.999Z,3182.96,2024-11-11T09:12:59.999Z,3154.28,1000.00,9.01,0.9010,250.57
4986,SHORT,2024-11-11T12:59:59.999Z,3172.64,2024-11-11T14:59:59.999Z,3182.80,1000.00,-3.20,-0.3202,247.37
4987,SHORT,2024-11-11T22:18:59.999Z,3292.98,2024-11-11T22:58:59.999Z,3341.53,1000.00,-14.74,-1.4743,232.63
4988,SHORT,2024-11-12T00:25:59.999Z,3295.82,2024-11-12T03:55:59.999Z,3333.00,1000.00,-11.28,-1.1281,221.35
4989,SHORT,2024-11-12T10:06:59.999Z,3336.01,2024-11-12T15:00:59.999Z,3287.68,1000.00,14.49,1.4487,235.83
4990,SHORT,2024-11-12T15:24:59.999Z,3263.04,2024-11-12T18:32:59.999Z,3280.96,1000.00,-5.49,-0.5492,230.34
4991,SHORT,2024-11-12T21:24:59.999Z,3263.42,2024-11-12T21:47:59.999Z,3282.99,1000.00,-6.00,-0.5997,224.35
4992,SHORT,2024-11-12T22:10:59.999Z,3260.43,2024-11-12T22:47:59.999Z,3287.91,1000.00,-8.43,-0.8428,215.92
4993,SHORT,2024-11-12T23:20:59.999Z,3253.67,2024-11-13T01:33:59.999Z,3271.87,1000.00,-5.59,-0.5594,210.32
4994,SHORT,2024-11-13T02:20:59.999Z,3225.51,2024-11-13T08:35:59.999Z,3173.09,1000.00,16.25,1.6252,226.58
4995,SHORT,2024-11-13T09:35:59.999Z,3151.51,2024-11-13T09:49:59.999Z,3169.42,1000.00,-5.68,-0.5683,220.89
4996,SHORT,2024-11-13T10:08:59.999Z,3154.78,2024-11-13T11:02:59.999Z,3172.48,1000.00,-5.61,-0.5611,215.28
4997,SHORT,2024-11-13T12:34:59.999Z,3158.18,2024-11-13T12:40:59.999Z,3171.40,1000.00,-4.19,-0.4186,211.10
4998,SHORT,2024-11-13T13:15:59.999Z,3157.88,2024-11-13T13:25:59.999Z,3183.14,1000.00,-8.00,-0.7999,203.10
4999,SHORT,2024-11-13T18:40:59.999Z,3253.78,2024-11-13T23:33:59.999Z,3192.53,1000.00,18.82,1.8824,221.92
5000,SHORT,2024-11-14T01:24:59.999Z,3168.36,2024-11-14T01:55:59.999Z,3206.60,1000.00,-12.07,-1.2069,209.85
5001,SHORT,2024-11-14T06:53:59.999Z,3193.52,2024-11-14T08:07:59.999Z,3223.46,1000.00,-9.38,-0.9375,200.48
5002,SHORT,2024-11-14T08:54:59.999Z,3204.12,2024-11-14T16:56:59.999Z,3174.22,1000.00,9.33,0.9332,209.81
5003,SHORT,2024-11-14T18:44:59.999Z,3124.20,2024-11-14T19:17:59.999Z,3138.17,1000.00,-4.47,-0.4472,205.34
5004,SHORT,2024-11-14T20:09:59.999Z,3115.67,2024-11-15T02:55:59.999Z,3080.64,1000.00,11.24,1.1243,216.58
5005,SHORT,2024-11-15T04:24:59.999Z,3047.87,2024-11-15T06:13:59.999Z,3065.25,1000.00,-5.70,-0.5702,210.88
5006,SHORT,2024-11-15T06:43:59.999Z,3047.91,2024-11-15T06:52:59.999Z,3067.41,1000.00,-6.40,-0.6398,204.48
5007,SHORT,2024-11-15T07:53:59.999Z,3045.91,2024-11-15T08:55:59.999Z,3069.76,1000.00,-7.83,-0.7830,196.65
5008,SHORT,2024-11-15T14:13:59.999Z,3088.31,2024-11-15T19:46:59.999Z,3057.02,1000.00,10.13,1.0132,206.78
5009,SHORT,2024-11-16T00:21:59.999Z,3083.97,2024-11-16T01:13:59.999Z,3099.78,1000.00,-5.13,-0.5127,201.66
5010,SHORT,2024-11-16T06:31:59.999Z,3124.60,2024-11-16T09:09:59.999Z,3122.91,1000.00,0.54,0.0541,202.20
5011,SHORT,2024-11-16T09:34:59.999Z,3115.58,2024-11-16T09:36:59.999Z,3119.09,1000.00,-1.13,-0.1127,201.07
5012,SHORT,2024-11-16T15:06:59.999Z,3157.90,2024-11-16T17:33:59.999Z,3162.82,1000.00,-1.56,-0.1558,199.51
5013,SHORT,2024-11-16T20:19:59.999Z,3160.48,2024-11-17T00:57:59.999Z,3150.12,1000.00,3.28,0.3278,202.79
5014,SHORT,2024-11-17T01:06:59.999Z,3141.00,2024-11-17T04:40:59.999Z,3122.07,1000.00,6.03,0.6027,208.82
5015,SHORT,2024-11-17T11:05:59.999Z,3126.65,2024-11-17T17:34:59.999Z,3111.14,1000.00,4.96,0.4961,213.78
5016,SHORT,2024-11-17T18:26:59.999Z,3080.56,2024-11-17T19:59:59.999Z,3097.74,1000.00,-5.58,-0.5577,208.20
5017,SHORT,2024-11-17T20:30:59.999Z,3073.31,2024-11-18T00:14:59.999Z,3081.00,1000.00,-2.50,-0.2502,205.70
5018,SHORT,2024-11-18T04:47:59.999Z,3099.19,2024-11-18T05:23:59.999Z,3113.00,1000.00,-4.46,-0.4456,201.24
5019,SHORT,2024-11-18T08:57:59.999Z,3123.79,2024-11-18T14:23:59.999Z,3100.94,1000.00,7.31,0.7315,208.56
5020,SHORT,2024-11-18T19:18:59.999Z,3127.63,2024-11-18T20:30:59.999Z,3174.91,1000.00,-15.12,-1.5117,193.44
5021,SHORT,2024-11-18T23:11:59.999Z,3145.03,2024-11-18T23:36:59.999Z,3180.37,1000.00,-11.24,-1.1237,182.20
5022,SHORT,2024-11-19T01:05:59.999Z,3150.00,2024-11-19T11:02:59.999Z,3117.81,1000.00,10.22,1.0219,192.42
5023,SHORT,2024-11-19T13:28:59.999Z,3120.13,2024-11-19T16:28:59.999Z,3114.85,1000.00,1.69,0.1692,194.11
5024,SHORT,2024-11-19T20:32:59.999Z,3113.25,2024-11-19T23:24:59.999Z,3109.54,1000.00,1.19,0.1192,195.31
5025,SHORT,2024-11-20T01:55:59.999Z,3098.21,2024-11-20T04:34:59.999Z,3097.51,1000.00,0.23,0.0226,195.53
5026,SHORT,2024-11-20T10:56:59.999Z,3110.27,2024-11-20T13:33:59.999Z,3110.62,1000.00,-0.11,-0.0113,195.42
5027,SHORT,2024-11-20T15:16:59.999Z,3096.99,2024-11-20T15:51:59.999Z,3118.25,1000.00,-6.86,-0.6865,188.55
5028,SHORT,2024-11-20T16:24:59.999Z,3091.16,2024-11-20T20:34:59.999Z,3079.38,1000.00,3.81,0.3811,192.37
5029,SHORT,2024-11-20T23:16:59.999Z,3067.34,2024-11-20T23:43:59.999Z,3075.52,1000.00,-2.67,-0.2667,189.70
5030,SHORT,2024-11-20T23:51:59.999Z,3068.80,2024-11-21T00:16:59.999Z,3076.41,1000.00,-2.48,-0.2480,187.22
5031,SHORT,2024-11-21T02:11:59.999Z,3062.50,2024-11-21T03:31:59.999Z,3091.21,1000.00,-9.37,-0.9375,177.84
5032,SHORT,2024-11-21T10:01:59.999Z,3124.84,2024-11-21T10:05:59.999Z,3133.36,1000.00,-2.73,-0.2727,175.12
5033,SHORT,2024-11-21T10:26:59.999Z,3119.53,2024-11-21T10:41:59.999Z,3137.65,1000.00,-5.81,-0.5809,169.31
5034,SHORT,2024-11-21T15:40:59.999Z,3251.73,2024-11-21T16:27:59.999Z,3315.71,1000.00,-19.68,-1.9676,149.63
5035,SHORT,2024-11-21T21:10:59.999Z,3339.91,2024-11-21T21:16:59.999Z,3351.13,1000.00,-3.36,-0.3359,146.27
5036,SHORT,2024-11-21T21:46:59.999Z,3337.00,2024-11-21T22:08:59.999Z,3362.43,1000.00,-7.62,-0.7621,138.65
5037,SHORT,2024-11-22T00:29:59.999Z,3350.86,2024-11-22T03:21:59.999Z,3346.20,1000.00,1.39,0.1391,140.04
5038,SHORT,2024-11-22T06:35:59.999Z,3364.02,2024-11-22T07:19:59.999Z,3378.05,1000.00,-4.17,-0.4171,135.87
5039,SHORT,2024-11-22T07:59:59.999Z,3362.66,2024-11-22T08:29:59.999Z,3378.50,1000.00,-4.71,-0.4711,131.16
5040,SHORT,2024-11-22T09:29:59.999Z,3359.60,2024-11-22T12:53:59.999Z,3350.81,1000.00,2.62,0.2616,133.78
5041,SHORT,2024-11-22T13:02:59.999Z,3338.86,2024-11-22T17:12:59.999Z,3315.98,1000.00,6.85,0.6853,140.63
5042,SHORT,2024-11-22T17:40:59.999Z,3299.79,2024-11-22T21:45:59.999Z,3302.10,1000.00,-0.70,-0.0700,139.93
5043,SHORT,2024-11-23T02:53:59.999Z,3316.80,2024-11-23T03:24:59.999Z,3340.71,1000.00,-7.21,-0.7209,132.72
5044,SHORT,2024-11-23T07:41:59.999Z,3337.82,2024-11-23T08:20:59.999Z,3366.16,1000.00,-8.49,-0.8491,124.23
5045,SHORT,2024-11-23T10:41:59.999Z,3349.80,2024-11-23T11:31:59.999Z,3362.23,1000.00,-3.71,-0.3711,120.52
5046,SHORT,2024-11-23T11:44:59.999Z,3352.59,2024-11-23T12:23:59.999Z,3362.69,1000.00,-3.01,-0.3013,117.51
5047,SHORT,2024-11-23T16:29:59.999Z,3400.44,2024-11-23T21:32:59.999Z,3422.92,1000.00,-6.61,-0.6611,110.90
5048,SHORT,2024-11-23T22:32:59.999Z,3409.42,2024-11-24T00:25:59.999Z,3416.69,1000.00,-2.13,-0.2132,108.77
5049,SHORT,2024-11-24T04:19:59.999Z,3422.59,2024-11-24T06:54:59.999Z,3428.00,1000.00,-1.58,-0.1581,107.19
5050,SHORT,2024-11-24T08:38:59.999Z,3412.80,2024-11-24T16:52:59.999Z,3326.73,1000.00,25.22,2.5220,132.41
5051,SHORT,2024-11-24T17:04:59.999Z,3314.10,2024-11-24T18:21:59.999Z,3323.80,1000.00,-2.93,-0.2927,129.48
5052,SHORT,2024-11-25T01:06:59.999Z,3333.62,2024-11-25T02:44:59.999Z,3344.71,1000.00,-3.33,-0.3327,126.15
5053,SHORT,2024-11-25T02:58:59.999Z,3336.20,2024-11-25T03:01:59.999Z,3343.27,1000.00,-2.12,-0.2119,124.03
5054,SHORT,2024-11-25T13:23:59.999Z,3456.46,2024-11-25T13:49:59.999Z,3486.00,1000.00,-8.55,-0.8546,115.49
5055,SHORT,2024-11-25T14:52:59.999Z,3430.00,2024-11-25T15:58:59.999Z,3525.13,1000.00,-27.73,-2.7735,87.75
5056,SHORT,2024-11-25T17:12:59.999Z,3438.15,2024-11-25T19:47:59.999Z,3470.96,1000.00,-9.54,-0.9543,78.21
5057,SHORT,2024-11-25T21:41:59.999Z,3445.52,2024-11-26T00:49:59.999Z,3448.44,1000.00,-0.85,-0.0847,77.36
5058,SHORT,2024-11-26T00:58:59.999Z,3430.73,2024-11-26T01:22:59.999Z,3449.11,1000.00,-5.36,-0.5357,72.00
5059,SHORT,2024-11-26T03:13:59.999Z,3434.50,2024-11-26T06:37:59.999Z,3442.24,1000.00,-2.25,-0.2254,69.75
5060,SHORT,2024-11-26T06:57:59.999Z,3424.55,2024-11-26T14:43:59.999Z,3344.45,1000.00,23.39,2.3390,93.14
5061,SHORT,2024-11-26T15:41:59.999Z,3316.27,2024-11-26T16:45:59.999Z,3337.38,1000.00,-6.37,-0.6366,86.77
5062,SHORT,2024-11-26T17:15:59.999Z,3312.19,2024-11-26T17:34:59.999Z,3331.54,1000.00,-5.84,-0.5842,80.93
5063,SHORT,2024-11-26T17:41:59.999Z,3318.39,2024-11-26T17:53:59.999Z,3328.38,1000.00,-3.01,-0.3010,77.92
5064,SHORT,2024-11-26T18:10:59.999Z,3314.32,2024-11-26T20:26:59.999Z,3305.26,1000.00,2.73,0.2734,80.66
5065,SHORT,2024-11-26T20:37:59.999Z,3290.60,2024-11-26T20:42:59.999Z,3313.60,1000.00,-6.99,-0.6990,73.67
5066,SHORT,2024-11-27T00:51:59.999Z,3314.13,2024-11-27T01:34:59.999Z,3331.83,1000.00,-5.34,-0.5341,68.32
5067,SHORT,2024-11-27T09:21:59.999Z,3412.91,2024-11-27T10:19:59.999Z,3424.34,1000.00,-3.35,-0.3349,64.98
5068,SHORT,2024-11-28T01:06:59.999Z,3637.95,2024-11-28T07:20:59.999Z,3607.50,1000.00,8.37,0.8370,73.35
5069,SHORT,2024-11-28T07:44:59.999Z,3590.01,2024-11-28T08:29:59.999Z,3619.79,1000.00,-8.30,-0.8295,65.05
5070,SHORT,2024-11-28T10:06:59.999Z,3589.77,2024-11-28T10:32:59.999Z,3617.59,1000.00,-7.75,-0.7750,57.30
5071,SHORT,2024-11-28T11:01:59.999Z,3599.58,2024-11-28T11:37:59.999Z,3616.00,1000.00,-4.56,-0.4562,52.74
5072,SHORT,2024-11-28T13:13:59.999Z,3598.41,2024-11-28T18:14:59.999Z,3578.14,1000.00,5.63,0.5633,58.37
5073,SHORT,2024-11-28T20:23:59.999Z,3563.70,2024-11-28T21:24:59.999Z,3571.80,1000.00,-2.27,-0.2273,56.10
5074,SHORT,2024-11-28T21:33:59.999Z,3561.58,2024-11-28T21:40:59.999Z,3572.24,1000.00,-2.99,-0.2993,53.11
5075,SHORT,2024-11-29T00:18:59.999Z,3572.02,2024-11-29T02:14:59.999Z,3587.23,1000.00,-4.26,-0.4258,48.85
5076,SHORT,2024-11-29T04:22:59.999Z,3568.33,2024-11-29T05:12:59.999Z,3588.27,1000.00,-5.59,-0.5588,43.26
5077,SHORT,2024-11-29T06:15:59.999Z,3567.33,2024-11-29T09:16:59.999Z,3572.00,1000.00,-1.31,-0.1309,41.95
5078,SHORT,2024-11-29T16:25:59.999Z,3591.75,2024-11-29T20:30:59.999Z,3592.09,1000.00,-0.09,-0.0095,41.86
5079,SHORT,2024-11-29T21:26:59.999Z,3582.01,2024-11-29T21:59:59.999Z,3591.34,1000.00,-2.60,-0.2605,39.25
5080,SHORT,2024-11-30T00:12:59.999Z,3583.93,2024-11-30T00:23:59.999Z,3602.78,1000.00,-5.26,-0.5260,33.99
5081,SHORT,2024-11-30T00:51:59.999Z,3589.50,2024-11-30T00:53:59.999Z,3592.88,1000.00,-0.94,-0.0942,33.05
5082,SHORT,2024-11-30T00:54:59.999Z,3590.70,2024-11-30T01:42:59.999Z,3606.61,1000.00,-4.43,-0.4431,28.62
5083,SHORT,2024-11-30T09:23:59.999Z,3681.79,2024-11-30T12:59:59.999Z,3681.60,1000.00,0.05,0.0052,28.67
5084,SHORT,2024-11-30T14:56:59.999Z,3661.40,2024-11-30T15:40:59.999Z,3674.82,1000.00,-3.67,-0.3665,25.01
5085,SHORT,2024-11-30T16:26:59.999Z,3662.01,2024-11-30T17:21:59.999Z,3679.35,1000.00,-4.74,-0.4735,20.27
5086,SHORT,2024-11-30T18:25:59.999Z,3667.00,2024-11-30T19:34:59.999Z,3677.80,1000.00,-2.95,-0.2945,17.33
5087,SHORT,2024-12-01T00:52:59.999Z,3695.01,2024-12-01T01:55:59.999Z,3716.50,1000.00,-5.82,-0.5816,11.51
5088,SHORT,2024-12-01T02:16:59.999Z,3694.31,2024-12-01T04:00:59.999Z,3703.84,1000.00,-2.58,-0.2580,8.93
5089,SHORT,2024-12-01T05:23:59.999Z,3688.36,2024-12-01T06:23:59.999Z,3702.50,1000.00,-3.83,-0.3834,5.10
5090,SHORT,2024-12-01T09:26:59.999Z,3694.61,2024-12-01T13:20:59.999Z,3704.50,1000.00,-2.68,-0.2677,2.42
5091,SHORT,2024-12-01T17:30:59.999Z,3709.89,2024-12-01T18:03:59.999Z,3726.37,1000.00,-4.44,-0.4442,-2.02
5092,SHORT,2024-12-01T18:56:59.999Z,3710.45,2024-12-01T22:05:59.999Z,3725.91,1000.00,-4.17,-0.4167,-6.19
5093,SHORT,2024-12-02T00:05:59.999Z,3705.49,2024-12-02T01:25:59.999Z,3728.79,1000.00,-6.29,-0.6288,-12.48
5094,SHORT,2024-12-02T02:42:59.999Z,3713.09,2024-12-02T02:56:59.999Z,3725.73,1000.00,-3.40,-0.3404,-15.88
5095,SHORT,2024-12-02T03:55:59.999Z,3695.19,2024-12-02T13:20:59.999Z,3609.37,1000.00,23.22,2.3225,7.34
5096,SHORT,2024-12-02T16:53:59.999Z,3623.80,2024-12-02T20:21:59.999Z,3623.53,1000.00,0.07,0.0075,7.42
5097,SHORT,2024-12-02T20:55:59.999Z,3605.41,2024-12-02T21:53:59.999Z,3623.91,1000.00,-5.13,-0.5131,2.29
5098,SHORT,2024-12-02T22:09:59.999Z,3600.32,2024-12-02T22:51:59.999Z,3617.66,1000.00,-4.82,-0.4816,-2.53
5099,SHORT,2024-12-03T02:00:59.999Z,3619.29,2024-12-03T02:36:59.999Z,3635.99,1000.00,-4.61,-0.4614,-7.14
5100,SHORT,2024-12-03T07:05:59.999Z,3626.69,2024-12-03T18:19:59.999Z,3570.63,1000.00,15.46,1.5458,8.31
5101,SHORT,2024-12-03T19:17:59.999Z,3553.98,2024-12-03T19:44:59.999Z,3576.41,1000.00,-6.31,-0.6311,2.00
5102,SHORT,2024-12-04T02:52:59.999Z,3647.60,2024-12-04T03:03:59.999Z,3660.00,1000.00,-3.40,-0.3399,-1.40
5103,SHORT,2024-12-04T12:29:59.999Z,3707.27,2024-12-04T14:37:59.999Z,3733.99,1000.00,-7.21,-0.7207,-8.60
5104,SHORT,2024-12-04T23:38:59.999Z,3836.80,2024-12-05T02:34:59.999Z,3845.61,1000.00,-2.30,-0.2296,-10.90
5105,SHORT,2024-12-05T06:07:59.999Z,3843.22,2024-12-05T06:50:59.999Z,3859.91,1000.00,-4.34,-0.4343,-15.24
5106,SHORT,2024-12-05T14:22:59.999Z,3909.99,2024-12-05T14:46:59.999Z,3942.81,1000.00,-8.39,-0.8394,-23.64
5107,SHORT,2024-12-05T15:21:59.999Z,3896.10,2024-12-05T17:19:59.999Z,3924.58,1000.00,-7.31,-0.7310,-30.95
5108,SHORT,2024-12-05T18:31:59.999Z,3898.42,2024-12-06T00:39:59.999Z,3838.52,1000.00,15.37,1.5365,-15.58
5109,SHORT,2024-12-06T08:09:59.999Z,3892.02,2024-12-06T08:15:59.999Z,3904.79,1000.00,-3.28,-0.3281,-18.86
5110,SHORT,2024-12-06T08:56:59.999Z,3879.00,2024-12-06T12:20:59.999Z,3875.36,1000.00,0.94,0.0938,-17.92
5111,SHORT,2024-12-06T12:33:59.999Z,3867.43,2024-12-06T12:37:59.999Z,3873.90,1000.00,-1.67,-0.1673,-19.60
5112,SHORT,2024-12-06T12:47:59.999Z,3857.22,2024-12-06T13:45:59.999Z,3888.40,1000.00,-8.08,-0.8084,-27.68
5113,SHORT,2024-12-06T21:45:59.999Z,4037.42,2024-12-07T05:19:59.999Z,3995.65,1000.00,10.35,1.0346,-17.34
5114,SHORT,2024-12-07T05:39:59.999Z,3989.54,2024-12-07T09:32:59.999Z,3988.21,1000.00,0.33,0.0333,-17.00
5115,SHORT,2024-12-07T09:53:59.999Z,3983.41,2024-12-07T11:16:59.999Z,3992.81,1000.00,-2.36,-0.2360,-19.36
5116,SHORT,2024-12-07T14:06:59.999Z,3979.92,2024-12-07T14:54:59.999Z,3997.50,1000.00,-4.42,-0.4417,-23.78
5117,SHORT,2024-12-07T16:37:59.999Z,3991.62,2024-12-07T16:41:59.999Z,3999.26,1000.00,-1.91,-0.1914,-25.69
5118,SHORT,2024-12-07T17:12:59.999Z,3990.46,2024-12-07T18:15:59.999Z,4003.39,1000.00,-3.24,-0.3240,-28.93
5119,SHORT,2024-12-07T21:44:59.999Z,4003.72,2024-12-08T01:08:59.999Z,4006.42,1000.00,-0.67,-0.0674,-29.61
5120,SHORT,2024-12-08T01:28:59.999Z,3999.66,2024-12-08T07:38:59.999Z,3983.71,1000.00,3.99,0.3988,-25.62
5121,SHORT,2024-12-08T08:07:59.999Z,3970.21,2024-12-08T11:12:59.999Z,3966.00,1000.00,1.06,0.1060,-24.56
5122,SHORT,2024-12-08T15:09:59.999Z,3966.51,2024-12-08T15:49:59.999Z,3994.76,1000.00,-7.12,-0.7122,-31.68
5123,SHORT,2024-12-08T17:10:59.999Z,3975.07,2024-12-08T17:40:59.999Z,3988.35,1000.00,-3.34,-0.3341,-35.02
5124,SHORT,2024-12-08T17:43:59.999Z,3982.74,2024-12-08T17:46:59.999Z,3985.85,1000.00,-0.78,-0.0781,-35.80
5125,SHORT,2024-12-08T17:50:59.999Z,3982.00,2024-12-08T17:51:59.999Z,3985.85,1000.00,-0.97,-0.0967,-36.77
5126,SHORT,2024-12-08T18:07:59.999Z,3980.81,2024-12-08T19:48:59.999Z,3987.09,1000.00,-1.58,-0.1578,-38.35
5127,SHORT,2024-12-08T21:13:59.999Z,3975.62,2024-12-08T21:27:59.999Z,3985.00,1000.00,-2.36,-0.2359,-40.71
5128,SHORT,2024-12-09T00:27:59.999Z,3978.41,2024-12-09T05:52:59.999Z,3945.20,1000.00,8.35,0.8348,-32.36
5129,SHORT,2024-12-09T06:07:59.999Z,3931.05,2024-12-09T13:26:59.999Z,3888.79,1000.00,10.75,1.0750,-21.61
5130,SHORT,2024-12-09T15:32:59.999Z,3850.37,2024-12-10T00:33:59.999Z,3759.99,1000.00,23.47,2.3473,1.86
5131,SHORT,2024-12-10T02:28:59.999Z,3723.63,2024-12-10T05:14:59.999Z,3707.21,1000.00,4.41,0.4410,6.27
5132,SHORT,2024-12-10T05:22:59.999Z,3687.88,2024-12-10T05:57:59.999Z,3703.52,1000.00,-4.24,-0.4241,2.03
5133,SHORT,2024-12-10T12:13:59.999Z,3737.29,2024-12-10T19:15:59.999Z,3600.49,1000.00,36.60,3.6604,38.64
5134,SHORT,2024-12-10T23:42:59.999Z,3624.94,2024-12-11T02:44:59.999Z,3647.48,1000.00,-6.22,-0.6218,32.42
5135,SHORT,2024-12-11T07:59:59.999Z,3652.58,2024-12-11T08:10:59.999Z,3675.53,1000.00,-6.28,-0.6283,26.14
5136,SHORT,2024-12-11T18:04:59.999Z,3767.35,2024-12-11T18:32:59.999Z,3786.96,1000.00,-5.21,-0.5205,20.93
5137,SHORT,2024-12-12T00:44:59.999Z,3820.47,2024-12-12T02:49:59.999Z,3824.00,1000.00,-0.92,-0.0924,20.01
5138,SHORT,2024-12-12T08:00:59.999Z,3908.20,2024-12-12T09:12:59.999Z,3918.74,1000.00,-2.70,-0.2697,17.31
5139,SHORT,2024-12-12T10:09:59.999Z,3891.94,2024-12-12T11:02:59.999Z,3927.69,1000.00,-9.19,-0.9186,8.12
5140,SHORT,2024-12-12T11:39:59.999Z,3907.59,2024-12-12T12:11:59.999Z,3925.66,1000.00,-4.62,-0.4624,3.50
5141,SHORT,2024-12-12T16:44:59.999Z,3951.41,2024-12-13T00:08:59.999Z,3891.51,1000.00,15.16,1.5159,18.66
5142,SHORT,2024-12-13T01:19:59.999Z,3861.51,2024-12-13T02:14:59.999Z,3888.91,1000.00,-7.10,-0.7096,11.56
5143,SHORT,2024-12-13T06:42:59.999Z,3900.88,2024-12-13T10:59:59.999Z,3904.00,1000.00,-0.80,-0.0800,10.76
5144,SHORT,2024-12-13T15:57:59.999Z,3879.61,2024-12-13T17:49:59.999Z,3928.38,1000.00,-12.57,-1.2571,-1.81
5145,SHORT,2024-12-13T19:00:59.999Z,3914.09,2024-12-13T20:27:59.999Z,3931.01,1000.00,-4.32,-0.4323,-6.13
5146,SHORT,2024-12-13T20:54:59.999Z,3912.80,2024-12-14T00:10:59.999Z,3914.59,1000.00,-0.46,-0.0457,-6.59
5147,SHORT,2024-12-14T02:29:59.999Z,3905.62,2024-12-14T03:18:59.999Z,3920.94,1000.00,-3.92,-0.3923,-10.51
5148,SHORT,2024-12-14T03:42:59.999Z,3913.37,2024-12-14T05:46:59.999Z,3916.23,1000.00,-0.73,-0.0731,-11.24
5149,SHORT,2024-12-14T08:22:59.999Z,3917.33,2024-12-14T08:34:59.999Z,3924.99,1000.00,-1.96,-0.1955,-13.20
5150,SHORT,2024-12-14T09:12:59.999Z,3917.62,2024-12-14T14:52:59.999Z,3889.60,1000.00,7.15,0.7152,-6.04
5151,SHORT,2024-12-14T16:16:59.999Z,3870.50,2024-12-14T16:48:59.999Z,3895.33,1000.00,-6.42,-0.6415,-12.46
5152,SHORT,2024-12-14T17:25:59.999Z,3870.99,2024-12-14T21:51:59.999Z,3852.20,1000.00,4.85,0.4854,-7.61
5153,SHORT,2024-12-14T21:52:59.999Z,3848.99,2024-12-14T22:07:59.999Z,3853.40,1000.00,-1.15,-0.1146,-8.75
5154,SHORT,2024-12-14T22:10:59.999Z,3847.10,2024-12-14T22:27:59.999Z,3862.62,1000.00,-4.03,-0.4034,-12.79
5155,SHORT,2024-12-15T06:48:59.999Z,3883.41,2024-12-15T10:15:59.999Z,3868.72,1000.00,3.78,0.3783,-9.00
5156,SHORT,2024-12-15T18:37:59.999Z,3899.60,2024-12-15T19:17:59.999Z,3906.00,1000.00,-1.64,-0.1641,-10.64
5157,SHORT,2024-12-15T20:49:59.999Z,3895.41,2024-12-15T23:03:59.999Z,3903.74,1000.00,-2.14,-0.2138,-12.78
5158,SHORT,2024-12-16T03:16:59.999Z,3967.69,2024-12-16T05:36:59.999Z,3969.19,1000.00,-0.38,-0.0378,-13.16
5159,SHORT,2024-12-16T06:56:59.999Z,3953.73,2024-12-16T07:15:59.999Z,3973.97,1000.00,-5.12,-0.5119,-18.28
5160,SHORT,2024-12-16T08:20:59.999Z,3959.65,2024-12-16T14:44:59.999Z,3939.58,1000.00,5.07,0.5069,-13.21
5161,SHORT,2024-12-16T21:34:59.999Z,4029.00,2024-12-16T21:51:59.999Z,4045.42,1000.00,-4.08,-0.4075,-17.29
5162,SHORT,2024-12-16T22:39:59.999Z,4036.00,2024-12-17T02:17:59.999Z,4009.30,1000.00,6.62,0.6615,-10.67
5163,SHORT,2024-12-17T04:55:59.999Z,4006.00,2024-12-17T05:36:59.999Z,4013.80,1000.00,-1.95,-0.1947,-12.62
5164,SHORT,2024-12-17T05:41:59.999Z,4010.35,2024-12-17T05:50:59.999Z,4015.01,1000.00,-1.16,-0.1162,-13.78
5165,SHORT,2024-12-17T06:34:59.999Z,4002.00,2024-12-17T07:14:59.999Z,4016.42,1000.00,-3.60,-0.3603,-17.38
5166,SHORT,2024-12-17T07:48:59.999Z,4001.50,2024-12-17T08:47:59.999Z,4011.99,1000.00,-2.62,-0.2622,-20.00
5167,SHORT,2024-12-17T10:45:59.999Z,4005.40,2024-12-17T11:15:59.999Z,4020.40,1000.00,-3.74,-0.3745,-23.75
5168,SHORT,2024-12-17T11:36:59.999Z,4006.80,2024-12-17T13:40:59.999Z,4010.75,1000.00,-0.99,-0.0986,-24.74
5169,SHORT,2024-12-17T14:16:59.999Z,3997.67,2024-12-17T14:30:59.999Z,4017.50,1000.00,-4.96,-0.4960,-29.70
5170,SHORT,2024-12-17T14:38:59.999Z,3987.03,2024-12-17T14:52:59.999Z,4013.81,1000.00,-6.72,-0.6717,-36.41
5171,SHORT,2024-12-17T15:10:59.999Z,3994.96,2024-12-17T17:51:59.999Z,3979.17,1000.00,3.95,0.3952,-32.46
5172,SHORT,2024-12-17T18:28:59.999Z,3945.27,2024-12-18T07:45:59.999Z,3852.38,1000.00,23.54,2.3545,-8.92
5173,SHORT,2024-12-18T12:49:59.999Z,3862.00,2024-12-18T15:52:59.999Z,3868.76,1000.00,-1.75,-0.1750,-10.67
5174,SHORT,2024-12-18T16:17:59.999Z,3843.41,2024-12-18T16:39:59.999Z,3871.59,1000.00,-7.33,-0.7332,-18.00
5175,SHORT,2024-12-18T19:16:59.999Z,3845.09,2024-12-19T03:15:59.999Z,3657.00,1000.00,48.92,4.8917,30.92
5176,SHORT,2024-12-19T08:54:59.999Z,3668.80,2024-12-19T10:00:59.999Z,3680.35,1000.00,-3.15,-0.3148,27.77
5177,SHORT,2024-12-19T10:12:59.999Z,3672.41,2024-12-19T10:16:59.999Z,3686.00,1000.00,-3.70,-0.3701,24.07
5178,SHORT,2024-12-19T12:47:59.999Z,3685.61,2024-12-19T22:55:59.999Z,3458.69,1000.00,61.57,6.1569,85.64
5179,SHORT,2024-12-19T23:37:59.999Z,3429.99,2024-12-19T23:45:59.999Z,3447.79,1000.00,-5.19,-0.5190,80.45
5180,SHORT,2024-12-19T23:57:59.999Z,3421.34,2024-12-20T02:38:59.999Z,3450.17,1000.00,-8.43,-0.8427,72.02
5181,SHORT,2024-12-20T03:57:59.999Z,3408.73,2024-12-20T07:29:59.999Z,3409.26,1000.00,-0.16,-0.0155,71.87
5182,SHORT,2024-12-20T08:07:59.999Z,3358.40,2024-12-20T12:55:59.999Z,3226.89,1000.00,39.16,3.9159,111.03
5183,SHORT,2024-12-20T21:14:59.999Z,3399.10,2024-12-20T22:12:59.999Z,3450.88,1000.00,-15.23,-1.5233,95.79
5184,SHORT,2024-12-21T03:37:59.999Z,3460.88,2024-12-21T04:16:59.999Z,3474.69,1000.00,-3.99,-0.3990,91.80
5185,SHORT,2024-12-21T08:33:59.999Z,3493.02,2024-12-21T20:22:59.999Z,3383.50,1000.00,31.35,3.1354,123.16
5186,SHORT,2024-12-21T20:54:59.999Z,3354.51,2024-12-22T00:21:59.999Z,3334.53,1000.00,5.96,0.5956,129.11
5187,SHORT,2024-12-22T02:45:59.999Z,3335.59,2024-12-22T03:57:59.999Z,3353.37,1000.00,-5.33,-0.5330,123.78
5188,SHORT,2024-12-22T04:38:59.999Z,3336.13,2024-12-22T06:28:59.999Z,3343.96,1000.00,-2.35,-0.2347,121.44
5189,SHORT,2024-12-22T07:42:59.999Z,3328.87,2024-12-22T08:06:59.999Z,3351.35,1000.00,-6.75,-0.6753,114.68
5190,SHORT,2024-12-22T13:10:59.999Z,3374.64,2024-12-22T13:29:59.999Z,3383.63,1000.00,-2.66,-0.2664,112.02
5191,SHORT,2024-12-22T13:54:59.999Z,3371.58,2024-12-22T21:21:59.999Z,3309.75,1000.00,18.34,1.8339,130.36
5192,SHORT,2024-12-22T22:04:59.999Z,3267.33,2024-12-22T23:11:59.999Z,3293.64,1000.00,-8.05,-0.8052,122.30
5193,SHORT,2024-12-22T23:43:59.999Z,3275.86,2024-12-23T02:59:59.999Z,3282.52,1000.00,-2.03,-0.2033,120.27
5194,SHORT,2024-12-23T06:10:59.999Z,3291.80,2024-12-23T08:16:59.999Z,3307.63,1000.00,-4.81,-0.4809,115.46
5195,SHORT,2024-12-23T13:37:59.999Z,3321.79,2024-12-23T14:24:59.999Z,3348.38,1000.00,-8.00,-0.8005,107.46
5196,SHORT,2024-12-23T14:41:59.999Z,3314.12,2024-12-23T16:51:59.999Z,3379.00,1000.00,-19.58,-1.9577,87.88
5197,SHORT,2024-12-23T18:49:59.999Z,3310.92,2024-12-23T19:22:59.999Z,3352.25,1000.00,-12.48,-1.2483,75.40
5198,SHORT,2024-12-24T00:15:59.999Z,3399.99,2024-12-24T04:21:59.999Z,3402.99,1000.00,-0.88,-0.0882,74.52
5199,SHORT,2024-12-24T07:00:59.999Z,3397.15,2024-12-24T08:59:59.999Z,3413.69,1000.00,-4.87,-0.4869,69.65
5200,SHORT,2024-12-24T09:13:59.999Z,3391.00,2024-12-24T11:29:59.999Z,3408.74,1000.00,-5.23,-0.5231,64.42
5201,SHORT,2024-12-24T12:46:59.999Z,3400.88,2024-12-24T13:00:59.999Z,3405.62,1000.00,-1.39,-0.1394,63.02
5202,SHORT,2024-12-24T13:03:59.999Z,3402.03,2024-12-24T13:05:59.999Z,3404.81,1000.00,-0.82,-0.0817,62.20
5203,SHORT,2024-12-24T13:07:59.999Z,3403.56,2024-12-24T13:08:59.999Z,3409.49,1000.00,-1.74,-0.1742,60.46
5204,SHORT,2024-12-24T19:39:59.999Z,3477.16,2024-12-24T21:44:59.999Z,3482.12,1000.00,-1.43,-0.1426,59.04
5205,SHORT,2024-12-25T00:58:59.999Z,3485.81,2024-12-25T03:08:59.999Z,3492.67,1000.00,-1.97,-0.1968,57.07
5206,SHORT,2024-12-25T03:30:59.999Z,3475.03,2024-12-25T04:30:59.999Z,3488.20,1000.00,-3.79,-0.3790,53.28
5207,SHORT,2024-12-25T08:00:59.999Z,3488.82,2024-12-25T08:22:59.999Z,3493.15,1000.00,-1.24,-0.1241,52.04
5208,SHORT,2024-12-25T09:09:59.999Z,3485.18,2024-12-25T09:47:59.999Z,3493.48,1000.00,-2.38,-0.2382,49.66
5209,SHORT,2024-12-25T11:53:59.999Z,3486.23,2024-12-25T14:32:59.999Z,3493.70,1000.00,-2.14,-0.2143,47.51
5210,SHORT,2024-12-25T15:07:59.999Z,3476.61,2024-12-25T18:17:59.999Z,3473.09,1000.00,1.01,0.1012,48.52
5211,SHORT,2024-12-25T21:07:59.999Z,3467.22,2024-12-25T22:35:59.999Z,3480.01,1000.00,-3.69,-0.3689,44.84
5212,SHORT,2024-12-26T01:12:59.999Z,3477.13,2024-12-26T17:01:59.999Z,3353.30,1000.00,35.61,3.5613,80.45
5213,SHORT,2024-12-26T17:24:59.999Z,3340.81,2024-12-26T21:52:59.999Z,3338.82,1000.00,0.60,0.0596,81.04
5214,SHORT,2024-12-26T23:11:59.999Z,3315.76,2024-12-27T00:02:59.999Z,3335.77,1000.00,-6.03,-0.6035,75.01
5215,SHORT,2024-12-27T00:21:59.999Z,3317.28,2024-12-27T00:32:59.999Z,3332.34,1000.00,-4.54,-0.4540,70.47
5216,SHORT,2024-12-27T00:33:59.999Z,3327.56,2024-12-27T00:41:59.999Z,3339.42,1000.00,-3.56,-0.3564,66.91
5217,SHORT,2024-12-27T07:32:59.999Z,3359.99,2024-12-27T09:06:59.999Z,3432.24,1000.00,-21.50,-2.1503,45.40
5218,SHORT,2024-12-27T13:18:59.999Z,3393.66,2024-12-27T18:04:59.999Z,3351.40,1000.00,12.45,1.2453,57.86
5219,SHORT,2024-12-27T20:19:59.999Z,3342.00,2024-12-28T00:11:59.999Z,3337.72,1000.00,1.28,0.1281,59.14
5220,SHORT,2024-12-28T01:34:59.999Z,3322.31,2024-12-28T01:42:59.999Z,3341.85,1000.00,-5.88,-0.5881,53.25
5221,SHORT,2024-12-28T01:58:59.999Z,3333.58,2024-12-28T02:03:59.999Z,3337.80,1000.00,-1.27,-0.1266,51.99
5222,SHORT,2024-12-28T02:54:59.999Z,3328.80,2024-12-28T03:16:59.999Z,3340.39,1000.00,-3.48,-0.3482,48.51
5223,SHORT,2024-12-28T06:35:59.999Z,3337.47,2024-12-28T07:22:59.999Z,3347.33,1000.00,-2.95,-0.2954,45.55
5224,SHORT,2024-12-28T07:40:59.999Z,3339.97,2024-12-28T08:55:59.999Z,3345.03,1000.00,-1.51,-0.1515,44.04
5225,SHORT,2024-12-28T10:55:59.999Z,3343.68,2024-12-28T11:31:59.999Z,3348.70,1000.00,-1.50,-0.1501,42.54
5226,SHORT,2024-12-29T00:16:59.999Z,3398.04,2024-12-29T04:59:59.999Z,3388.78,1000.00,2.73,0.2725,45.26
5227,SHORT,2024-12-29T06:07:59.999Z,3381.45,2024-12-29T06:36:59.999Z,3391.40,1000.00,-2.94,-0.2943,42.32
5228,SHORT,2024-12-29T09:17:59.999Z,3390.38,2024-12-29T09:30:59.999Z,3399.87,1000.00,-2.80,-0.2799,39.52
5229,SHORT,2024-12-29T12:06:59.999Z,3400.01,2024-12-29T12:09:59.999Z,3402.61,1000.00,-0.76,-0.0765,38.75
5230,SHORT,2024-12-29T12:10:59.999Z,3400.91,2024-12-29T12:15:59.999Z,3403.69,1000.00,-0.82,-0.0817,37.94
5231,SHORT,2024-12-29T12:27:59.999Z,3399.50,2024-12-29T14:05:59.999Z,3410.00,1000.00,-3.09,-0.3089,34.85
5232,SHORT,2024-12-29T14:20:59.999Z,3386.67,2024-12-29T19:21:59.999Z,3367.20,1000.00,5.75,0.5749,40.60
5233,SHORT,2024-12-29T19:43:59.999Z,3359.56,2024-12-29T21:31:59.999Z,3367.22,1000.00,-2.28,-0.2280,38.32
5234,SHORT,2024-12-29T21:51:59.999Z,3345.19,2024-12-29T23:49:59.999Z,3363.98,1000.00,-5.62,-0.5617,32.70
5235,SHORT,2024-12-30T04:52:59.999Z,3397.61,2024-12-30T06:01:59.999Z,3409.76,1000.00,-3.58,-0.3576,29.12
5236,SHORT,2024-12-30T10:51:59.999Z,3415.69,2024-12-30T11:56:59.999Z,3423.88,1000.00,-2.40,-0.2398,26.73
5237,SHORT,2024-12-30T12:47:59.999Z,3412.00,2024-12-30T17:32:59.999Z,3366.01,1000.00,13.48,1.3479,40.21
5238,SHORT,2024-12-30T21:30:59.999Z,3374.50,2024-12-31T04:15:59.999Z,3347.59,1000.00,7.97,0.7975,48.18
5239,SHORT,2024-12-31T04:45:59.999Z,3337.37,2024-12-31T05:45:59.999Z,3347.31,1000.00,-2.98,-0.2978,45.20
5240,SHORT,2024-12-31T16:03:59.999Z,3407.10,2025-01-01T00:26:59.999Z,3349.48,1000.00,16.91,1.6912,62.11
5241,SHORT,2025-01-01T04:14:59.999Z,3349.10,2025-01-01T08:19:59.999Z,3346.51,1000.00,0.77,0.0773,62.89
5242,SHORT,2025-01-01T08:23:59.999Z,3344.01,2025-01-01T11:44:59.999Z,3342.75,1000.00,0.38,0.0377,63.26
5243,SHORT,2025-01-01T14:36:59.999Z,3339.73,2025-01-01T14:50:59.999Z,3347.72,1000.00,-2.39,-0.2392,60.87
5244,SHORT,2025-01-01T15:30:59.999Z,3339.29,2025-01-01T15:44:59.999Z,3347.33,1000.00,-2.41,-0.2408,58.46
5245,SHORT,2025-01-01T16:48:59.999Z,3336.29,2025-01-01T18:38:59.999Z,3347.78,1000.00,-3.44,-0.3444,55.02
5246,SHORT,2025-01-01T23:33:59.999Z,3355.61,2025-01-02T00:22:59.999Z,3363.10,1000.00,-2.23,-0.2232,52.79
5247,SHORT,2025-01-02T14:04:59.999Z,3443.96,2025-01-02T14:41:59.999Z,3476.62,1000.00,-9.48,-0.9483,43.30
5248,SHORT,2025-01-02T15:45:59.999Z,3462.80,2025-01-02T16:28:59.999Z,3481.18,1000.00,-5.31,-0.5308,38.00
5249,SHORT,2025-01-02T17:32:59.999Z,3457.71,2025-01-02T19:16:59.999Z,3466.83,1000.00,-2.64,-0.2638,35.36
5250,SHORT,2025-01-02T20:45:59.999Z,3457.11,2025-01-02T23:58:59.999Z,3455.60,1000.00,0.44,0.0437,35.80
5251,SHORT,2025-01-03T01:11:59.999Z,3444.58,2025-01-03T01:30:59.999Z,3457.41,1000.00,-3.72,-0.3725,32.07
5252,SHORT,2025-01-03T04:51:59.999Z,3458.79,2025-01-03T09:40:59.999Z,3449.17,1000.00,2.78,0.2781,34.85
5253,SHORT,2025-01-03T23:38:59.999Z,3606.64,2025-01-04T00:23:59.999Z,3618.63,1000.00,-3.32,-0.3324,31.53
5254,SHORT,2025-01-04T00:43:59.999Z,3606.55,2025-01-04T06:01:59.999Z,3596.83,1000.00,2.70,0.2695,34.22
5255,SHORT,2025-01-04T08:28:59.999Z,3590.21,2025-01-04T11:43:59.999Z,3595.35,1000.00,-1.43,-0.1432,32.79
5256,SHORT,2025-01-04T15:42:59.999Z,3600.23,2025-01-04T17:18:59.999Z,3629.42,1000.00,-8.11,-0.8108,24.68
5257,SHORT,2025-01-05T01:01:59.999Z,3648.62,2025-01-05T04:30:59.999Z,3648.27,1000.00,0.10,0.0096,24.78
5258,SHORT,2025-01-05T05:15:59.999Z,3636.95,2025-01-05T12:53:59.999Z,3621.02,1000.00,4.38,0.4380,29.16
5259,SHORT,2025-01-05T14:10:59.999Z,3609.25,2025-01-05T14:57:59.999Z,3623.58,1000.00,-3.97,-0.3970,25.19
5260,SHORT,2025-01-05T18:06:59.999Z,3615.15,2025-01-05T18:54:59.999Z,3630.37,1000.00,-4.21,-0.4210,20.98
5261,SHORT,2025-01-05T23:54:59.999Z,3636.25,2025-01-06T00:12:59.999Z,3644.01,1000.00,-2.13,-0.2134,18.84
5262,SHORT,2025-01-06T00:16:59.999Z,3630.56,2025-01-06T00:26:59.999Z,3644.83,1000.00,-3.93,-0.3931,14.91
5263,SHORT,2025-01-06T00:35:59.999Z,3630.00,2025-01-06T02:02:59.999Z,3655.51,1000.00,-7.03,-0.7028,7.89
5264,SHORT,2025-01-06T07:03:59.999Z,3664.33,2025-01-06T11:33:59.999Z,3656.11,1000.00,2.24,0.2243,10.13
5265,SHORT,2025-01-06T13:06:59.999Z,3639.42,2025-01-06T14:52:59.999Z,3673.88,1000.00,-9.47,-0.9469,0.66
5266,SHORT,2025-01-06T17:43:59.999Z,3658.25,2025-01-06T19:21:59.999Z,3690.99,1000.00,-8.95,-0.8950,-8.29
5267,SHORT,2025-01-06T20:51:59.999Z,3678.86,2025-01-06T23:50:59.999Z,3685.06,1000.00,-1.69,-0.1685,-9.97
5268,SHORT,2025-01-07T01:03:59.999Z,3663.01,2025-01-07T01:33:59.999Z,3682.58,1000.00,-5.34,-0.5343,-15.32
5269,SHORT,2025-01-07T03:02:59.999Z,3674.98,2025-01-07T03:11:59.999Z,3686.58,1000.00,-3.16,-0.3156,-18.47
5270,SHORT,2025-01-07T03:16:59.999Z,3679.00,2025-01-07T08:55:59.999Z,3674.65,1000.00,1.18,0.1182,-17.29
5271,SHORT,2025-01-07T09:14:59.999Z,3669.01,2025-01-08T00:21:59.999Z,3405.09,1000.00,71.93,7.1932,54.64
5272,SHORT,2025-01-08T01:46:59.999Z,3384.16,2025-01-08T02:32:59.999Z,3396.60,1000.00,-3.68,-0.3676,50.97
5273,SHORT,2025-01-08T02:35:59.999Z,3395.09,2025-01-08T02:36:59.999Z,3396.72,1000.00,-0.48,-0.0480,50.49
5274,SHORT,2025-01-08T02:44:59.999Z,3393.75,2025-01-08T08:07:59.999Z,3353.69,1000.00,11.80,1.1804,62.29
5275,SHORT,2025-01-08T10:13:59.999Z,3353.70,2025-01-08T10:21:59.999Z,3361.51,1000.00,-2.33,-0.2329,59.96
5276,SHORT,2025-01-08T11:18:59.999Z,3354.47,2025-01-08T13:18:59.999Z,3360.94,1000.00,-1.93,-0.1929,58.03
5277,SHORT,2025-01-08T15:30:59.999Z,3347.60,2025-01-08T21:44:59.999Z,3301.18,1000.00,13.87,1.3867,71.90
5278,SHORT,2025-01-09T03:14:59.999Z,3325.81,2025-01-09T04:59:59.999Z,3340.30,1000.00,-4.36,-0.4357,67.54
5279,SHORT,2025-01-09T06:06:59.999Z,3323.05,2025-01-09T09:12:59.999Z,3318.00,1000.00,1.52,0.1520,69.06
5280,SHORT,2025-01-09T10:29:59.999Z,3302.09,2025-01-09T11:18:59.999Z,3318.36,1000.00,-4.93,-0.4927,64.13
5281,SHORT,2025-01-09T11:41:59.999Z,3301.35,2025-01-09T15:34:59.999Z,3301.86,1000.00,-0.15,-0.0154,63.98
5282,SHORT,2025-01-09T17:36:59.999Z,3273.39,2025-01-09T22:46:59.999Z,3231.94,1000.00,12.66,1.2663,76.64
5283,SHORT,2025-01-09T23:41:59.999Z,3214.60,2025-01-10T00:05:59.999Z,3223.26,1000.00,-2.69,-0.2694,73.95
5284,SHORT,2025-01-10T12:31:59.999Z,3298.91,2025-01-10T12:57:59.999Z,3310.28,1000.00,-3.45,-0.3447,70.50
5285,SHORT,2025-01-10T13:31:59.999Z,3263.12,2025-01-10T17:24:59.999Z,3273.34,1000.00,-3.13,-0.3132,67.37
5286,SHORT,2025-01-10T20:34:59.999Z,3267.82,2025-01-10T23:41:59.999Z,3271.91,1000.00,-1.25,-0.1252,66.12
5287,SHORT,2025-01-10T23:53:59.999Z,3269.81,2025-01-11T06:05:59.999Z,3245.80,1000.00,7.34,0.7343,73.46
5288,SHORT,2025-01-11T07:18:59.999Z,3239.40,2025-01-11T09:51:59.999Z,3237.91,1000.00,0.46,0.0460,73.92
5289,SHORT,2025-01-11T14:23:59.999Z,3260.60,2025-01-11T14:36:59.999Z,3270.77,1000.00,-3.12,-0.3119,70.80
5290,SHORT,2025-01-11T16:22:59.999Z,3263.51,2025-01-11T16:38:59.999Z,3276.05,1000.00,-3.84,-0.3842,66.96
5291,SHORT,2025-01-11T17:18:59.999Z,3264.29,2025-01-11T17:25:59.999Z,3271.59,1000.00,-2.24,-0.2236,64.72
5292,SHORT,2025-01-11T23:03:59.999Z,3285.59,2025-01-12T03:00:59.999Z,3290.47,1000.00,-1.49,-0.1485,63.24
5293,SHORT,2025-01-12T03:22:59.999Z,3279.47,2025-01-12T04:30:59.999Z,3287.01,1000.00,-2.30,-0.2299,60.94
5294,SHORT,2025-01-12T05:11:59.999Z,3283.04,2025-01-12T11:41:59.999Z,3253.58,1000.00,8.97,0.8973,69.91
5295,SHORT,2025-01-12T19:28:59.999Z,3279.26,2025-01-12T20:16:59.999Z,3285.91,1000.00,-2.03,-0.2028,67.89
5296,SHORT,2025-01-12T20:33:59.999Z,3279.51,2025-01-13T00:02:59.999Z,3272.09,1000.00,2.26,0.2263,70.15
5297,SHORT,2025-01-13T01:57:59.999Z,3259.51,2025-01-13T20:27:59.999Z,3026.93,1000.00,71.35,7.1354,141.50
5298,SHORT,2025-01-14T12:11:59.999Z,3204.32,2025-01-14T13:54:59.999Z,3211.04,1000.00,-2.10,-0.2097,139.40
5299,SHORT,2025-01-14T15:01:59.999Z,3194.42,2025-01-14T15:16:59.999Z,3215.81,1000.00,-6.70,-0.6696,132.71
5300,SHORT,2025-01-14T15:24:59.999Z,3201.10,2025-01-14T17:42:59.999Z,3209.72,1000.00,-2.69,-0.2693,130.02
5301,SHORT,2025-01-14T22:07:59.999Z,3216.30,2025-01-14T22:09:59.999Z,3223.88,1000.00,-2.36,-0.2357,127.66
5302,SHORT,2025-01-15T00:53:59.999Z,3222.23,2025-01-15T01:26:59.999Z,3233.60,1000.00,-3.53,-0.3529,124.13
5303,SHORT,2025-01-15T02:23:59.999Z,3220.28,2025-01-15T03:56:59.999Z,3238.10,1000.00,-5.53,-0.5534,118.60
5304,SHORT,2025-01-15T05:12:59.999Z,3217.51,2025-01-15T05:32:59.999Z,3230.57,1000.00,-4.06,-0.4059,114.54
5305,SHORT,2025-01-15T06:21:59.999Z,3220.92,2025-01-15T07:00:59.999Z,3231.50,1000.00,-3.28,-0.3285,111.25
5306,SHORT,2025-01-15T09:28:59.999Z,3223.59,2025-01-15T13:24:59.999Z,3213.01,1000.00,3.28,0.3282,114.54
5307,SHORT,2025-01-16T00:37:59.999Z,3398.51,2025-01-16T06:42:59.999Z,3380.19,1000.00,5.39,0.5391,119.93
5308,SHORT,2025-01-16T08:21:59.999Z,3362.62,2025-01-16T11:53:59.999Z,3351.81,1000.00,3.21,0.3215,123.14
5309,SHORT,2025-01-16T13:20:59.999Z,3329.20,2025-01-16T16:08:59.999Z,3357.51,1000.00,-8.50,-0.8504,114.64
5310,SHORT,2025-01-16T18:33:59.999Z,3321.74,2025-01-16T19:53:59.999Z,3339.48,1000.00,-5.34,-0.5341,109.30
5311,SHORT,2025-01-16T21:06:59.999Z,3325.28,2025-01-17T00:29:59.999Z,3314.39,1000.00,3.27,0.3275,112.57
5312,SHORT,2025-01-17T12:54:59.999Z,3407.87,2025-01-17T13:17:59.999Z,3417.51,1000.00,-2.83,-0.2829,109.74
5313,SHORT,2025-01-17T13:19:59.999Z,3411.10,2025-01-17T13:21:59.999Z,3416.86,1000.00,-1.69,-0.1689,108.05
5314,SHORT,2025-01-17T13:40:59.999Z,3404.41,2025-01-17T14:27:59.999Z,3422.00,1000.00,-5.17,-0.5167,102.89
5315,SHORT,2025-01-17T17:44:59.999Z,3414.42,2025-01-17T19:22:59.999Z,3441.21,1000.00,-7.85,-0.7846,95.04
5316,SHORT,2025-01-18T01:27:59.999Z,3471.99,2025-01-18T11:44:59.999Z,3317.40,1000.00,44.52,4.4525,139.57
5317,SHORT,2025-01-18T15:09:59.999Z,3294.25,2025-01-18T15:14:59.999Z,3303.10,1000.00,-2.69,-0.2686,136.88
5318,SHORT,2025-01-18T16:18:59.999Z,3263.68,2025-01-18T19:41:59.999Z,3282.82,1000.00,-5.86,-0.5865,131.01
5319,SHORT,2025-01-18T20:25:59.999Z,3265.72,2025-01-18T21:36:59.999Z,3279.40,1000.00,-4.19,-0.4189,126.83
5320,SHORT,2025-01-18T22:01:59.999Z,3275.01,2025-01-18T22:05:59.999Z,3281.00,1000.00,-1.83,-0.1829,125.00
5321,SHORT,2025-01-19T04:10:59.999Z,3326.60,2025-01-19T13:01:59.999Z,3216.79,1000.00,33.01,3.3010,158.01
5322,SHORT,2025-01-19T20:49:59.999Z,3392.11,2025-01-20T02:22:59.999Z,3250.29,1000.00,41.81,4.1809,199.82
5323,SHORT,2025-01-20T10:57:59.999Z,3344.05,2025-01-20T11:59:59.999Z,3375.43,1000.00,-9.38,-0.9384,190.43
5324,SHORT,2025-01-20T12:08:59.999Z,3354.50,2025-01-20T14:19:59.999Z,3347.60,1000.00,2.06,0.2057,192.49
5325,SHORT,2025-01-20T16:10:59.999Z,3326.74,2025-01-20T16:40:59.999Z,3381.69,1000.00,-16.52,-1.6518,175.97
5326,SHORT,2025-01-20T17:17:59.999Z,3331.11,2025-01-20T19:25:59.999Z,3348.50,1000.00,-5.22,-0.5220,170.75
5327,SHORT,2025-01-20T21:06:59.999Z,3320.01,2025-01-21T03:57:59.999Z,3263.69,1000.00,16.96,1.6964,187.71
5328,SHORT,2025-01-21T04:02:59.999Z,3252.30,2025-01-21T07:19:59.999Z,3250.15,1000.00,0.66,0.0661,188.38
5329,SHORT,2025-01-21T15:00:59.999Z,3290.73,2025-01-21T16:11:59.999Z,3336.21,1000.00,-13.82,-1.3821,174.55
5330,SHORT,2025-01-21T20:30:59.999Z,3319.23,2025-01-21T21:57:59.999Z,3332.86,1000.00,-4.11,-0.4106,170.45
5331,SHORT,2025-01-21T23:27:59.999Z,3319.01,2025-01-22T00:11:59.999Z,3333.24,1000.00,-4.29,-0.4287,166.16
5332,SHORT,2025-01-22T02:00:59.999Z,3326.60,2025-01-22T02:29:59.999Z,3334.15,1000.00,-2.27,-0.2270,163.89
5333,SHORT,2025-01-22T04:03:59.999Z,3330.98,2025-01-22T10:48:59.999Z,3305.13,1000.00,7.76,0.7760,171.65
5334,SHORT,2025-01-22T13:29:59.999Z,3305.06,2025-01-23T00:39:59.999Z,3257.31,1000.00,14.45,1.4448,186.10
5335,SHORT,2025-01-23T00:51:59.999Z,3247.17,2025-01-23T00:53:59.999Z,3257.68,1000.00,-3.24,-0.3237,182.86
5336,SHORT,2025-01-23T01:21:59.999Z,3248.11,2025-01-23T01:29:59.999Z,3254.94,1000.00,-2.10,-0.2103,180.76
5337,SHORT,2025-01-23T01:39:59.999Z,3244.07,2025-01-23T07:44:59.999Z,3223.19,1000.00,6.44,0.6436,187.20
5338,SHORT,2025-01-23T08:56:59.999Z,3213.11,2025-01-23T11:55:59.999Z,3213.61,1000.00,-0.16,-0.0156,187.04
5339,SHORT,2025-01-23T12:15:59.999Z,3200.07,2025-01-23T13:09:59.999Z,3210.93,1000.00,-3.39,-0.3394,183.65
5340,SHORT,2025-01-23T13:10:59.999Z,3205.61,2025-01-23T13:11:59.999Z,3208.75,1000.00,-0.98,-0.0980,182.67
5341,SHORT,2025-01-23T13:20:59.999Z,3203.49,2025-01-23T13:27:59.999Z,3211.00,1000.00,-2.34,-0.2344,180.32
5342,SHORT,2025-01-23T17:22:59.999Z,3237.46,2025-01-23T17:46:59.999Z,3260.01,1000.00,-6.97,-0.6965,173.36
5343,SHORT,2025-01-23T18:46:59.999Z,3244.62,2025-01-23T20:30:59.999Z,3260.61,1000.00,-4.93,-0.4928,168.43
5344,SHORT,2025-01-23T21:21:59.999Z,3229.43,2025-01-23T21:27:59.999Z,3243.21,1000.00,-4.27,-0.4267,164.16
5345,SHORT,2025-01-23T21:28:59.999Z,3240.72,2025-01-23T21:43:59.999Z,3247.64,1000.00,-2.14,-0.2135,162.03
5346,SHORT,2025-01-23T21:53:59.999Z,3241.29,2025-01-23T21:57:59.999Z,3250.52,1000.00,-2.85,-0.2848,159.18
5347,SHORT,2025-01-24T02:03:59.999Z,3289.36,2025-01-24T02:18:59.999Z,3310.84,1000.00,-6.53,-0.6530,152.65
5348,SHORT,2025-01-24T02:48:59.999Z,3285.90,2025-01-24T03:51:59.999Z,3310.50,1000.00,-7.49,-0.7487,145.16
5349,SHORT,2025-01-24T04:04:59.999Z,3294.34,2025-01-24T04:12:59.999Z,3306.95,1000.00,-3.83,-0.3828,141.34
5350,SHORT,2025-01-24T12:20:59.999Z,3397.98,2025-01-24T13:02:59.999Z,3412.38,1000.00,-4.24,-0.4238,137.10
5351,SHORT,2025-01-24T13:54:59.999Z,3393.46,2025-01-24T14:43:59.999Z,3416.70,1000.00,-6.85,-0.6848,130.25
5352,SHORT,2025-01-24T15:24:59.999Z,3396.34,2025-01-24T17:47:59.999Z,3401.40,1000.00,-1.49,-0.1490,128.76
5353,SHORT,2025-01-24T18:47:59.999Z,3381.40,2025-01-25T03:35:59.999Z,3315.43,1000.00,19.51,1.9510,148.27
5354,SHORT,2025-01-25T05:02:59.999Z,3299.00,2025-01-25T11:01:59.999Z,3295.38,1000.00,1.10,0.1097,149.37
5355,SHORT,2025-01-25T21:14:59.999Z,3334.26,2025-01-25T22:05:59.999Z,3343.58,1000.00,-2.80,-0.2795,146.57
5356,SHORT,2025-01-25T22:35:59.999Z,3333.06,2025-01-26T01:38:59.999Z,3332.39,1000.00,0.20,0.0201,146.77
5357,SHORT,2025-01-26T02:11:59.999Z,3322.04,2025-01-26T03:18:59.999Z,3332.13,1000.00,-3.04,-0.3037,143.73
5358,SHORT,2025-01-26T07:26:59.999Z,3340.30,2025-01-26T14:58:59.999Z,3311.88,1000.00,8.51,0.8508,152.24
5359,SHORT,2025-01-26T21:04:59.999Z,3320.21,2025-01-27T12:46:59.999Z,3089.97,1000.00,69.35,6.9345,221.59
5360,SHORT,2025-01-27T16:41:59.999Z,3084.88,2025-01-27T20:24:59.999Z,3104.91,1000.00,-6.49,-0.6493,215.09
5361,SHORT,2025-01-28T01:29:59.999Z,3153.99,2025-01-28T01:57:59.999Z,3173.92,1000.00,-6.32,-0.6319,208.78
5362,SHORT,2025-01-28T06:47:59.999Z,3195.62,2025-01-28T07:26:59.999Z,3214.59,1000.00,-5.94,-0.5936,202.84
5363,SHORT,2025-01-28T07:48:59.999Z,3194.83,2025-01-28T10:25:59.999Z,3205.55,1000.00,-3.36,-0.3355,199.48
5364,SHORT,2025-01-28T10:50:59.999Z,3189.82,2025-01-28T15:26:59.999Z,3191.01,1000.00,-0.37,-0.0373,199.11
5365,SHORT,2025-01-28T16:13:59.999Z,3169.29,2025-01-29T00:32:59.999Z,3090.90,1000.00,24.73,2.4734,223.85
5366,SHORT,2025-01-29T09:21:59.999Z,3135.64,2025-01-29T11:40:59.999Z,3140.77,1000.00,-1.64,-0.1636,222.21
5367,SHORT,2025-01-29T11:56:59.999Z,3132.59,2025-01-29T17:27:59.999Z,3122.58,1000.00,3.20,0.3195,225.40
5368,SHORT,2025-01-29T19:11:59.999Z,3073.31,2025-01-29T19:49:59.999Z,3134.16,1000.00,-19.80,-1.9799,205.61
5369,SHORT,2025-01-29T23:43:59.999Z,3120.40,2025-01-30T01:19:59.999Z,3141.20,1000.00,-6.67,-0.6666,198.94
5370,SHORT,2025-01-30T07:43:59.999Z,3179.58,2025-01-30T08:00:59.999Z,3195.08,1000.00,-4.87,-0.4875,194.06
5371,SHORT,2025-01-30T19:43:59.999Z,3258.58,2025-01-30T19:55:59.999Z,3271.48,1000.00,-3.96,-0.3959,190.11
5372,SHORT,2025-01-30T20:28:59.999Z,3260.31,2025-01-30T22:45:59.999Z,3267.87,1000.00,-2.32,-0.2319,187.79
5373,SHORT,2025-01-31T00:01:59.999Z,3250.61,2025-01-31T00:44:59.999Z,3260.90,1000.00,-3.17,-0.3166,184.62
5374,SHORT,2025-01-31T02:40:59.999Z,3251.39,2025-01-31T05:52:59.999Z,3248.92,1000.00,0.76,0.0760,185.38
5375,SHORT,2025-01-31T08:11:59.999Z,3245.91,2025-01-31T09:35:59.999Z,3268.13,1000.00,-6.85,-0.6846,178.54
5376,SHORT,2025-01-31T18:04:59.999Z,3367.73,2025-02-01T00:49:59.999Z,3312.00,1000.00,16.55,1.6548,195.08
5377,SHORT,2025-02-01T03:03:59.999Z,3301.81,2025-02-01T12:27:59.999Z,3258.37,1000.00,13.16,1.3156,208.24
5378,SHORT,2025-02-01T13:58:59.999Z,3243.74,2025-02-01T16:04:59.999Z,3255.68,1000.00,-3.68,-0.3681,204.56
5379,SHORT,2025-02-01T18:51:59.999Z,3246.25,2025-02-02T00:59:59.999Z,3151.46,1000.00,29.20,2.9200,233.76
5380,SHORT,2025-02-02T02:15:59.999Z,3135.35,2025-02-02T05:47:59.999Z,3113.01,1000.00,7.13,0.7125,240.88
5381,SHORT,2025-02-02T07:18:59.999Z,3101.34,2025-02-02T08:46:59.999Z,3113.07,1000.00,-3.78,-0.3782,237.10
5382,SHORT,2025-02-02T09:10:59.999Z,3104.01,2025-02-02T10:00:59.999Z,3109.41,1000.00,-1.74,-0.1740,235.36
5383,SHORT,2025-02-02T10:02:59.999Z,3103.53,2025-02-02T14:05:59.999Z,3088.19,1000.00,4.94,0.4943,240.31
5384,SHORT,2025-02-02T15:26:59.999Z,3071.02,2025-02-03T07:03:59.999Z,2537.31,1000.00,173.79,17.3789,414.09
5385,SHORT,2025-02-03T13:13:59.999Z,2573.11,2025-02-03T14:43:59.999Z,2621.61,1000.00,-18.85,-1.8849,395.25
5386,SHORT,2025-02-03T20:58:59.999Z,2701.30,2025-02-03T21:38:59.999Z,2750.96,1000.00,-18.38,-1.8384,376.86
5387,SHORT,2025-02-04T02:25:59.999Z,2833.68,2025-02-04T10:22:59.999Z,2729.64,1000.00,36.72,3.6716,413.58
5388,SHORT,2025-02-04T15:23:59.999Z,2765.00,2025-02-04T17:08:59.999Z,2806.65,1000.00,-15.06,-1.5063,398.51
5389,SHORT,2025-02-04T20:02:59.999Z,2792.18,2025-02-04T23:48:59.999Z,2728.87,1000.00,22.67,2.2674,421.19
5390,SHORT,2025-02-05T02:22:59.999Z,2715.28,2025-02-05T02:55:59.999Z,2749.21,1000.00,-12.50,-1.2496,408.69
5391,SHORT,2025-02-05T04:00:59.999Z,2719.85,2025-02-05T04:54:59.999Z,2729.80,1000.00,-3.66,-0.3658,405.03
5392,SHORT,2025-02-05T05:08:59.999Z,2719.71,2025-02-05T05:54:59.999Z,2762.99,1000.00,-15.91,-1.5913,389.12
5393,SHORT,2025-02-05T15:05:59.999Z,2768.99,2025-02-05T19:44:59.999Z,2767.40,1000.00,0.57,0.0574,389.69
5394,SHORT,2025-02-05T22:40:59.999Z,2755.66,2025-02-05T23:12:59.999Z,2782.00,1000.00,-9.56,-0.9559,380.14
5395,SHORT,2025-02-06T00:58:59.999Z,2767.60,2025-02-06T01:14:59.999Z,2786.06,1000.00,-6.67,-0.6670,373.47
5396,SHORT,2025-02-06T09:00:59.999Z,2826.38,2025-02-06T09:14:59.999Z,2848.20,1000.00,-7.72,-0.7720,365.75
5397,SHORT,2025-02-06T10:46:59.999Z,2823.24,2025-02-06T20:48:59.999Z,2719.56,1000.00,36.72,3.6724,402.47
5398,SHORT,2025-02-06T21:24:59.999Z,2693.09,2025-02-07T00:17:59.999Z,2705.72,1000.00,-4.69,-0.4690,397.78
5399,SHORT,2025-02-07T00:54:59.999Z,2687.20,2025-02-07T01:11:59.999Z,2702.41,1000.00,-5.66,-0.5660,392.12
5400,SHORT,2025-02-07T05:24:59.999Z,2707.42,2025-02-07T07:32:59.999Z,2717.77,1000.00,-3.82,-0.3823,388.30
5401,SHORT,2025-02-07T13:33:59.999Z,2738.70,2025-02-07T13:40:59.999Z,2772.32,1000.00,-12.28,-1.2276,376.02
5402,SHORT,2025-02-07T15:19:59.999Z,2728.55,2025-02-07T23:51:59.999Z,2617.55,1000.00,40.68,4.0681,416.70
5403,SHORT,2025-02-08T05:02:59.999Z,2631.39,2025-02-08T10:23:59.999Z,2629.50,1000.00,0.72,0.0718,417.42
5404,SHORT,2025-02-08T11:07:59.999Z,2616.68,2025-02-08T13:38:59.999Z,2628.08,1000.00,-4.36,-0.4357,413.06
5405,SHORT,2025-02-08T14:32:59.999Z,2608.22,2025-02-08T15:09:59.999Z,2623.67,1000.00,-5.92,-0.5924,407.14
5406,SHORT,2025-02-08T15:29:59.999Z,2605.80,2025-02-08T17:07:59.999Z,2620.99,1000.00,-5.83,-0.5829,401.31
5407,SHORT,2025-02-08T22:45:59.999Z,2625.01,2025-02-08T23:25:59.999Z,2639.19,1000.00,-5.40,-0.5402,395.91
5408,SHORT,2025-02-09T00:18:59.999Z,2630.11,2025-02-09T01:07:59.999Z,2639.69,1000.00,-3.64,-0.3642,392.27
5409,SHORT,2025-02-09T06:17:59.999Z,2655.38,2025-02-09T06:59:59.999Z,2663.04,1000.00,-2.88,-0.2885,389.38
5410,SHORT,2025-02-09T09:19:59.999Z,2654.98,2025-02-09T10:35:59.999Z,2667.85,1000.00,-4.85,-0.4847,384.53
5411,SHORT,2025-02-09T11:51:59.999Z,2657.49,2025-02-09T15:37:59.999Z,2650.42,1000.00,2.66,0.2660,387.19
5412,SHORT,2025-02-09T17:42:59.999Z,2641.59,2025-02-09T20:44:59.999Z,2644.60,1000.00,-1.14,-0.1139,386.05
5413,SHORT,2025-02-09T21:21:59.999Z,2629.99,2025-02-09T23:14:59.999Z,2613.22,1000.00,6.38,0.6376,392.43
5414,SHORT,2025-02-10T01:35:59.999Z,2614.23,2025-02-10T03:34:59.999Z,2639.00,1000.00,-9.48,-0.9475,382.96
5415,SHORT,2025-02-10T12:44:59.999Z,2643.24,2025-02-10T13:44:59.999Z,2655.88,1000.00,-4.78,-0.4782,378.17
5416,SHORT,2025-02-10T15:26:59.999Z,2643.72,2025-02-10T15:35:59.999Z,2660.54,1000.00,-6.36,-0.6362,371.81
5417,SHORT,2025-02-10T15:42:59.999Z,2650.21,2025-02-10T15:54:59.999Z,2657.30,1000.00,-2.68,-0.2675,369.14
5418,SHORT,2025-02-10T20:29:59.999Z,2673.59,2025-02-10T20:32:59.999Z,2675.87,1000.00,-0.85,-0.0853,368.28
5419,SHORT,2025-02-10T21:25:59.999Z,2669.54,2025-02-11T00:24:59.999Z,2669.03,1000.00,0.19,0.0191,368.48
5420,SHORT,2025-02-11T02:35:59.999Z,2670.41,2025-02-11T04:35:59.999Z,2687.88,1000.00,-6.54,-0.6542,361.93
5421,SHORT,2025-02-11T09:57:59.999Z,2705.74,2025-02-11T21:42:59.999Z,2626.72,1000.00,29.20,2.9205,391.14
5422,SHORT,2025-02-11T22:57:59.999Z,2564.26,2025-02-12T01:09:59.999Z,2611.44,1000.00,-18.40,-1.8399,372.74
5423,SHORT,2025-02-12T01:11:59.999Z,2606.04,2025-02-12T01:44:59.999Z,2613.00,1000.00,-2.67,-0.2671,370.07
5424,SHORT,2025-02-12T02:54:59.999Z,2604.03,2025-02-12T05:24:59.999Z,2604.39,1000.00,-0.14,-0.0138,369.93
5425,SHORT,2025-02-12T13:37:59.999Z,2567.75,2025-02-12T16:49:59.999Z,2616.15,1000.00,-18.85,-1.8849,351.08
5426,SHORT,2025-02-13T04:41:59.999Z,2731.00,2025-02-13T19:08:59.999Z,2659.51,1000.00,26.18,2.6177,377.26
5427,SHORT,2025-02-14T05:46:59.999Z,2694.48,2025-02-14T06:05:59.999Z,2698.91,1000.00,-1.64,-0.1644,375.61
5428,SHORT,2025-02-14T06:45:59.999Z,2694.46,2025-02-14T06:57:59.999Z,2699.78,1000.00,-1.97,-0.1974,373.64
5429,SHORT,2025-02-14T11:06:59.999Z,2698.70,2025-02-14T13:49:59.999Z,2702.01,1000.00,-1.23,-0.1227,372.41
5430,SHORT,2025-02-14T19:51:59.999Z,2735.81,2025-02-15T02:01:59.999Z,2729.00,1000.00,2.49,0.2489,374.90
5431,SHORT,2025-02-15T04:42:59.999Z,2719.81,2025-02-15T10:57:59.999Z,2710.56,1000.00,3.40,0.3401,378.30
5432,SHORT,2025-02-15T11:39:59.999Z,2703.22,2025-02-15T11:52:59.999Z,2709.09,1000.00,-2.17,-0.2171,376.13
5433,SHORT,2025-02-15T14:05:59.999Z,2698.96,2025-02-15T18:34:59.999Z,2699.49,1000.00,-0.20,-0.0196,375.93
5434,SHORT,2025-02-15T20:17:59.999Z,2690.89,2025-02-15T21:46:59.999Z,2699.16,1000.00,-3.07,-0.3073,372.86
5435,SHORT,2025-02-15T22:53:59.999Z,2692.69,2025-02-15T23:23:59.999Z,2697.21,1000.00,-1.68,-0.1679,371.18
5436,SHORT,2025-02-15T23:50:59.999Z,2690.80,2025-02-16T00:18:59.999Z,2703.40,1000.00,-4.68,-0.4683,366.50
5437,SHORT,2025-02-16T01:45:59.999Z,2695.40,2025-02-16T01:53:59.999Z,2699.70,1000.00,-1.60,-0.1595,364.91
5438,SHORT,2025-02-16T02:49:59.999Z,2692.00,2025-02-16T04:02:59.999Z,2699.50,1000.00,-2.79,-0.2786,362.12
5439,SHORT,2025-02-16T07:25:59.999Z,2694.52,2025-02-16T09:54:59.999Z,2707.36,1000.00,-4.77,-0.4765,357.35
5440,SHORT,2025-02-16T10:59:59.999Z,2695.90,2025-02-16T11:19:59.999Z,2706.20,1000.00,-3.82,-0.3821,353.53
5441,SHORT,2025-02-16T13:43:59.999Z,2698.35,2025-02-16T16:37:59.999Z,2696.98,1000.00,0.51,0.0508,354.04
5442,SHORT,2025-02-16T16:39:59.999Z,2694.50,2025-02-16T17:07:59.999Z,2698.78,1000.00,-1.59,-0.1588,352.45
5443,SHORT,2025-02-16T17:35:59.999Z,2692.09,2025-02-16T21:55:59.999Z,2684.44,1000.00,2.84,0.2842,355.29
5444,SHORT,2025-02-16T22:33:59.999Z,2673.00,2025-02-17T01:45:59.999Z,2671.76,1000.00,0.46,0.0464,355.76
5445,SHORT,2025-02-17T03:04:59.999Z,2664.63,2025-02-17T06:06:59.999Z,2679.70,1000.00,-5.66,-0.5656,350.10
5446,SHORT,2025-02-17T15:58:59.999Z,2751.37,2025-02-17T20:29:59.999Z,2736.82,1000.00,5.29,0.5288,355.39
5447,SHORT,2025-02-17T23:42:59.999Z,2740.20,2025-02-18T09:26:59.999Z,2691.66,1000.00,17.71,1.7714,373.10
5448,SHORT,2025-02-18T11:58:59.999Z,2679.99,2025-02-18T12:24:59.999Z,2693.60,1000.00,-5.08,-0.5078,368.03
5449,SHORT,2025-02-18T14:58:59.999Z,2691.40,2025-02-18T21:12:59.999Z,2647.66,1000.00,16.25,1.6252,384.28
5450,SHORT,2025-02-19T01:40:59.999Z,2659.74,2025-02-19T01:46:59.999Z,2668.35,1000.00,-3.24,-0.3237,381.04
5451,SHORT,2025-02-19T04:52:59.999Z,2676.53,2025-02-19T05:37:59.999Z,2693.40,1000.00,-6.30,-0.6303,374.74
5452,SHORT,2025-02-19T12:41:59.999Z,2718.62,2025-02-19T16:50:59.999Z,2711.20,1000.00,2.73,0.2729,377.47
5453,SHORT,2025-02-19T16:52:59.999Z,2704.69,2025-02-19T16:55:59.999Z,2710.00,1000.00,-1.96,-0.1963,375.50
5454,SHORT,2025-02-19T17:33:59.999Z,2703.01,2025-02-19T17:44:59.999Z,2711.39,1000.00,-3.10,-0.3100,372.40
5455,SHORT,2025-02-19T18:13:59.999Z,2698.62,2025-02-19T18:47:59.999Z,2710.01,1000.00,-4.22,-0.4221,368.18
5456,SHORT,2025-02-19T18:51:59.999Z,2705.69,2025-02-19T19:21:59.999Z,2723.35,1000.00,-6.53,-0.6527,361.66
5457,SHORT,2025-02-19T22:16:59.999Z,2711.49,2025-02-19T22:53:59.999Z,2728.99,1000.00,-6.45,-0.6454,355.20
5458,SHORT,2025-02-20T00:01:59.999Z,2717.08,2025-02-20T00:45:59.999Z,2721.52,1000.00,-1.63,-0.1634,353.57
5459,SHORT,2025-02-20T01:48:59.999Z,2715.11,2025-02-20T02:08:59.999Z,2723.42,1000.00,-3.06,-0.3061,350.51
5460,SHORT,2025-02-20T05:50:59.999Z,2733.00,2025-02-20T08:14:59.999Z,2734.21,1000.00,-0.44,-0.0443,350.06
5461,SHORT,2025-02-20T08:21:59.999Z,2728.12,2025-02-20T09:00:59.999Z,2733.58,1000.00,-2.00,-0.2001,348.06
5462,SHORT,2025-02-20T09:03:59.999Z,2730.99,2025-02-20T10:26:59.999Z,2735.85,1000.00,-1.78,-0.1780,346.28
5463,SHORT,2025-02-20T15:04:59.999Z,2735.13,2025-02-20T17:52:59.999Z,2733.08,1000.00,0.75,0.0750,347.03
5464,SHORT,2025-02-20T21:26:59.999Z,2739.80,2025-02-20T23:37:59.999Z,2745.60,1000.00,-2.12,-0.2117,344.92
5465,SHORT,2025-02-21T00:51:59.999Z,2731.69,2025-02-21T01:51:59.999Z,2744.27,1000.00,-4.61,-0.4605,340.31
5466,SHORT,2025-02-21T03:00:59.999Z,2735.78,2025-02-21T03:02:59.999Z,2739.30,1000.00,-1.29,-0.1287,339.02
5467,SHORT,2025-02-21T08:33:59.999Z,2752.48,2025-02-21T09:16:59.999Z,2783.72,1000.00,-11.35,-1.1350,327.67
5468,SHORT,2025-02-21T14:42:59.999Z,2790.79,2025-02-21T15:10:59.999Z,2826.21,1000.00,-12.69,-1.2692,314.98
5469,SHORT,2025-02-21T15:26:59.999Z,2776.67,2025-02-21T23:35:59.999Z,2658.87,1000.00,42.42,4.2425,357.41
5470,SHORT,2025-02-22T08:17:59.999Z,2681.47,2025-02-22T08:53:59.999Z,2689.49,1000.00,-2.99,-0.2991,354.42
5471,SHORT,2025-02-22T13:55:59.999Z,2722.98,2025-02-22T14:19:59.999Z,2736.26,1000.00,-4.88,-0.4877,349.54
5472,SHORT,2025-02-22T19:01:59.999Z,2765.51,2025-02-22T21:03:59.999Z,2774.30,1000.00,-3.18,-0.3178,346.36
5473,SHORT,2025-02-22T21:37:59.999Z,2763.99,2025-02-22T22:24:59.999Z,2774.36,1000.00,-3.75,-0.3752,342.61
5474,SHORT,2025-02-22T22:52:59.999Z,2767.92,2025-02-23T01:09:59.999Z,2773.39,1000.00,-1.98,-0.1976,340.63
5475,SHORT,2025-02-23T01:33:59.999Z,2761.13,2025-02-23T05:01:59.999Z,2761.80,1000.00,-0.24,-0.0243,340.39
5476,SHORT,2025-02-23T11:29:59.999Z,2797.69,2025-02-23T13:18:59.999Z,2814.00,1000.00,-5.83,-0.5830,334.56
5477,SHORT,2025-02-23T14:43:59.999Z,2794.52,2025-02-23T16:32:59.999Z,2810.00,1000.00,-5.54,-0.5539,329.02
5478,SHORT,2025-02-23T19:58:59.999Z,2807.75,2025-02-23T23:02:59.999Z,2811.09,1000.00,-1.19,-0.1190,327.83
5479,SHORT,2025-02-24T01:07:59.999Z,2811.11,2025-02-24T17:27:59.999Z,2679.40,1000.00,46.85,4.6853,374.69
5480,SHORT,2025-02-24T18:05:59.999Z,2663.61,2025-02-25T05:33:59.999Z,2509.49,1000.00,57.86,5.7861,432.55
5481,SHORT,2025-02-25T06:08:59.999Z,2491.81,2025-02-25T11:54:59.999Z,2430.59,1000.00,24.57,2.4568,457.12
5482,SHORT,2025-02-25T14:24:59.999Z,2402.64,2025-02-25T16:46:59.999Z,2425.13,1000.00,-9.36,-0.9361,447.75
5483,SHORT,2025-02-26T00:18:59.999Z,2482.73,2025-02-26T02:49:59.999Z,2492.28,1000.00,-3.85,-0.3847,443.91
5484,SHORT,2025-02-26T05:19:59.999Z,2487.91,2025-02-26T06:48:59.999Z,2496.30,1000.00,-3.37,-0.3372,440.54
5485,SHORT,2025-02-26T07:43:59.999Z,2481.09,2025-02-26T09:51:59.999Z,2489.08,1000.00,-3.22,-0.3220,437.32
5486,SHORT,2025-02-26T11:40:59.999Z,2470.63,2025-02-26T15:21:59.999Z,2447.43,1000.00,9.39,0.9390,446.71
5487,SHORT,2025-02-26T16:05:59.999Z,2423.91,2025-02-26T21:24:59.999Z,2344.66,1000.00,32.70,3.2695,479.40
5488,SHORT,2025-02-26T21:33:59.999Z,2317.88,2025-02-26T22:02:59.999Z,2372.12,1000.00,-23.40,-2.3401,456.00
5489,SHORT,2025-02-26T23:42:59.999Z,2332.85,2025-02-27T00:21:59.999Z,2344.63,1000.00,-5.05,-0.5050,450.95
5490,SHORT,2025-02-27T00:25:59.999Z,2332.39,2025-02-27T01:25:59.999Z,2358.69,1000.00,-11.28,-1.1276,439.67
5491,SHORT,2025-02-27T02:58:59.999Z,2331.40,2025-02-27T05:51:59.999Z,2338.60,1000.00,-3.09,-0.3088,436.59
5492,SHORT,2025-02-27T11:51:59.999Z,2349.99,2025-02-27T18:18:59.999Z,2328.13,1000.00,9.30,0.9302,445.89
5493,SHORT,2025-02-27T19:16:59.999Z,2309.40,2025-02-27T23:03:59.999Z,2289.57,1000.00,8.59,0.8587,454.48
5494,SHORT,2025-02-28T01:27:59.999Z,2270.10,2025-02-28T09:20:59.999Z,2124.78,1000.00,64.01,6.4015,518.49
5495,SHORT,2025-02-28T10:58:59.999Z,2116.60,2025-02-28T11:18:59.999Z,2129.61,1000.00,-6.15,-0.6147,512.34
5496,SHORT,2025-02-28T12:38:59.999Z,2116.46,2025-02-28T13:17:59.999Z,2135.60,1000.00,-9.04,-0.9043,503.30
5497,SHORT,2025-02-28T20:30:59.999Z,2205.63,2025-02-28T21:16:59.999Z,2230.10,1000.00,-11.09,-1.1094,492.21
5498,SHORT,2025-02-28T21:39:59.999Z,2216.01,2025-02-28T21:46:59.999Z,2226.42,1000.00,-4.70,-0.4698,487.51
5499,SHORT,2025-02-28T22:38:59.999Z,2211.30,2025-02-28T23:31:59.999Z,2226.71,1000.00,-6.97,-0.6969,480.54
5500,SHORT,2025-03-01T01:03:59.999Z,2213.99,2025-03-01T01:44:59.999Z,2238.09,1000.00,-10.89,-1.0885,469.65
5501,SHORT,2025-03-01T05:52:59.999Z,2254.81,2025-03-01T15:46:59.999Z,2173.67,1000.00,35.99,3.5985,505.64
5502,SHORT,2025-03-01T23:03:59.999Z,2211.55,2025-03-02T00:41:59.999Z,2223.71,1000.00,-5.50,-0.5498,500.14
5503,SHORT,2025-03-02T02:33:59.999Z,2204.31,2025-03-02T03:15:59.999Z,2225.03,1000.00,-9.40,-0.9400,490.74
5504,SHORT,2025-03-02T07:10:59.999Z,2222.39,2025-03-02T09:32:59.999Z,2244.52,1000.00,-9.96,-0.9958,480.78
5505,SHORT,2025-03-02T12:14:59.999Z,2226.00,2025-03-02T15:32:59.999Z,2262.67,1000.00,-16.47,-1.6473,464.31
5506,SHORT,2025-03-03T00:12:59.999Z,2485.08,2025-03-03T12:16:59.999Z,2361.88,1000.00,49.58,4.9576,513.89
5507,SHORT,2025-03-03T12:17:59.999Z,2357.84,2025-03-03T12:39:59.999Z,2361.99,1000.00,-1.76,-0.1760,512.13
5508,SHORT,2025-03-03T14:34:59.999Z,2359.31,2025-03-03T23:17:59.999Z,2156.42,1000.00,86.00,8.5995,598.12
5509,SHORT,2025-03-04T00:02:59.999Z,2144.90,2025-03-04T00:07:59.999Z,2162.91,1000.00,-8.40,-0.8397,589.72
5510,SHORT,2025-03-04T00:30:59.999Z,2147.24,2025-03-04T04:51:59.999Z,2089.01,1000.00,27.12,2.7119,616.84
5511,SHORT,2025-03-04T07:13:59.999Z,2079.73,2025-03-04T08:36:59.999Z,2096.34,1000.00,-7.99,-0.7987,608.86
5512,SHORT,2025-03-04T10:21:59.999Z,2082.72,2025-03-04T10:38:59.999Z,2099.84,1000.00,-8.22,-0.8220,600.64
5513,SHORT,2025-03-04T12:23:59.999Z,2090.89,2025-03-04T12:47:59.999Z,2111.99,1000.00,-10.09,-1.0091,590.54
5514,SHORT,2025-03-04T13:11:59.999Z,2087.46,2025-03-04T14:43:59.999Z,2114.48,1000.00,-12.94,-1.2944,577.60
5515,SHORT,2025-03-04T15:09:59.999Z,2063.12,2025-03-04T17:19:59.999Z,2115.34,1000.00,-25.31,-2.5311,552.29
5516,SHORT,2025-03-05T00:25:59.999Z,2162.81,2025-03-05T01:34:59.999Z,2178.00,1000.00,-7.02,-0.7023,545.27
5517,SHORT,2025-03-05T03:59:59.999Z,2160.89,2025-03-05T05:33:59.999Z,2177.37,1000.00,-7.63,-0.7626,537.64
5518,SHORT,2025-03-05T11:52:59.999Z,2221.95,2025-03-05T17:20:59.999Z,2201.81,1000.00,9.06,0.9064,546.70
5519,SHORT,2025-03-05T18:20:59.999Z,2191.52,2025-03-05T18:24:59.999Z,2195.47,1000.00,-1.80,-0.1802,544.90
5520,SHORT,2025-03-05T18:30:59.999Z,2190.21,2025-03-05T18:55:59.999Z,2199.25,1000.00,-4.13,-0.4127,540.77
5521,SHORT,2025-03-06T07:48:59.999Z,2289.42,2025-03-06T08:56:59.999Z,2299.02,1000.00,-4.19,-0.4193,536.58
5522,SHORT,2025-03-06T09:04:59.999Z,2290.95,2025-03-06T10:25:59.999Z,2299.11,1000.00,-3.56,-0.3562,533.02
5523,SHORT,2025-03-06T12:12:59.999Z,2285.60,2025-03-06T16:05:59.999Z,2258.51,1000.00,11.85,1.1852,544.87
5524,SHORT,2025-03-06T16:21:59.999Z,2251.40,2025-03-06T21:18:59.999Z,2216.77,1000.00,15.38,1.5382,560.25
5525,SHORT,2025-03-06T21:44:59.999Z,2204.70,2025-03-06T21:53:59.999Z,2210.47,1000.00,-2.62,-0.2617,557.64
5526,SHORT,2025-03-06T23:45:59.999Z,2205.19,2025-03-07T05:21:59.999Z,2167.00,1000.00,17.32,1.7318,574.95
5527,SHORT,2025-03-07T12:30:59.999Z,2186.00,2025-03-07T13:34:59.999Z,2210.04,1000.00,-11.00,-1.0997,563.96
5528,SHORT,2025-03-07T14:31:59.999Z,2183.39,2025-03-07T14:44:59.999Z,2210.60,1000.00,-12.46,-1.2462,551.49
5529,SHORT,2025-03-07T16:18:59.999Z,2186.50,2025-03-07T18:49:59.999Z,2186.95,1000.00,-0.21,-0.0206,551.29
5530,SHORT,2025-03-07T19:52:59.999Z,2166.91,2025-03-08T00:54:59.999Z,2152.12,1000.00,6.83,0.6825,558.11
5531,SHORT,2025-03-08T01:28:59.999Z,2134.83,2025-03-08T02:59:59.999Z,2143.79,1000.00,-4.20,-0.4197,553.92
5532,SHORT,2025-03-08T03:14:59.999Z,2130.59,2025-03-08T03:56:59.999Z,2140.06,1000.00,-4.44,-0.4445,549.47
5533,SHORT,2025-03-08T04:03:59.999Z,2135.67,2025-03-08T04:14:59.999Z,2139.21,1000.00,-1.66,-0.1658,547.81
5534,SHORT,2025-03-08T05:48:59.999Z,2137.67,2025-03-08T06:27:59.999Z,2144.23,1000.00,-3.07,-0.3069,544.75
5535,SHORT,2025-03-08T06:37:59.999Z,2140.00,2025-03-08T07:17:59.999Z,2144.11,1000.00,-1.92,-0.1921,542.83
5536,SHORT,2025-03-08T07:48:59.999Z,2136.83,2025-03-08T09:36:59.999Z,2140.90,1000.00,-1.90,-0.1905,540.92
5537,SHORT,2025-03-08T09:44:59.999Z,2133.15,2025-03-08T10:48:59.999Z,2140.24,1000.00,-3.32,-0.3324,537.60
5538,SHORT,2025-03-08T11:14:59.999Z,2133.39,2025-03-08T12:01:59.999Z,2145.35,1000.00,-5.61,-0.5606,531.99
5539,SHORT,2025-03-08T16:28:59.999Z,2163.44,2025-03-08T16:44:59.999Z,2181.11,1000.00,-8.17,-0.8168,523.82
5540,SHORT,2025-03-08T22:19:59.999Z,2204.24,2025-03-09T01:06:59.999Z,2211.61,1000.00,-3.34,-0.3344,520.48
5541,SHORT,2025-03-09T01:21:59.999Z,2204.17,2025-03-09T05:31:59.999Z,2192.72,1000.00,5.19,0.5195,525.67
5542,SHORT,2025-03-09T05:43:59.999Z,2187.51,2025-03-09T20:32:59.999Z,2052.83,1000.00,61.57,6.1568,587.24
5543,SHORT,2025-03-09T21:11:59.999Z,2034.00,2025-03-10T00:56:59.999Z,2036.49,1000.00,-1.22,-0.1224,586.02
5544,SHORT,2025-03-10T06:40:59.999Z,2054.90,2025-03-10T06:52:59.999Z,2066.00,1000.00,-5.40,-0.5402,580.62
5545,SHORT,2025-03-10T08:37:59.999Z,2053.41,2025-03-10T09:07:59.999Z,2074.05,1000.00,-10.05,-1.0052,570.56
5546,SHORT,2025-03-10T13:46:59.999Z,2098.23,2025-03-10T23:43:59.999Z,1894.62,1000.00,97.04,9.7039,667.60
5547,SHORT,2025-03-10T23:56:59.999Z,1872.82,2025-03-11T02:15:59.999Z,1866.94,1000.00,3.14,0.3140,670.74
5548,SHORT,2025-03-11T12:09:59.999Z,1904.72,2025-03-11T13:53:59.999Z,1913.70,1000.00,-4.71,-0.4715,666.03
5549,SHORT,2025-03-11T13:54:59.999Z,1904.54,2025-03-11T13:56:59.999Z,1906.15,1000.00,-0.85,-0.0845,665.18
5550,SHORT,2025-03-11T13:57:59.999Z,1902.60,2025-03-11T14:00:59.999Z,1909.44,1000.00,-3.60,-0.3595,661.59
5551,SHORT,2025-03-11T14:02:59.999Z,1887.92,2025-03-11T15:33:59.999Z,1906.43,1000.00,-9.80,-0.9804,651.78
5552,SHORT,2025-03-11T17:36:59.999Z,1891.81,2025-03-11T18:04:59.999Z,1922.26,1000.00,-16.10,-1.6096,635.69
5553,SHORT,2025-03-11T23:06:59.999Z,1932.75,2025-03-12T07:10:59.999Z,1894.33,1000.00,19.88,1.9878,655.57
5554,SHORT,2025-03-12T09:47:59.999Z,1895.28,2025-03-12T11:09:59.999Z,1906.03,1000.00,-5.67,-0.5672,649.89
5555,SHORT,2025-03-12T13:40:59.999Z,1900.39,2025-03-12T17:12:59.999Z,1882.14,1000.00,9.60,0.9603,659.50
5556,SHORT,2025-03-12T18:02:59.999Z,1868.75,2025-03-12T18:34:59.999Z,1880.52,1000.00,-6.30,-0.6298,653.20
5557,SHORT,2025-03-12T19:30:59.999Z,1876.77,2025-03-12T19:31:59.999Z,1880.54,1000.00,-2.01,-0.2009,651.19
5558,SHORT,2025-03-12T19:38:59.999Z,1873.18,2025-03-12T19:58:59.999Z,1881.78,1000.00,-4.59,-0.4591,646.60
5559,SHORT,2025-03-12T20:05:59.999Z,1873.72,2025-03-12T20:07:59.999Z,1879.37,1000.00,-3.02,-0.3015,643.58
5560,SHORT,2025-03-13T01:07:59.999Z,1900.29,2025-03-13T01:11:59.999Z,1905.78,1000.00,-2.89,-0.2889,640.70
5561,SHORT,2025-03-13T01:26:59.999Z,1896.98,2025-03-13T01:34:59.999Z,1904.24,1000.00,-3.83,-0.3827,636.87
5562,SHORT,2025-03-13T01:38:59.999Z,1900.77,2025-03-13T01:53:59.999Z,1909.24,1000.00,-4.46,-0.4456,632.41
5563,SHORT,2025-03-13T02:38:59.999Z,1899.00,2025-03-13T08:10:59.999Z,1877.04,1000.00,11.56,1.1564,643.98
5564,SHORT,2025-03-13T08:25:59.999Z,1861.68,2025-03-13T09:06:59.999Z,1883.32,1000.00,-11.62,-1.1624,632.35
5565,SHORT,2025-03-13T13:44:59.999Z,1881.55,2025-03-13T20:19:59.999Z,1857.38,1000.00,12.85,1.2846,645.20
5566,SHORT,2025-03-13T20:51:59.999Z,1845.24,2025-03-13T21:52:59.999Z,1854.65,1000.00,-5.10,-0.5100,640.10
5567,SHORT,2025-03-14T10:06:59.999Z,1892.25,2025-03-14T10:38:59.999Z,1899.21,1000.00,-3.68,-0.3678,636.42
5568,SHORT,2025-03-14T14:18:59.999Z,1897.06,2025-03-14T14:24:59.999Z,1907.45,1000.00,-5.48,-0.5477,630.94
5569,SHORT,2025-03-14T20:15:59.999Z,1925.91,2025-03-14T22:52:59.999Z,1929.97,1000.00,-2.11,-0.2108,628.84
5570,SHORT,2025-03-14T23:09:59.999Z,1922.80,2025-03-15T03:22:59.999Z,1917.44,1000.00,2.79,0.2788,631.62
5571,SHORT,2025-03-15T07:24:59.999Z,1921.00,2025-03-15T09:54:59.999Z,1926.00,1000.00,-2.60,-0.2603,629.02
5572,SHORT,2025-03-15T14:30:59.999Z,1924.55,2025-03-15T15:03:59.999Z,1931.21,1000.00,-3.46,-0.3461,625.56
5573,SHORT,2025-03-15T18:48:59.999Z,1931.23,2025-03-15T20:06:59.999Z,1946.96,1000.00,-8.15,-0.8145,617.41
5574,SHORT,2025-03-15T23:15:59.999Z,1940.90,2025-03-16T05:19:59.999Z,1931.02,1000.00,5.09,0.5090,622.50
5575,SHORT,2025-03-16T07:10:59.999Z,1924.62,2025-03-16T14:57:59.999Z,1894.96,1000.00,15.41,1.5411,637.92
5576,SHORT,2025-03-16T18:38:59.999Z,1898.33,2025-03-16T21:26:59.999Z,1896.38,1000.00,1.03,0.1027,638.94
5577,SHORT,2025-03-16T21:49:59.999Z,1886.17,2025-03-17T00:05:59.999Z,1890.72,1000.00,-2.41,-0.2412,636.53
5578,SHORT,2025-03-17T05:05:59.999Z,1902.73,2025-03-17T07:53:59.999Z,1902.17,1000.00,0.29,0.0294,636.82
5579,SHORT,2025-03-17T08:17:59.999Z,1893.94,2025-03-17T08:32:59.999Z,1900.04,1000.00,-3.22,-0.3221,633.60
5580,SHORT,2025-03-17T13:05:59.999Z,1902.65,2025-03-17T15:21:59.999Z,1910.41,1000.00,-4.08,-0.4079,629.53
5581,SHORT,2025-03-17T21:11:59.999Z,1935.61,2025-03-17T21:17:59.999Z,1938.40,1000.00,-1.44,-0.1441,628.08
5582,SHORT,2025-03-17T22:47:59.999Z,1934.84,2025-03-18T07:47:59.999Z,1906.38,1000.00,14.71,1.4709,642.79
5583,SHORT,2025-03-18T07:50:59.999Z,1902.58,2025-03-18T07:58:59.999Z,1905.34,1000.00,-1.45,-0.1451,641.34
5584,SHORT,2025-03-18T08:21:59.999Z,1902.81,2025-03-18T08:24:59.999Z,1905.89,1000.00,-1.62,-0.1619,639.72
5585,SHORT,2025-03-18T10:02:59.999Z,1902.14,2025-03-18T13:30:59.999Z,1897.01,1000.00,2.70,0.2697,642.42
5586,SHORT,2025-03-18T13:31:59.999Z,1895.57,2025-03-18T13:33:59.999Z,1902.53,1000.00,-3.67,-0.3672,638.75
5587,SHORT,2025-03-18T13:35:59.999Z,1892.07,2025-03-18T15:31:59.999Z,1892.35,1000.00,-0.15,-0.0148,638.60
5588,SHORT,2025-03-18T15:52:59.999Z,1885.23,2025-03-18T18:59:59.999Z,1890.38,1000.00,-2.73,-0.2732,635.87
5589,SHORT,2025-03-19T02:46:59.999Z,1929.99,2025-03-19T03:03:59.999Z,1935.01,1000.00,-2.60,-0.2601,633.27
5590,SHORT,2025-03-19T04:53:59.999Z,1932.50,2025-03-19T05:16:59.999Z,1935.96,1000.00,-1.79,-0.1790,631.48
5591,SHORT,2025-03-19T07:45:59.999Z,1931.55,2025-03-19T08:29:59.999Z,1938.88,1000.00,-3.79,-0.3795,627.68
5592,SHORT,2025-03-19T17:48:59.999Z,2020.22,2025-03-19T18:59:59.999Z,2045.88,1000.00,-12.70,-1.2702,614.98
5593,SHORT,2025-03-19T19:37:59.999Z,2026.41,2025-03-19T20:07:59.999Z,2038.10,1000.00,-5.77,-0.5769,609.21
5594,SHORT,2025-03-20T00:46:59.999Z,2034.94,2025-03-20T08:57:59.999Z,2020.56,1000.00,7.07,0.7067,616.28
5595,SHORT,2025-03-20T09:20:59.999Z,2012.14,2025-03-20T14:20:59.999Z,2004.28,1000.00,3.91,0.3906,620.19
5596,SHORT,2025-03-20T15:17:59.999Z,1981.21,2025-03-20T19:42:59.999Z,1976.87,1000.00,2.19,0.2191,622.38
5597,SHORT,2025-03-20T22:33:59.999Z,1974.84,2025-03-20T22:37:59.999Z,1978.21,1000.00,-1.71,-0.1706,620.67
5598,SHORT,2025-03-20T23:04:59.999Z,1974.24,2025-03-20T23:08:59.999Z,1979.29,1000.00,-2.56,-0.2558,618.11
5599,SHORT,2025-03-20T23:19:59.999Z,1973.97,2025-03-20T23:40:59.999Z,1978.90,1000.00,-2.50,-0.2498,615.61
5600,SHORT,2025-03-21T03:08:59.999Z,1978.60,2025-03-21T04:38:59.999Z,1987.69,1000.00,-4.59,-0.4594,611.02
5601,SHORT,2025-03-21T05:04:59.999Z,1980.59,2025-03-21T08:10:59.999Z,1976.82,1000.00,1.90,0.1903,612.92
5602,SHORT,2025-03-21T08:18:59.999Z,1973.13,2025-03-21T09:28:59.999Z,1977.43,1000.00,-2.18,-0.2179,610.74
5603,SHORT,2025-03-21T09:51:59.999Z,1969.59,2025-03-21T12:22:59.999Z,1971.68,1000.00,-1.06,-0.1061,609.68
5604,SHORT,2025-03-21T12:38:59.999Z,1961.74,2025-03-21T16:22:59.999Z,1957.87,1000.00,1.97,0.1973,611.66
5605,SHORT,2025-03-21T22:15:59.999Z,1969.50,2025-03-22T00:22:59.999Z,1975.02,1000.00,-2.80,-0.2803,608.85
5606,SHORT,2025-03-22T07:59:59.999Z,1984.23,2025-03-22T08:55:59.999Z,1988.93,1000.00,-2.37,-0.2369,606.48
5607,SHORT,2025-03-22T11:38:59.999Z,1990.79,2025-03-22T12:48:59.999Z,1995.34,1000.00,-2.29,-0.2286,604.20
5608,SHORT,2025-03-22T13:27:59.999Z,1990.00,2025-03-22T17:21:59.999Z,1988.76,1000.00,0.62,0.0623,604.82
5609,SHORT,2025-03-22T21:17:59.999Z,1992.62,2025-03-23T01:12:59.999Z,1986.08,1000.00,3.28,0.3282,608.10
5610,SHORT,2025-03-23T05:15:59.999Z,1994.99,2025-03-23T06:17:59.999Z,2001.00,1000.00,-3.01,-0.3013,605.09
5611,SHORT,2025-03-23T11:52:59.999Z,2003.44,2025-03-23T13:30:59.999Z,2017.10,1000.00,-6.82,-0.6818,598.27
5612,SHORT,2025-03-23T14:33:59.999Z,2006.76,2025-03-23T20:31:59.999Z,2000.43,1000.00,3.15,0.3154,601.43
5613,SHORT,2025-03-23T20:53:59.999Z,1996.15,2025-03-23T23:40:59.999Z,1995.29,1000.00,0.43,0.0431,601.86
5614,SHORT,2025-03-24T01:17:59.999Z,1989.11,2025-03-24T03:11:59.999Z,2000.55,1000.00,-5.75,-0.5751,596.11
5615,SHORT,2025-03-24T12:33:59.999Z,2082.57,2025-03-24T14:14:59.999Z,2093.01,1000.00,-5.01,-0.5013,591.09
5616,SHORT,2025-03-24T14:57:59.999Z,2079.49,2025-03-24T15:53:59.999Z,2090.08,1000.00,-5.09,-0.5093,586.00
5617,SHORT,2025-03-24T16:26:59.999Z,2075.75,2025-03-24T17:25:59.999Z,2088.84,1000.00,-6.31,-0.6306,579.70
5618,SHORT,2025-03-24T20:51:59.999Z,2083.58,2025-03-25T00:20:59.999Z,2092.20,1000.00,-4.14,-0.4137,575.56
5619,SHORT,2025-03-25T01:25:59.999Z,2074.74,2025-03-25T06:29:59.999Z,2056.48,1000.00,8.80,0.8801,584.36
5620,SHORT,2025-03-25T12:26:59.999Z,2064.85,2025-03-25T13:24:59.999Z,2068.80,1000.00,-1.91,-0.1913,582.45
5621,SHORT,2025-03-25T13:50:59.999Z,2055.65,2025-03-25T14:34:59.999Z,2073.93,1000.00,-8.89,-0.8893,573.55
5622,SHORT,2025-03-25T16:34:59.999Z,2061.55,2025-03-25T17:08:59.999Z,2076.53,1000.00,-7.27,-0.7266,566.29
5623,SHORT,2025-03-25T18:31:59.999Z,2064.64,2025-03-25T19:44:59.999Z,2074.75,1000.00,-4.90,-0.4897,561.39
5624,SHORT,2025-03-25T20:58:59.999Z,2063.91,2025-03-25T21:26:59.999Z,2072.05,1000.00,-3.94,-0.3944,557.45
5625,SHORT,2025-03-25T21:35:59.999Z,2066.35,2025-03-26T00:26:59.999Z,2069.64,1000.00,-1.59,-0.1592,555.85
5626,SHORT,2025-03-26T02:16:59.999Z,2057.01,2025-03-26T05:46:59.999Z,2061.26,1000.00,-2.07,-0.2066,553.79
5627,SHORT,2025-03-26T09:20:59.999Z,2058.96,2025-03-26T10:14:59.999Z,2065.85,1000.00,-3.35,-0.3346,550.44
5628,SHORT,2025-03-26T12:19:59.999Z,2061.97,2025-03-26T20:32:59.999Z,2012.43,1000.00,24.03,2.4026,574.47
5629,SHORT,2025-03-26T21:37:59.999Z,1997.28,2025-03-26T21:58:59.999Z,2008.65,1000.00,-5.69,-0.5693,568.78
5630,SHORT,2025-03-26T22:04:59.999Z,2005.15,2025-03-26T23:53:59.999Z,2009.52,1000.00,-2.18,-0.2179,566.60
5631,SHORT,2025-03-27T05:38:59.999Z,2023.46,2025-03-27T06:27:59.999Z,2029.07,1000.00,-2.77,-0.2772,563.82
5632,SHORT,2025-03-27T06:51:59.999Z,2023.36,2025-03-27T08:01:59.999Z,2028.00,1000.00,-2.29,-0.2293,561.53
5633,SHORT,2025-03-27T08:06:59.999Z,2023.46,2025-03-27T08:39:59.999Z,2028.29,1000.00,-2.39,-0.2387,559.14
5634,SHORT,2025-03-27T08:47:59.999Z,2024.25,2025-03-27T09:37:59.999Z,2027.69,1000.00,-1.70,-0.1699,557.44
5635,SHORT,2025-03-27T11:19:59.999Z,2024.50,2025-03-27T14:56:59.999Z,2019.51,1000.00,2.46,0.2465,559.91
5636,SHORT,2025-03-27T15:47:59.999Z,2001.88,2025-03-27T18:48:59.999Z,2012.69,1000.00,-5.40,-0.5400,554.51
5637,SHORT,2025-03-27T20:02:59.999Z,2002.98,2025-03-27T20:42:59.999Z,2010.94,1000.00,-3.97,-0.3974,550.53
5638,SHORT,2025-03-27T20:57:59.999Z,2006.38,2025-03-27T21:28:59.999Z,2010.62,1000.00,-2.11,-0.2113,548.42
5639,SHORT,2025-03-27T23:00:59.999Z,2007.37,2025-03-28T01:41:59.999Z,2011.92,1000.00,-2.27,-0.2267,546.15
5640,SHORT,2025-03-28T03:13:59.999Z,1999.98,2025-03-28T18:07:59.999Z,1881.87,1000.00,59.06,5.9056,605.21
5641,SHORT,2025-03-28T18:25:59.999Z,1874.00,2025-03-28T19:14:59.999Z,1881.64,1000.00,-4.08,-0.4077,601.13
5642,SHORT,2025-03-28T19:44:59.999Z,1874.91,2025-03-28T20:13:59.999Z,1882.90,1000.00,-4.26,-0.4262,596.87
5643,SHORT,2025-03-29T03:01:59.999Z,1896.36,2025-03-29T23:29:59.999Z,1821.51,1000.00,39.47,3.9470,636.34
5644,SHORT,2025-03-30T06:16:59.999Z,1836.01,2025-03-30T07:04:59.999Z,1842.22,1000.00,-3.38,-0.3382,632.96
5645,SHORT,2025-03-30T07:58:59.999Z,1836.83,2025-03-30T08:07:59.999Z,1839.94,1000.00,-1.69,-0.1693,631.27
5646,SHORT,2025-03-30T10:25:59.999Z,1835.00,2025-03-30T18:21:59.999Z,1818.78,1000.00,8.84,0.8839,640.11
5647,SHORT,2025-03-30T20:26:59.999Z,1812.67,2025-03-30T21:02:59.999Z,1818.63,1000.00,-3.29,-0.3288,636.82
5648,SHORT,2025-03-30T21:41:59.999Z,1811.32,2025-03-31T00:13:59.999Z,1808.53,1000.00,1.54,0.1540,638.36
5649,SHORT,2025-03-31T00:29:59.999Z,1803.40,2025-03-31T01:28:59.999Z,1814.22,1000.00,-6.00,-0.6000,632.36
5650,SHORT,2025-03-31T03:47:59.999Z,1802.22,2025-03-31T05:09:59.999Z,1810.51,1000.00,-4.60,-0.4600,627.76
5651,SHORT,2025-03-31T06:28:59.999Z,1801.66,2025-03-31T10:52:59.999Z,1803.78,1000.00,-1.18,-0.1177,626.58
5652,SHORT,2025-03-31T17:44:59.999Z,1822.95,2025-03-31T18:33:59.999Z,1840.47,1000.00,-9.61,-0.9611,616.97
5653,SHORT,2025-03-31T19:47:59.999Z,1830.63,2025-04-01T00:52:59.999Z,1834.13,1000.00,-1.91,-0.1912,615.06
5654,SHORT,2025-04-01T01:43:59.999Z,1822.19,2025-04-01T01:50:59.999Z,1826.64,1000.00,-2.44,-0.2442,612.62
5655,SHORT,2025-04-01T11:15:59.999Z,1870.65,2025-04-01T13:32:59.999Z,1873.56,1000.00,-1.56,-0.1556,611.06
5656,SHORT,2025-04-01T13:38:59.999Z,1867.00,2025-04-01T13:39:59.999Z,1872.23,1000.00,-2.80,-0.2801,608.26
5657,SHORT,2025-04-01T14:09:59.999Z,1860.13,2025-04-01T14:53:59.999Z,1883.69,1000.00,-12.67,-1.2666,595.59
5658,SHORT,2025-04-01T19:12:59.999Z,1904.92,2025-04-01T20:00:59.999Z,1909.35,1000.00,-2.33,-0.2326,593.27
5659,SHORT,2025-04-01T20:26:59.999Z,1902.70,2025-04-01T20:55:59.999Z,1912.75,1000.00,-5.28,-0.5282,587.99
5660,SHORT,2025-04-01T23:11:59.999Z,1905.52,2025-04-02T08:27:59.999Z,1870.11,1000.00,18.58,1.8583,606.57
5661,SHORT,2025-04-02T11:41:59.999Z,1870.85,2025-04-02T13:50:59.999Z,1880.99,1000.00,-5.42,-0.5420,601.15
5662,SHORT,2025-04-02T18:07:59.999Z,1890.19,2025-04-02T18:38:59.999Z,1901.39,1000.00,-5.93,-0.5925,595.22
5663,SHORT,2025-04-02T20:42:59.999Z,1875.63,2025-04-03T01:43:59.999Z,1824.27,1000.00,27.38,2.7383,622.61
5664,SHORT,2025-04-03T03:46:59.999Z,1821.43,2025-04-03T04:10:59.999Z,1828.47,1000.00,-3.87,-0.3865,618.74
5665,SHORT,2025-04-03T05:58:59.999Z,1823.55,2025-04-03T16:03:59.999Z,1790.25,1000.00,18.26,1.8261,637.00
5666,SHORT,2025-04-03T17:05:59.999Z,1774.64,2025-04-03T18:43:59.999Z,1785.20,1000.00,-5.95,-0.5951,631.05
5667,SHORT,2025-04-04T01:56:59.999Z,1801.54,2025-04-04T05:35:59.999Z,1798.60,1000.00,1.63,0.1632,632.68
5668,SHORT,2025-04-04T10:22:59.999Z,1796.53,2025-04-04T14:03:59.999Z,1796.81,1000.00,-0.16,-0.0156,632.53
5669,SHORT,2025-04-04T14:45:59.999Z,1778.76,2025-04-04T15:02:59.999Z,1803.10,1000.00,-13.68,-1.3684,618.84
5670,SHORT,2025-04-04T16:32:59.999Z,1790.59,2025-04-04T16:57:59.999Z,1799.52,1000.00,-4.99,-0.4987,613.86
5671,SHORT,2025-04-04T23:21:59.999Z,1810.80,2025-04-05T00:29:59.999Z,1817.70,1000.00,-3.81,-0.3810,610.05
5672,SHORT,2025-04-05T00:44:59.999Z,1814.87,2025-04-05T00:46:59.999Z,1817.56,1000.00,-1.48,-0.1482,608.57
5673,SHORT,2025-04-05T02:26:59.999Z,1817.35,2025-04-05T07:57:59.999Z,1812.84,1000.00,2.48,0.2482,611.05
5674,SHORT,2025-04-05T11:18:59.999Z,1811.99,2025-04-05T18:03:59.999Z,1789.19,1000.00,12.58,1.2583,623.63
5675,SHORT,2025-04-05T19:47:59.999Z,1783.39,2025-04-05T21:26:59.999Z,1793.27,1000.00,-5.54,-0.5540,618.09
5676,SHORT,2025-04-06T03:05:59.999Z,1803.74,2025-04-06T03:59:59.999Z,1809.81,1000.00,-3.37,-0.3365,614.72
5677,SHORT,2025-04-06T06:41:59.999Z,1804.18,2025-04-07T01:23:59.999Z,1610.95,1000.00,107.10,10.7101,721.83
5678,SHORT,2025-04-07T02:44:59.999Z,1576.77,2025-04-07T09:03:59.999Z,1500.73,1000.00,48.23,4.8225,770.05
5679,SHORT,2025-04-07T09:07:59.999Z,1487.66,2025-04-07T09:42:59.999Z,1502.22,1000.00,-9.79,-0.9787,760.26
5680,SHORT,2025-04-07T10:01:59.999Z,1482.71,2025-04-07T10:03:59.999Z,1493.54,1000.00,-7.30,-0.7304,752.96
5681,SHORT,2025-04-07T10:04:59.999Z,1491.56,2025-04-07T10:05:59.999Z,1495.98,1000.00,-2.96,-0.2963,750.00
5682,SHORT,2025-04-07T11:32:59.999Z,1486.26,2025-04-07T12:32:59.999Z,1515.30,1000.00,-19.54,-1.9539,730.46
5683,SHORT,2025-04-07T16:53:59.999Z,1535.61,2025-04-07T17:18:59.999Z,1552.40,1000.00,-10.93,-1.0934,719.52
5684,SHORT,2025-04-07T19:26:59.999Z,1545.73,2025-04-07T19:35:59.999Z,1558.49,1000.00,-8.25,-0.8255,711.27
5685,SHORT,2025-04-07T19:44:59.999Z,1547.06,2025-04-07T20:16:59.999Z,1559.84,1000.00,-8.26,-0.8261,703.01
5686,SHORT,2025-04-07T23:41:59.999Z,1559.10,2025-04-08T01:38:59.999Z,1584.04,1000.00,-16.00,-1.5996,687.01
5687,SHORT,2025-04-08T06:06:59.999Z,1582.33,2025-04-08T11:23:59.999Z,1572.72,1000.00,6.07,0.6073,693.08
5688,SHORT,2025-04-08T12:56:59.999Z,1571.97,2025-04-08T13:19:59.999Z,1576.99,1000.00,-3.19,-0.3193,689.89
5689,SHORT,2025-04-08T13:40:59.999Z,1560.95,2025-04-08T23:40:59.999Z,1474.12,1000.00,55.63,5.5626,745.52
5690,SHORT,2025-04-09T00:57:59.999Z,1466.04,2025-04-09T04:45:59.999Z,1442.69,1000.00,15.93,1.5927,761.44
5691,SHORT,2025-04-09T11:08:59.999Z,1454.12,2025-04-09T13:34:59.999Z,1474.66,1000.00,-14.13,-1.4125,747.32
5692,SHORT,2025-04-10T00:27:59.999Z,1654.54,2025-04-10T10:11:59.999Z,1603.15,1000.00,31.06,3.1060,778.38
5693,SHORT,2025-04-10T10:20:59.999Z,1596.29,2025-04-10T12:27:59.999Z,1603.58,1000.00,-4.57,-0.4567,773.81
5694,SHORT,2025-04-10T12:57:59.999Z,1591.80,2025-04-10T19:06:59.999Z,1523.94,1000.00,42.63,4.2631,816.44
5695,SHORT,2025-04-10T19:31:59.999Z,1516.24,2025-04-10T19:35:59.999Z,1519.48,1000.00,-2.14,-0.2137,814.31
5696,SHORT,2025-04-10T19:40:59.999Z,1515.16,2025-04-10T19:54:59.999Z,1524.93,1000.00,-6.45,-0.6448,807.86
5697,SHORT,2025-04-10T23:25:59.999Z,1517.30,2025-04-11T01:31:59.999Z,1531.60,1000.00,-9.42,-0.9425,798.43
5698,SHORT,2025-04-11T09:05:59.999Z,1547.99,2025-04-11T09:25:59.999Z,1558.15,1000.00,-6.56,-0.6563,791.87
5699,SHORT,2025-04-11T12:08:59.999Z,1556.68,2025-04-11T12:36:59.999Z,1566.13,1000.00,-6.07,-0.6071,785.80
5700,SHORT,2025-04-11T12:55:59.999Z,1555.28,2025-04-11T13:39:59.999Z,1578.27,1000.00,-14.78,-1.4782,771.02
5701,SHORT,2025-04-11T14:26:59.999Z,1546.40,2025-04-11T15:37:59.999Z,1566.84,1000.00,-13.22,-1.3218,757.80
5702,SHORT,2025-04-11T19:01:59.999Z,1563.72,2025-04-11T19:14:59.999Z,1571.66,1000.00,-5.08,-0.5078,752.72
5703,SHORT,2025-04-11T19:32:59.999Z,1567.61,2025-04-11T20:33:59.999Z,1573.96,1000.00,-4.05,-0.4051,748.67
5704,SHORT,2025-04-11T22:32:59.999Z,1570.46,2025-04-12T04:39:59.999Z,1560.27,1000.00,6.49,0.6489,755.16
5705,SHORT,2025-04-12T17:14:59.999Z,1629.73,2025-04-12T18:42:59.999Z,1646.87,1000.00,-10.52,-1.0517,744.64
5706,SHORT,2025-04-12T19:40:59.999Z,1639.01,2025-04-12T20:13:59.999Z,1645.84,1000.00,-4.17,-0.4167,740.48
5707,SHORT,2025-04-12T23:33:59.999Z,1646.73,2025-04-13T06:52:59.999Z,1619.31,1000.00,16.65,1.6651,757.13
5708,SHORT,2025-04-13T07:40:59.999Z,1611.63,2025-04-13T08:42:59.999Z,1618.18,1000.00,-4.06,-0.4064,753.06
5709,SHORT,2025-04-13T10:41:59.999Z,1617.29,2025-04-13T16:23:59.999Z,1596.32,1000.00,12.97,1.2966,766.03
5710,SHORT,2025-04-13T19:42:59.999Z,1577.67,2025-04-13T23:59:59.999Z,1597.76,1000.00,-12.73,-1.2734,753.30
5711,SHORT,2025-04-14T05:50:59.999Z,1624.59,2025-04-14T07:52:59.999Z,1633.37,1000.00,-5.40,-0.5404,747.89
5712,SHORT,2025-04-14T13:47:59.999Z,1649.95,2025-04-14T14:38:59.999Z,1671.21,1000.00,-12.89,-1.2885,735.01
5713,SHORT,2025-04-14T15:15:59.999Z,1657.33,2025-04-14T18:07:59.999Z,1650.89,1000.00,3.89,0.3886,738.89
5714,SHORT,2025-04-14T18:26:59.999Z,1641.40,2025-04-15T00:41:59.999Z,1631.35,1000.00,6.12,0.6123,745.01
5715,SHORT,2025-04-15T01:15:59.999Z,1623.29,2025-04-15T01:27:59.999Z,1630.67,1000.00,-4.55,-0.4546,740.47
5716,SHORT,2025-04-15T02:38:59.999Z,1620.81,2025-04-15T03:08:59.999Z,1630.47,1000.00,-5.96,-0.5960,734.51
5717,SHORT,2025-04-15T10:24:59.999Z,1634.85,2025-04-15T12:58:59.999Z,1642.67,1000.00,-4.78,-0.4783,729.72
5718,SHORT,2025-04-15T14:12:59.999Z,1635.40,2025-04-16T01:47:59.999Z,1598.59,1000.00,22.51,2.2508,752.23
5719,SHORT,2025-04-16T03:51:59.999Z,1590.00,2025-04-16T08:55:59.999Z,1576.78,1000.00,8.31,0.8314,760.55
5720,SHORT,2025-04-16T09:51:59.999Z,1570.29,2025-04-16T10:23:59.999Z,1579.87,1000.00,-6.10,-0.6101,754.45
5721,SHORT,2025-04-16T13:09:59.999Z,1578.05,2025-04-16T14:31:59.999Z,1591.07,1000.00,-8.25,-0.8251,746.20
5722,SHORT,2025-04-16T16:42:59.999Z,1580.63,2025-04-16T16:59:59.999Z,1592.66,1000.00,-7.61,-0.7611,738.58
5723,SHORT,2025-04-16T17:50:59.999Z,1556.41,2025-04-16T20:02:59.999Z,1586.85,1000.00,-19.56,-1.9558,719.03
5724,SHORT,2025-04-16T23:23:59.999Z,1577.21,2025-04-17T00:51:59.999Z,1584.35,1000.00,-4.53,-0.4527,714.50
5725,SHORT,2025-04-17T03:35:59.999Z,1579.57,2025-04-17T04:53:59.999Z,1591.21,1000.00,-7.37,-0.7369,707.13
5726,SHORT,2025-04-17T08:57:59.999Z,1595.89,2025-04-17T12:18:59.999Z,1597.70,1000.00,-1.13,-0.1134,706.00
5727,SHORT,2025-04-17T13:33:59.999Z,1591.20,2025-04-17T16:19:59.999Z,1595.05,1000.00,-2.42,-0.2420,703.58
5728,SHORT,2025-04-17T19:18:59.999Z,1588.75,2025-04-18T01:29:59.999Z,1588.10,1000.00,0.41,0.0409,703.99
5729,SHORT,2025-04-18T01:45:59.999Z,1583.17,2025-04-18T02:52:59.999Z,1587.35,1000.00,-2.64,-0.2640,701.35
5730,SHORT,2025-04-18T03:05:59.999Z,1581.20,2025-04-18T07:32:59.999Z,1582.81,1000.00,-1.02,-0.1018,700.33
5731,SHORT,2025-04-18T10:59:59.999Z,1584.08,2025-04-18T11:17:59.999Z,1588.20,1000.00,-2.60,-0.2601,697.73
5732,SHORT,2025-04-18T14:32:59.999Z,1588.20,2025-04-18T17:14:59.999Z,1587.97,1000.00,0.14,0.0145,697.87
5733,SHORT,2025-04-18T23:05:59.999Z,1591.20,2025-04-19T02:15:59.999Z,1592.61,1000.00,-0.89,-0.0886,696.99
5734,SHORT,2025-04-19T06:37:59.999Z,1597.05,2025-04-19T07:33:59.999Z,1601.95,1000.00,-3.07,-0.3068,693.92
5735,SHORT,2025-04-19T09:58:59.999Z,1598.57,2025-04-19T13:24:59.999Z,1601.25,1000.00,-1.68,-0.1676,692.24
5736,SHORT,2025-04-19T16:52:59.999Z,1600.29,2025-04-19T17:35:59.999Z,1608.88,1000.00,-5.37,-0.5368,686.87
5737,SHORT,2025-04-19T23:30:59.999Z,1614.32,2025-04-20T01:35:59.999Z,1617.89,1000.00,-2.21,-0.2211,684.66
5738,SHORT,2025-04-20T03:17:59.999Z,1613.70,2025-04-20T04:39:59.999Z,1617.00,1000.00,-2.04,-0.2045,682.62
5739,SHORT,2025-04-20T05:40:59.999Z,1612.48,2025-04-20T14:34:59.999Z,1582.06,1000.00,18.87,1.8865,701.48
5740,SHORT,2025-04-20T15:19:59.999Z,1576.04,2025-04-20T16:36:59.999Z,1580.01,1000.00,-2.52,-0.2519,698.96
5741,SHORT,2025-04-20T17:41:59.999Z,1577.70,2025-04-20T17:47:59.999Z,1578.84,1000.00,-0.72,-0.0723,698.24
5742,SHORT,2025-04-20T22:14:59.999Z,1583.02,2025-04-20T23:50:59.999Z,1585.70,1000.00,-1.69,-0.1693,696.55
5743,SHORT,2025-04-21T09:35:59.999Z,1641.10,2025-04-21T14:38:59.999Z,1634.06,1000.00,4.29,0.4290,700.84
5744,SHORT,2025-04-21T15:47:59.999Z,1620.57,2025-04-21T23:59:59.999Z,1579.57,1000.00,25.30,2.5300,726.14
5745,SHORT,2025-04-22T00:17:59.999Z,1575.78,2025-04-22T01:29:59.999Z,1578.06,1000.00,-1.45,-0.1447,724.69
5746,SHORT,2025-04-22T02:55:59.999Z,1575.49,2025-04-22T03:47:59.999Z,1578.61,1000.00,-1.98,-0.1980,722.71
5747,SHORT,2025-04-22T05:16:59.999Z,1575.59,2025-04-22T05:47:59.999Z,1581.56,1000.00,-3.79,-0.3789,718.92
5748,SHORT,2025-04-22T06:39:59.999Z,1575.41,2025-04-22T06:59:59.999Z,1583.74,1000.00,-5.29,-0.5288,713.63
5749,SHORT,2025-04-22T19:52:59.999Z,1691.00,2025-04-22T19:56:59.999Z,1698.43,1000.00,-4.39,-0.4394,709.24
5750,SHORT,2025-04-23T07:04:59.999Z,1790.01,2025-04-23T08:21:59.999Z,1795.44,1000.00,-3.03,-0.3034,706.21
5751,SHORT,2025-04-23T10:05:59.999Z,1783.50,2025-04-23T10:34:59.999Z,1796.22,1000.00,-7.13,-0.7132,699.07
5752,SHORT,2025-04-23T13:56:59.999Z,1787.70,2025-04-23T16:58:59.999Z,1794.20,1000.00,-3.64,-0.3636,695.44
5753,SHORT,2025-04-23T19:16:59.999Z,1788.50,2025-04-23T20:34:59.999Z,1798.19,1000.00,-5.42,-0.5418,690.02
5754,SHORT,2025-04-23T21:58:59.999Z,1788.98,2025-04-23T22:25:59.999Z,1795.60,1000.00,-3.70,-0.3700,686.32
5755,SHORT,2025-04-24T00:05:59.999Z,1793.01,2025-04-24T02:10:59.999Z,1796.39,1000.00,-1.89,-0.1885,684.43
5756,SHORT,2025-04-24T02:44:59.999Z,1785.56,2025-04-24T11:57:59.999Z,1753.40,1000.00,18.01,1.8011,702.45
5757,SHORT,2025-04-24T17:22:59.999Z,1749.41,2025-04-24T19:37:59.999Z,1764.90,1000.00,-8.85,-0.8854,693.59
5758,SHORT,2025-04-24T21:19:59.999Z,1761.18,2025-04-24T22:33:59.999Z,1764.50,1000.00,-1.89,-0.1885,691.71
5759,SHORT,2025-04-24T22:51:59.999Z,1757.21,2025-04-24T23:13:59.999Z,1765.83,1000.00,-4.91,-0.4906,686.80
5760,SHORT,2025-04-25T02:10:59.999Z,1760.76,2025-04-25T04:16:59.999Z,1765.99,1000.00,-2.97,-0.2970,683.83
5761,SHORT,2025-04-25T10:57:59.999Z,1770.96,2025-04-25T11:11:59.999Z,1780.91,1000.00,-5.62,-0.5618,678.21
5762,SHORT,2025-04-25T13:07:59.999Z,1776.62,2025-04-25T14:44:59.999Z,1791.86,1000.00,-8.58,-0.8578,669.63
5763,SHORT,2025-04-25T17:50:59.999Z,1787.26,2025-04-25T18:46:59.999Z,1803.00,1000.00,-8.81,-0.8807,660.83
5764,SHORT,2025-04-25T19:13:59.999Z,1792.14,2025-04-25T19:29:59.999Z,1799.26,1000.00,-3.97,-0.3973,656.85
5765,SHORT,2025-04-25T19:35:59.999Z,1792.77,2025-04-25T19:58:59.999Z,1799.65,1000.00,-3.84,-0.3838,653.02
5766,SHORT,2025-04-25T21:43:59.999Z,1796.19,2025-04-26T00:56:59.999Z,1796.46,1000.00,-0.15,-0.0150,652.87
5767,SHORT,2025-04-26T03:37:59.999Z,1795.29,2025-04-26T06:39:59.999Z,1800.63,1000.00,-2.97,-0.2974,649.89
5768,SHORT,2025-04-26T09:43:59.999Z,1798.25,2025-04-26T10:27:59.999Z,1808.20,1000.00,-5.53,-0.5533,644.36
5769,SHORT,2025-04-26T11:09:59.999Z,1800.31,2025-04-26T15:07:59.999Z,1796.14,1000.00,2.32,0.2316,646.67
5770,SHORT,2025-04-27T01:44:59.999Z,1815.92,2025-04-27T08:12:59.999Z,1803.90,1000.00,6.62,0.6619,653.29
5771,SHORT,2025-04-27T11:17:59.999Z,1806.44,2025-04-27T17:15:59.999Z,1801.40,1000.00,2.79,0.2790,656.08
5772,SHORT,2025-04-27T21:08:59.999Z,1799.90,2025-04-27T21:32:59.999Z,1805.13,1000.00,-2.91,-0.2906,653.18
5773,SHORT,2025-04-27T22:08:59.999Z,1791.34,2025-04-28T03:35:59.999Z,1780.32,1000.00,6.15,0.6152,659.33
5774,SHORT,2025-04-28T10:24:59.999Z,1793.35,2025-04-28T10:42:59.999Z,1819.95,1000.00,-14.83,-1.4833,644.50
5775,SHORT,2025-04-28T12:55:59.999Z,1808.19,2025-04-28T18:44:59.999Z,1770.15,1000.00,21.04,2.1038,665.54
5776,SHORT,2025-04-29T02:11:59.999Z,1793.69,2025-04-29T03:38:59.999Z,1800.32,1000.00,-3.70,-0.3696,661.84
5777,SHORT,2025-04-29T04:50:59.999Z,1790.47,2025-04-29T06:14:59.999Z,1802.80,1000.00,-6.89,-0.6886,654.95
5778,SHORT,2025-04-29T12:50:59.999Z,1826.30,2025-04-29T16:32:59.999Z,1823.62,1000.00,1.47,0.1467,656.42
5779,SHORT,2025-04-29T17:05:59.999Z,1810.29,2025-04-29T17:47:59.999Z,1822.57,1000.00,-6.78,-0.6783,649.64
5780,SHORT,2025-04-29T19:53:59.999Z,1821.63,2025-04-29T20:02:59.999Z,1824.23,1000.00,-1.43,-0.1427,648.21
5781,SHORT,2025-04-29T20:05:59.999Z,1819.03,2025-04-30T00:21:59.999Z,1804.66,1000.00,7.90,0.7900,656.11
5782,SHORT,2025-04-30T01:47:59.999Z,1793.19,2025-04-30T02:46:59.999Z,1804.51,1000.00,-6.31,-0.6313,649.80
5783,SHORT,2025-04-30T05:52:59.999Z,1803.08,2025-04-30T06:00:59.999Z,1805.99,1000.00,-1.61,-0.1614,648.18
5784,SHORT,2025-04-30T06:07:59.999Z,1803.84,2025-04-30T06:12:59.999Z,1807.66,1000.00,-2.12,-0.2118,646.06
5785,SHORT,2025-04-30T06:45:59.999Z,1803.02,2025-04-30T09:40:59.999Z,1805.54,1000.00,-1.40,-0.1398,644.67
5786,SHORT,2025-04-30T12:31:59.999Z,1793.79,2025-04-30T17:29:59.999Z,1771.02,1000.00,12.69,1.2694,657.36
5787,SHORT,2025-05-01T06:48:59.999Z,1806.01,2025-05-01T07:37:59.999Z,1811.62,1000.00,-3.11,-0.3106,654.25
5788,SHORT,2025-05-01T13:51:59.999Z,1834.79,2025-05-01T14:53:59.999Z,1843.10,1000.00,-4.53,-0.4529,649.73
5789,SHORT,2025-05-01T18:04:59.999Z,1852.00,2025-05-02T00:32:59.999Z,1849.14,1000.00,1.54,0.1544,651.27
5790,SHORT,2025-05-02T02:03:59.999Z,1839.31,2025-05-02T02:26:59.999Z,1846.28,1000.00,-3.79,-0.3789,647.48
5791,SHORT,2025-05-02T04:38:59.999Z,1842.11,2025-05-02T10:42:59.999Z,1828.68,1000.00,7.29,0.7291,654.77
5792,SHORT,2025-05-02T19:14:59.999Z,1846.44,2025-05-03T00:00:59.999Z,1842.09,1000.00,2.36,0.2356,657.13
5793,SHORT,2025-05-03T00:47:59.999Z,1839.01,2025-05-03T03:50:59.999Z,1836.11,1000.00,1.58,0.1577,658.70
5794,SHORT,2025-05-03T05:51:59.999Z,1833.21,2025-05-03T12:21:59.999Z,1830.15,1000.00,1.67,0.1669,660.37
5795,SHORT,2025-05-03T16:19:59.999Z,1830.72,2025-05-03T19:14:59.999Z,1828.80,1000.00,1.05,0.1049,661.42
5796,SHORT,2025-05-03T23:35:59.999Z,1831.70,2025-05-04T01:25:59.999Z,1839.57,1000.00,-4.30,-0.4297,657.12
5797,SHORT,2025-05-04T01:44:59.999Z,1833.64,2025-05-04T02:04:59.999Z,1843.15,1000.00,-5.19,-0.5186,651.94
5798,SHORT,2025-05-04T02:47:59.999Z,1834.20,2025-05-04T05:15:59.999Z,1839.26,1000.00,-2.76,-0.2759,649.18
5799,SHORT,2025-05-04T07:48:59.999Z,1836.80,2025-05-04T11:28:59.999Z,1832.63,1000.00,2.27,0.2270,651.45
5800,SHORT,2025-05-04T11:53:59.999Z,1827.59,2025-05-04T12:45:59.999Z,1831.62,1000.00,-2.21,-0.2205,649.24
5801,SHORT,2025-05-04T13:18:59.999Z,1825.86,2025-05-04T14:51:59.999Z,1830.70,1000.00,-2.65,-0.2651,646.59
5802,SHORT,2025-05-04T15:42:59.999Z,1828.21,2025-05-04T15:58:59.999Z,1830.34,1000.00,-1.17,-0.1165,645.43
5803,SHORT,2025-05-04T16:36:59.999Z,1827.25,2025-05-04T18:24:59.999Z,1829.98,1000.00,-1.49,-0.1494,643.94
5804,SHORT,2025-05-04T18:46:59.999Z,1827.48,2025-05-04T19:40:59.999Z,1830.52,1000.00,-1.66,-0.1663,642.27
5805,SHORT,2025-05-04T22:11:59.999Z,1826.20,2025-05-05T04:48:59.999Z,1802.99,1000.00,12.71,1.2709,654.98
5806,SHORT,2025-05-05T10:19:59.999Z,1816.65,2025-05-05T16:24:59.999Z,1809.95,1000.00,3.69,0.3688,658.67
5807,SHORT,2025-05-05T20:15:59.999Z,1813.90,2025-05-05T21:52:59.999Z,1817.64,1000.00,-2.06,-0.2062,656.61
5808,SHORT,2025-05-06T00:14:59.999Z,1816.74,2025-05-06T05:01:59.999Z,1807.85,1000.00,4.89,0.4893,661.50
5809,SHORT,2025-05-06T05:02:59.999Z,1805.90,2025-05-06T07:00:59.999Z,1806.99,1000.00,-0.60,-0.0604,660.90
5810,SHORT,2025-05-06T08:11:59.999Z,1801.21,2025-05-06T15:39:59.999Z,1776.70,1000.00,13.61,1.3608,674.50
5811,SHORT,2025-05-06T15:53:59.999Z,1768.38,2025-05-06T17:33:59.999Z,1774.51,1000.00,-3.47,-0.3466,671.04
5812,SHORT,2025-05-06T17:48:59.999Z,1767.19,2025-05-06T18:18:59.999Z,1774.08,1000.00,-3.90,-0.3899,667.14
5813,SHORT,2025-05-06T20:44:59.999Z,1774.44,2025-05-06T22:06:59.999Z,1790.30,1000.00,-8.94,-0.8938,658.20
5814,SHORT,2025-05-07T03:05:59.999Z,1824.99,2025-05-07T04:04:59.999Z,1829.09,1000.00,-2.25,-0.2247,655.95
5815,SHORT,2025-05-07T10:55:59.999Z,1836.00,2025-05-07T21:30:59.999Z,1809.40,1000.00,14.49,1.4488,670.44
5816,SHORT,2025-05-09T12:16:59.999Z,2330.60,2025-05-09T13:11:59.999Z,2349.25,1000.00,-8.00,-0.8002,662.44
5817,SHORT,2025-05-09T14:30:59.999Z,2323.79,2025-05-09T17:26:59.999Z,2327.30,1000.00,-1.51,-0.1510,660.93
5818,SHORT,2025-05-09T19:32:59.999Z,2323.34,2025-05-09T20:09:59.999Z,2339.69,1000.00,-7.04,-0.7037,653.89
5819,SHORT,2025-05-10T01:00:59.999Z,2330.43,2025-05-10T01:32:59.999Z,2347.86,1000.00,-7.48,-0.7479,646.41
5820,SHORT,2025-05-10T02:01:59.999Z,2334.56,2025-05-10T02:43:59.999Z,2342.63,1000.00,-3.46,-0.3457,642.96
5821,SHORT,2025-05-10T03:03:59.999Z,2338.81,2025-05-10T05:17:59.999Z,2341.01,1000.00,-0.94,-0.0941,642.02
5822,SHORT,2025-05-10T11:39:59.999Z,2385.09,2025-05-10T12:20:59.999Z,2400.18,1000.00,-6.33,-0.6327,635.69
5823,SHORT,2025-05-11T00:53:59.999Z,2544.93,2025-05-11T02:29:59.999Z,2555.78,1000.00,-4.26,-0.4263,631.43
5824,SHORT,2025-05-11T02:54:59.999Z,2529.20,2025-05-11T05:25:59.999Z,2549.75,1000.00,-8.13,-0.8125,623.30
5825,SHORT,2025-05-11T06:14:59.999Z,2533.43,2025-05-11T09:43:59.999Z,2510.16,1000.00,9.19,0.9185,632.49
5826,SHORT,2025-05-11T10:47:59.999Z,2502.25,2025-05-11T10:57:59.999Z,2507.71,1000.00,-2.18,-0.2182,630.30
5827,SHORT,2025-05-11T13:32:59.999Z,2482.69,2025-05-11T17:44:59.999Z,2488.24,1000.00,-2.24,-0.2235,628.07
5828,SHORT,2025-05-11T22:40:59.999Z,2495.51,2025-05-11T23:15:59.999Z,2508.99,1000.00,-5.40,-0.5402,622.67
5829,SHORT,2025-05-11T23:40:59.999Z,2498.27,2025-05-11T23:45:59.999Z,2510.81,1000.00,-5.02,-0.5019,617.65
5830,SHORT,2025-05-12T01:45:59.999Z,2510.01,2025-05-12T02:33:59.999Z,2525.35,1000.00,-6.11,-0.6112,611.54
5831,SHORT,2025-05-12T03:45:59.999Z,2512.78,2025-05-12T04:00:59.999Z,2520.15,1000.00,-2.93,-0.2933,608.60
5832,SHORT,2025-05-12T04:02:59.999Z,2516.22,2025-05-12T04:03:59.999Z,2520.33,1000.00,-1.63,-0.1633,606.97
5833,SHORT,2025-05-12T04:05:59.999Z,2515.37,2025-05-12T04:14:59.999Z,2523.62,1000.00,-3.28,-0.3280,603.69
5834,SHORT,2025-05-12T04:31:59.999Z,2512.48,2025-05-12T06:57:59.999Z,2519.22,1000.00,-2.68,-0.2683,601.01
5835,SHORT,2025-05-12T10:25:59.999Z,2546.22,2025-05-12T10:37:59.999Z,2558.66,1000.00,-4.89,-0.4886,596.12
5836,SHORT,2025-05-12T11:45:59.999Z,2543.27,2025-05-12T12:57:59.999Z,2555.20,1000.00,-4.69,-0.4691,591.43
5837,SHORT,2025-05-12T13:09:59.999Z,2546.39,2025-05-12T13:11:59.999Z,2556.54,1000.00,-3.99,-0.3986,587.44
5838,SHORT,2025-05-12T14:28:59.999Z,2506.92,2025-05-12T20:42:59.999Z,2487.13,1000.00,7.89,0.7894,595.34
5839,SHORT,2025-05-13T00:25:59.999Z,2471.20,2025-05-13T04:54:59.999Z,2454.43,1000.00,6.79,0.6786,602.12
5840,SHORT,2025-05-13T23:30:59.999Z,2665.89,2025-05-14T00:11:59.999Z,2684.32,1000.00,-6.91,-0.6913,595.21
5841,SHORT,2025-05-14T02:03:59.999Z,2650.67,2025-05-14T04:54:59.999Z,2666.29,1000.00,-5.89,-0.5893,589.32
5842,SHORT,2025-05-14T07:25:59.999Z,2649.86,2025-05-14T11:47:59.999Z,2624.84,1000.00,9.44,0.9442,598.76
5843,SHORT,2025-05-14T13:00:59.999Z,2610.61,2025-05-14T18:22:59.999Z,2600.55,1000.00,3.85,0.3854,602.61
5844,SHORT,2025-05-14T21:13:59.999Z,2588.26,2025-05-14T22:00:59.999Z,2604.41,1000.00,-6.24,-0.6240,596.37
5845,SHORT,2025-05-14T22:49:59.999Z,2590.01,2025-05-14T23:47:59.999Z,2604.52,1000.00,-5.60,-0.5602,590.77
5846,SHORT,2025-05-15T01:44:59.999Z,2592.99,2025-05-15T11:23:59.999Z,2556.29,1000.00,14.15,1.4154,604.93
5847,SHORT,2025-05-15T13:46:59.999Z,2526.65,2025-05-15T15:49:59.999Z,2550.37,1000.00,-9.39,-0.9388,595.54
5848,SHORT,2025-05-15T18:31:59.999Z,2542.04,2025-05-15T22:11:59.999Z,2550.58,1000.00,-3.36,-0.3360,592.18
5849,SHORT,2025-05-15T23:18:59.999Z,2518.80,2025-05-15T23:56:59.999Z,2543.46,1000.00,-9.79,-0.9790,582.39
5850,SHORT,2025-05-16T01:22:59.999Z,2540.53,2025-05-16T01:28:59.999Z,2553.30,1000.00,-5.03,-0.5027,577.36
5851,SHORT,2025-05-16T08:27:59.999Z,2568.61,2025-05-16T09:21:59.999Z,2607.68,1000.00,-15.21,-1.5211,562.15
5852,SHORT,2025-05-16T12:28:59.999Z,2600.50,2025-05-16T19:56:59.999Z,2590.88,1000.00,3.70,0.3699,565.85
5853,SHORT,2025-05-16T20:29:59.999Z,2583.49,2025-05-17T04:25:59.999Z,2505.60,1000.00,30.15,3.0149,596.00
5854,SHORT,2025-05-17T05:37:59.999Z,2488.72,2025-05-17T07:14:59.999Z,2498.69,1000.00,-4.01,-0.4006,591.99
5855,SHORT,2025-05-17T07:51:59.999Z,2485.38,2025-05-17T14:47:59.999Z,2482.91,1000.00,0.99,0.0994,592.99
5856,SHORT,2025-05-17T16:19:59.999Z,2471.10,2025-05-17T17:43:59.999Z,2477.67,1000.00,-2.66,-0.2659,590.33
5857,SHORT,2025-05-17T18:58:59.999Z,2466.45,2025-05-17T19:22:59.999Z,2479.30,1000.00,-5.21,-0.5210,585.12
5858,SHORT,2025-05-17T19:50:59.999Z,2469.19,2025-05-17T20:36:59.999Z,2479.18,1000.00,-4.05,-0.4046,581.07
5859,SHORT,2025-05-17T22:16:59.999Z,2464.38,2025-05-17T23:59:59.999Z,2475.08,1000.00,-4.34,-0.4342,576.73
5860,SHORT,2025-05-18T03:24:59.999Z,2473.39,2025-05-18T04:11:59.999Z,2483.42,1000.00,-4.06,-0.4055,572.68
5861,SHORT,2025-05-18T10:23:59.999Z,2506.55,2025-05-18T13:17:59.999Z,2508.83,1000.00,-0.91,-0.0910,571.77
5862,SHORT,2025-05-18T17:38:59.999Z,2524.07,2025-05-18T22:55:59.999Z,2445.22,1000.00,31.24,3.1239,603.00
5863,SHORT,2025-05-19T01:11:59.999Z,2424.13,2025-05-19T07:22:59.999Z,2404.33,1000.00,8.17,0.8168,611.17
5864,SHORT,2025-05-19T12:21:59.999Z,2399.69,2025-05-19T13:38:59.999Z,2435.12,1000.00,-14.76,-1.4764,596.41
5865,SHORT,2025-05-19T22:21:59.999Z,2501.00,2025-05-19T23:17:59.999Z,2517.38,1000.00,-6.55,-0.6549,589.86
5866,SHORT,2025-05-20T06:14:59.999Z,2545.14,2025-05-20T17:12:59.999Z,2496.19,1000.00,19.23,1.9233,609.09
5867,SHORT,2025-05-20T18:38:59.999Z,2483.68,2025-05-20T19:49:59.999Z,2494.05,1000.00,-4.18,-0.4175,604.92
5868,SHORT,2025-05-21T02:28:59.999Z,2519.84,2025-05-21T02:34:59.999Z,2532.80,1000.00,-5.14,-0.5143,599.77
5869,SHORT,2025-05-21T07:32:59.999Z,2555.72,2025-05-21T11:27:59.999Z,2553.52,1000.00,0.86,0.0861,600.63
5870,SHORT,2025-05-21T12:07:59.999Z,2531.88,2025-05-21T12:26:59.999Z,2545.29,1000.00,-5.30,-0.5296,595.34
5871,SHORT,2025-05-21T13:03:59.999Z,2538.38,2025-05-21T13:48:59.999Z,2544.99,1000.00,-2.60,-0.2604,592.73
5872,SHORT,2025-05-21T17:24:59.999Z,2501.97,2025-05-21T21:12:59.999Z,2518.68,1000.00,-6.68,-0.6679,586.05
5873,SHORT,2025-05-22T06:30:59.999Z,2608.81,2025-05-22T07:16:59.999Z,2632.25,1000.00,-8.98,-0.8985,577.07
5874,SHORT,2025-05-22T11:16:59.999Z,2645.73,2025-05-22T12:55:59.999Z,2660.50,1000.00,-5.58,-0.5583,571.49
5875,SHORT,2025-05-22T13:06:59.999Z,2644.51,2025-05-22T14:17:59.999Z,2658.99,1000.00,-5.48,-0.5475,566.01
5876,SHORT,2025-05-22T16:34:59.999Z,2640.71,2025-05-22T17:27:59.999Z,2667.33,1000.00,-10.08,-1.0081,555.93
5877,SHORT,2025-05-22T17:50:59.999Z,2652.50,2025-05-22T18:30:59.999Z,2666.57,1000.00,-5.30,-0.5304,550.63
5878,SHORT,2025-05-22T19:07:59.999Z,2651.50,2025-05-22T22:33:59.999Z,2649.11,1000.00,0.90,0.0901,551.53
5879,SHORT,2025-05-22T22:55:59.999Z,2635.16,2025-05-22T23:25:59.999Z,2645.09,1000.00,-3.77,-0.3768,547.76
5880,SHORT,2025-05-23T04:50:59.999Z,2694.02,2025-05-23T05:11:59.999Z,2705.85,1000.00,-4.39,-0.4391,543.37
5881,SHORT,2025-05-23T05:28:59.999Z,2685.18,2025-05-23T09:19:59.999Z,2681.00,1000.00,1.56,0.1557,544.93
5882,SHORT,2025-05-23T10:23:59.999Z,2666.54,2025-05-23T17:25:59.999Z,2583.20,1000.00,31.25,3.1254,576.18
5883,SHORT,2025-05-23T18:22:59.999Z,2557.99,2025-05-24T02:25:59.999Z,2536.80,1000.00,8.28,0.8284,584.46
5884,SHORT,2025-05-24T06:35:59.999Z,2541.10,2025-05-24T07:11:59.999Z,2557.72,1000.00,-6.54,-0.6540,577.92
5885,SHORT,2025-05-24T08:26:59.999Z,2546.92,2025-05-24T08:42:59.999Z,2553.01,1000.00,-2.39,-0.2391,575.53
5886,SHORT,2025-05-24T12:21:59.999Z,2555.91,2025-05-24T15:07:59.999Z,2562.81,1000.00,-2.70,-0.2700,572.83
5887,SHORT,2025-05-24T15:36:59.999Z,2553.27,2025-05-24T16:56:59.999Z,2558.60,1000.00,-2.09,-0.2088,570.74
5888,SHORT,2025-05-24T18:53:59.999Z,2548.98,2025-05-25T03:19:59.999Z,2513.21,1000.00,14.03,1.4033,584.78
5889,SHORT,2025-05-25T05:47:59.999Z,2509.23,2025-05-25T05:53:59.999Z,2514.32,1000.00,-2.03,-0.2029,582.75
5890,SHORT,2025-05-25T06:05:59.999Z,2510.35,2025-05-25T10:14:59.999Z,2496.91,1000.00,5.35,0.5354,588.10
5891,SHORT,2025-05-25T15:00:59.999Z,2506.89,2025-05-25T16:51:59.999Z,2510.99,1000.00,-1.64,-0.1635,586.47
5892,SHORT,2025-05-25T21:58:59.999Z,2516.01,2025-05-25T22:06:59.999Z,2527.35,1000.00,-4.51,-0.4507,581.96
5893,SHORT,2025-05-26T03:10:59.999Z,2548.94,2025-05-26T03:23:59.999Z,2557.39,1000.00,-3.32,-0.3315,578.65
5894,SHORT,2025-05-26T08:46:59.999Z,2570.70,2025-05-26T12:54:59.999Z,2573.01,1000.00,-0.90,-0.0899,577.75
5895,SHORT,2025-05-26T13:19:59.999Z,2562.57,2025-05-26T15:44:59.999Z,2562.10,1000.00,0.18,0.0183,577.93
5896,SHORT,2025-05-26T16:26:59.999Z,2538.36,2025-05-26T20:19:59.999Z,2545.70,1000.00,-2.89,-0.2892,575.04
5897,SHORT,2025-05-27T00:47:59.999Z,2554.93,2025-05-27T03:16:59.999Z,2558.01,1000.00,-1.21,-0.1206,573.83
5898,SHORT,2025-05-27T19:37:59.999Z,2676.00,2025-05-27T19:45:59.999Z,2683.10,1000.00,-2.65,-0.2653,571.18
5899,SHORT,2025-05-27T20:42:59.999Z,2666.72,2025-05-28T03:59:59.999Z,2645.37,1000.00,8.01,0.8006,579.19
5900,SHORT,2025-05-28T04:26:59.999Z,2634.25,2025-05-28T04:42:59.999Z,2646.49,1000.00,-4.65,-0.4646,574.54
5901,SHORT,2025-05-28T05:19:59.999Z,2639.97,2025-05-28T07:51:59.999Z,2638.34,1000.00,0.62,0.0617,575.16
5902,SHORT,2025-05-28T08:12:59.999Z,2630.42,2025-05-28T08:28:59.999Z,2640.40,1000.00,-3.79,-0.3794,571.36
5903,SHORT,2025-05-28T09:30:59.999Z,2631.40,2025-05-28T10:52:59.999Z,2640.36,1000.00,-3.41,-0.3405,567.96
5904,SHORT,2025-05-28T14:14:59.999Z,2633.47,2025-05-28T17:05:59.999Z,2652.09,1000.00,-7.07,-0.7071,560.89
5905,SHORT,2025-05-28T18:58:59.999Z,2635.51,2025-05-28T19:12:59.999Z,2655.00,1000.00,-7.40,-0.7395,553.49
5906,SHORT,2025-05-28T19:28:59.999Z,2640.60,2025-05-28T21:24:59.999Z,2647.53,1000.00,-2.62,-0.2624,550.87
5907,SHORT,2025-05-29T04:54:59.999Z,2729.21,2025-05-29T09:54:59.999Z,2733.30,1000.00,-1.50,-0.1499,549.37
5908,SHORT,2025-05-29T11:35:59.999Z,2721.55,2025-05-29T18:03:59.999Z,2663.89,1000.00,21.19,2.1186,570.56
5909,SHORT,2025-05-29T18:44:59.999Z,2647.89,2025-05-29T20:22:59.999Z,2656.51,1000.00,-3.26,-0.3255,567.30
5910,SHORT,2025-05-29T20:44:59.999Z,2643.58,2025-05-29T21:53:59.999Z,2653.00,1000.00,-3.56,-0.3563,563.74
5911,SHORT,2025-05-29T23:05:59.999Z,2644.16,2025-05-30T02:48:59.999Z,2629.16,1000.00,5.67,0.5673,569.41
5912,SHORT,2025-05-30T06:39:59.999Z,2622.50,2025-05-30T11:03:59.999Z,2623.41,1000.00,-0.35,-0.0347,569.06
5913,SHORT,2025-05-30T12:12:59.999Z,2598.40,2025-05-30T15:24:59.999Z,2609.67,1000.00,-4.34,-0.4337,564.73
5914,SHORT,2025-05-30T16:15:59.999Z,2596.28,2025-05-30T18:57:59.999Z,2578.64,1000.00,6.79,0.6794,571.52
5915,SHORT,2025-05-30T22:00:59.999Z,2571.60,2025-05-31T04:24:59.999Z,2517.15,1000.00,21.17,2.1174,592.69
5916,SHORT,2025-05-31T10:43:59.999Z,2517.22,2025-05-31T12:13:59.999Z,2530.07,1000.00,-5.10,-0.5105,587.59
5917,SHORT,2025-05-31T17:30:59.999Z,2534.20,2025-05-31T18:40:59.999Z,2539.39,1000.00,-2.05,-0.2048,585.54
5918,SHORT,2025-05-31T20:17:59.999Z,2533.99,2025-05-31T20:30:59.999Z,2540.01,1000.00,-2.38,-0.2376,583.16
5919,SHORT,2025-05-31T22:29:59.999Z,2536.70,2025-06-01T04:30:59.999Z,2518.46,1000.00,7.19,0.7190,590.36
5920,SHORT,2025-06-01T06:20:59.999Z,2511.77,2025-06-01T11:44:59.999Z,2502.20,1000.00,3.81,0.3810,594.17
5921,SHORT,2025-06-01T12:06:59.999Z,2493.38,2025-06-01T12:15:59.999Z,2499.14,1000.00,-2.31,-0.2310,591.85
5922,SHORT,2025-06-01T12:19:59.999Z,2497.00,2025-06-01T13:52:59.999Z,2495.01,1000.00,0.80,0.0797,592.65
5923,SHORT,2025-06-01T18:30:59.999Z,2514.40,2025-06-01T20:23:59.999Z,2525.99,1000.00,-4.61,-0.4609,588.04
5924,SHORT,2025-06-02T00:32:59.999Z,2532.23,2025-06-02T01:12:59.999Z,2539.52,1000.00,-2.88,-0.2879,585.16
5925,SHORT,2025-06-02T01:30:59.999Z,2526.86,2025-06-02T07:11:59.999Z,2503.81,1000.00,9.12,0.9122,594.29
5926,SHORT,2025-06-02T08:58:59.999Z,2496.14,2025-06-02T12:43:59.999Z,2494.78,1000.00,0.54,0.0545,594.83
5927,SHORT,2025-06-02T19:31:59.999Z,2536.69,2025-06-02T20:29:59.999Z,2541.99,1000.00,-2.09,-0.2089,592.74
5928,SHORT,2025-06-02T20:51:59.999Z,2537.72,2025-06-02T21:04:59.999Z,2543.92,1000.00,-2.44,-0.2443,590.30
5929,SHORT,2025-06-03T03:13:59.999Z,2599.08,2025-06-03T05:55:59.999Z,2610.14,1000.00,-4.26,-0.4255,586.04
5930,SHORT,2025-06-03T08:13:59.999Z,2599.82,2025-06-03T09:43:59.999Z,2613.86,1000.00,-5.40,-0.5400,580.64
5931,SHORT,2025-06-03T11:32:59.999Z,2606.84,2025-06-03T13:01:59.999Z,2614.50,1000.00,-2.94,-0.2938,577.70
5932,SHORT,2025-06-03T16:09:59.999Z,2616.70,2025-06-03T19:09:59.999Z,2623.70,1000.00,-2.68,-0.2675,575.03
5933,SHORT,2025-06-03T20:19:59.999Z,2610.39,2025-06-04T01:12:59.999Z,2613.40,1000.00,-1.15,-0.1153,573.88
5934,SHORT,2025-06-04T06:26:59.999Z,2624.78,2025-06-04T06:42:59.999Z,2633.61,1000.00,-3.36,-0.3364,570.51
5935,SHORT,2025-06-04T11:27:59.999Z,2631.48,2025-06-04T15:00:59.999Z,2637.82,1000.00,-2.41,-0.2409,568.10
5936,SHORT,2025-06-04T17:41:59.999Z,2638.34,2025-06-05T01:12:59.999Z,2612.60,1000.00,9.76,0.9756,577.86
5937,SHORT,2025-06-05T01:26:59.999Z,2608.49,2025-06-05T02:15:59.999Z,2619.56,1000.00,-4.24,-0.4244,573.61
5938,SHORT,2025-06-05T05:38:59.999Z,2614.77,2025-06-05T10:15:59.999Z,2612.78,1000.00,0.76,0.0761,574.38
5939,SHORT,2025-06-05T10:27:59.999Z,2603.43,2025-06-05T11:56:59.999Z,2608.45,1000.00,-1.93,-0.1928,572.45
5940,SHORT,2025-06-05T13:53:59.999Z,2592.00,2025-06-06T03:08:59.999Z,2429.51,1000.00,62.69,6.2689,635.14
5941,SHORT,2025-06-06T17:02:59.999Z,2495.40,2025-06-06T20:42:59.999Z,2504.05,1000.00,-3.47,-0.3466,631.67
5942,SHORT,2025-06-06T21:18:59.999Z,2489.21,2025-06-07T03:01:59.999Z,2479.89,1000.00,3.74,0.3744,635.41
5943,SHORT,2025-06-07T08:22:59.999Z,2486.15,2025-06-07T10:22:59.999Z,2494.16,1000.00,-3.22,-0.3222,632.19
5944,SHORT,2025-06-07T17:18:59.999Z,2508.80,2025-06-07T18:18:59.999Z,2517.10,1000.00,-3.31,-0.3308,628.88
5945,SHORT,2025-06-08T00:07:59.999Z,2520.52,2025-06-08T04:47:59.999Z,2518.51,1000.00,0.80,0.0797,629.68
5946,SHORT,2025-06-08T05:14:59.999Z,2511.40,2025-06-08T06:35:59.999Z,2515.30,1000.00,-1.55,-0.1553,628.13
5947,SHORT,2025-06-08T07:55:59.999Z,2512.93,2025-06-08T08:01:59.999Z,2518.71,1000.00,-2.30,-0.2300,625.83
5948,SHORT,2025-06-08T09:17:59.999Z,2510.70,2025-06-08T11:29:59.999Z,2511.20,1000.00,-0.20,-0.0199,625.63
5949,SHORT,2025-06-08T12:43:59.999Z,2503.80,2025-06-08T13:32:59.999Z,2512.21,1000.00,-3.36,-0.3359,622.27
5950,SHORT,2025-06-08T22:16:59.999Z,2521.31,2025-06-09T06:59:59.999Z,2493.50,1000.00,11.03,1.1030,633.30
5951,SHORT,2025-06-09T07:19:59.999Z,2485.62,2025-06-09T07:51:59.999Z,2490.98,1000.00,-2.16,-0.2156,631.14
5952,SHORT,2025-06-09T08:32:59.999Z,2485.82,2025-06-09T08:38:59.999Z,2490.37,1000.00,-1.83,-0.1830,629.31
5953,SHORT,2025-06-09T13:55:59.999Z,2511.76,2025-06-09T14:43:59.999Z,2535.96,1000.00,-9.63,-0.9635,619.68
5954,SHORT,2025-06-09T14:59:59.999Z,2530.79,2025-06-09T15:02:59.999Z,2533.19,1000.00,-0.95,-0.0948,618.73
5955,SHORT,2025-06-10T03:17:59.999Z,2680.51,2025-06-10T04:42:59.999Z,2690.77,1000.00,-3.83,-0.3828,614.90
5956,SHORT,2025-06-10T05:28:59.999Z,2676.95,2025-06-10T08:06:59.999Z,2683.71,1000.00,-2.53,-0.2525,612.38
5957,SHORT,2025-06-10T08:18:59.999Z,2672.19,2025-06-10T08:37:59.999Z,2681.60,1000.00,-3.52,-0.3521,608.86
5958,SHORT,2025-06-10T09:08:59.999Z,2673.66,2025-06-10T09:15:59.999Z,2680.47,1000.00,-2.55,-0.2547,606.31
5959,SHORT,2025-06-10T14:32:59.999Z,2736.20,2025-06-10T15:17:59.999Z,2751.49,1000.00,-5.59,-0.5588,600.72
5960,SHORT,2025-06-10T15:27:59.999Z,2738.00,2025-06-10T16:32:59.999Z,2742.11,1000.00,-1.50,-0.1501,599.22
5961,SHORT,2025-06-10T16:38:59.999Z,2731.80,2025-06-10T16:41:59.999Z,2741.00,1000.00,-3.37,-0.3368,595.85
5962,SHORT,2025-06-10T16:59:59.999Z,2730.81,2025-06-10T17:10:59.999Z,2741.29,1000.00,-3.84,-0.3838,592.01
5963,SHORT,2025-06-10T21:25:59.999Z,2749.21,2025-06-10T21:30:59.999Z,2760.30,1000.00,-4.03,-0.4034,587.98
5964,SHORT,2025-06-11T01:17:59.999Z,2785.49,2025-06-11T03:40:59.999Z,2794.81,1000.00,-3.35,-0.3346,584.63
5965,SHORT,2025-06-11T06:20:59.999Z,2786.83,2025-06-11T07:14:59.999Z,2797.10,1000.00,-3.69,-0.3685,580.95
5966,SHORT,2025-06-11T08:12:59.999Z,2788.83,2025-06-11T12:13:59.999Z,2780.01,1000.00,3.16,0.3163,584.11
5967,SHORT,2025-06-11T12:25:59.999Z,2767.50,2025-06-11T12:30:59.999Z,2798.30,1000.00,-11.13,-1.1129,572.98
5968,SHORT,2025-06-11T18:04:59.999Z,2818.81,2025-06-11T21:23:59.999Z,2830.00,1000.00,-3.97,-0.3970,569.01
5969,SHORT,2025-06-11T21:30:59.999Z,2817.22,2025-06-12T06:37:59.999Z,2767.92,1000.00,17.50,1.7500,586.51
5970,SHORT,2025-06-12T07:36:59.999Z,2755.11,2025-06-12T13:22:59.999Z,2740.71,1000.00,5.23,0.5227,591.74
5971,SHORT,2025-06-12T13:23:59.999Z,2737.69,2025-06-12T13:36:59.999Z,2746.97,1000.00,-3.39,-0.3390,588.35
5972,SHORT,2025-06-12T15:51:59.999Z,2728.67,2025-06-12T17:19:59.999Z,2761.97,1000.00,-12.20,-1.2204,576.15
5973,SHORT,2025-06-12T18:28:59.999Z,2730.77,2025-06-13T05:25:59.999Z,2515.47,1000.00,78.84,7.8842,654.99
5974,SHORT,2025-06-13T06:08:59.999Z,2507.30,2025-06-13T06:59:59.999Z,2532.91,1000.00,-10.21,-1.0214,644.77
5975,SHORT,2025-06-13T09:19:59.999Z,2513.62,2025-06-13T10:39:59.999Z,2528.63,1000.00,-5.97,-0.5971,638.80
5976,SHORT,2025-06-13T14:18:59.999Z,2529.46,2025-06-13T15:16:59.999Z,2546.40,1000.00,-6.70,-0.6697,632.11
5977,SHORT,2025-06-13T17:31:59.999Z,2539.95,2025-06-13T20:36:59.999Z,2539.62,1000.00,0.13,0.0130,632.24
5978,SHORT,2025-06-14T01:07:59.999Z,2552.85,2025-06-14T11:21:59.999Z,2537.63,1000.00,5.96,0.5962,638.20
5979,SHORT,2025-06-14T12:31:59.999Z,2529.61,2025-06-14T12:36:59.999Z,2535.79,1000.00,-2.44,-0.2443,635.75
5980,SHORT,2025-06-14T12:45:59.999Z,2533.08,2025-06-14T12:46:59.999Z,2533.99,1000.00,-0.36,-0.0359,635.40
5981,SHORT,2025-06-14T13:51:59.999Z,2531.22,2025-06-14T19:32:59.999Z,2518.42,1000.00,5.06,0.5057,640.45
5982,SHORT,2025-06-14T20:04:59.999Z,2506.71,2025-06-14T21:20:59.999Z,2516.90,1000.00,-4.07,-0.4065,636.39
5983,SHORT,2025-06-15T03:08:59.999Z,2530.39,2025-06-15T03:12:59.999Z,2532.83,1000.00,-0.96,-0.0964,635.42
5984,SHORT,2025-06-15T04:06:59.999Z,2530.91,2025-06-15T04:12:59.999Z,2531.90,1000.00,-0.39,-0.0391,635.03
5985,SHORT,2025-06-15T06:56:59.999Z,2535.06,2025-06-15T12:23:59.999Z,2519.80,1000.00,6.02,0.6020,641.05
5986,SHORT,2025-06-15T12:24:59.999Z,2518.41,2025-06-15T12:37:59.999Z,2520.91,1000.00,-0.99,-0.0993,640.06
5987,SHORT,2025-06-15T19:42:59.999Z,2532.15,2025-06-15T22:16:59.999Z,2538.24,1000.00,-2.41,-0.2405,637.65
5988,SHORT,2025-06-16T01:16:59.999Z,2524.99,2025-06-16T01:57:59.999Z,2557.01,1000.00,-12.68,-1.2681,624.97
5989,SHORT,2025-06-16T10:55:59.999Z,2614.91,2025-06-16T13:46:59.999Z,2624.28,1000.00,-3.58,-0.3583,621.39
5990,SHORT,2025-06-16T18:00:59.999Z,2632.66,2025-06-16T18:09:59.999Z,2638.79,1000.00,-2.33,-0.2328,619.06
5991,SHORT,2025-06-16T21:55:59.999Z,2650.59,2025-06-17T03:00:59.999Z,2608.30,1000.00,15.95,1.5955,635.02
5992,SHORT,2025-06-17T05:16:59.999Z,2587.99,2025-06-17T14:12:59.999Z,2565.12,1000.00,8.84,0.8837,643.85
5993,SHORT,2025-06-17T14:52:59.999Z,2552.65,2025-06-17T19:09:59.999Z,2503.72,1000.00,19.17,1.9168,663.02
5994,SHORT,2025-06-17T22:48:59.999Z,2509.59,2025-06-17T23:44:59.999Z,2518.04,1000.00,-3.37,-0.3367,659.65
5995,SHORT,2025-06-18T03:07:59.999Z,2513.50,2025-06-18T03:28:59.999Z,2523.33,1000.00,-3.91,-0.3911,655.74
5996,SHORT,2025-06-18T06:48:59.999Z,2521.36,2025-06-18T08:02:59.999Z,2536.20,1000.00,-5.89,-0.5886,649.86
5997,SHORT,2025-06-18T09:42:59.999Z,2526.18,2025-06-18T14:12:59.999Z,2528.43,1000.00,-0.89,-0.0891,648.97
5998,SHORT,2025-06-18T16:19:59.999Z,2498.18,2025-06-18T19:45:59.999Z,2500.95,1000.00,-1.11,-0.1109,647.86
5999,SHORT,2025-06-18T20:06:59.999Z,2485.08,2025-06-18T20:22:59.999Z,2502.30,1000.00,-6.93,-0.6929,640.93
6000,SHORT,2025-06-19T01:19:59.999Z,2517.09,2025-06-19T03:32:59.999Z,2521.59,1000.00,-1.79,-0.1788,639.14
6001,SHORT,2025-06-19T04:31:59.999Z,2515.00,2025-06-19T04:55:59.999Z,2524.08,1000.00,-3.61,-0.3610,635.53
6002,SHORT,2025-06-19T06:24:59.999Z,2518.73,2025-06-19T07:18:59.999Z,2523.80,1000.00,-2.01,-0.2013,633.52
6003,SHORT,2025-06-19T07:26:59.999Z,2518.71,2025-06-19T07:47:59.999Z,2522.49,1000.00,-1.50,-0.1501,632.02
6004,SHORT,2025-06-19T07:55:59.999Z,2519.90,2025-06-19T08:10:59.999Z,2527.44,1000.00,-2.99,-0.2992,629.02
6005,SHORT,2025-06-19T11:44:59.999Z,2528.86,2025-06-19T12:22:59.999Z,2533.88,1000.00,-1.99,-0.1985,627.04
6006,SHORT,2025-06-19T12:35:59.999Z,2529.19,2025-06-19T17:45:59.999Z,2518.00,1000.00,4.42,0.4424,631.46
6007,SHORT,2025-06-19T19:08:59.999Z,2499.17,2025-06-19T19:19:59.999Z,2507.40,1000.00,-3.29,-0.3293,628.17
6008,SHORT,2025-06-20T01:36:59.999Z,2518.71,2025-06-20T01:39:59.999Z,2523.99,1000.00,-2.10,-0.2096,626.07
6009,SHORT,2025-06-20T02:38:59.999Z,2518.97,2025-06-20T06:09:59.999Z,2519.99,1000.00,-0.40,-0.0405,625.67
6010,SHORT,2025-06-20T11:35:59.999Z,2544.17,2025-06-20T11:46:59.999Z,2553.78,1000.00,-3.78,-0.3777,621.89
6011,SHORT,2025-06-20T13:49:59.999Z,2537.08,2025-06-21T00:44:59.999Z,2416.89,1000.00,47.37,4.7373,669.26
6012,SHORT,2025-06-21T05:13:59.999Z,2419.78,2025-06-21T05:23:59.999Z,2426.00,1000.00,-2.57,-0.2570,666.69
6013,SHORT,2025-06-21T12:59:59.999Z,2435.89,2025-06-21T13:18:59.999Z,2442.39,1000.00,-2.67,-0.2668,664.03
6014,SHORT,2025-06-21T13:39:59.999Z,2435.70,2025-06-22T04:31:59.999Z,2286.74,1000.00,61.16,6.1157,725.18
6015,SHORT,2025-06-22T07:36:59.999Z,2278.23,2025-06-22T11:21:59.999Z,2276.40,1000.00,0.80,0.0803,725.99
6016,SHORT,2025-06-22T13:19:59.999Z,2247.75,2025-06-22T21:15:59.999Z,2194.55,1000.00,23.67,2.3668,749.65
6017,SHORT,2025-06-23T04:09:59.999Z,2228.00,2025-06-23T04:25:59.999Z,2240.58,1000.00,-5.65,-0.5646,744.01
6018,SHORT,2025-06-23T04:54:59.999Z,2233.73,2025-06-23T05:06:59.999Z,2238.31,1000.00,-2.05,-0.2050,741.96
6019,SHORT,2025-06-23T09:37:59.999Z,2249.75,2025-06-23T11:59:59.999Z,2253.37,1000.00,-1.61,-0.1609,740.35
6020,SHORT,2025-06-23T12:09:59.999Z,2249.00,2025-06-23T12:37:59.999Z,2255.91,1000.00,-3.07,-0.3072,737.28
6021,SHORT,2025-06-23T13:34:59.999Z,2242.64,2025-06-23T13:37:59.999Z,2258.55,1000.00,-7.09,-0.7094,730.18
6022,SHORT,2025-06-23T15:49:59.999Z,2253.59,2025-06-23T17:34:59.999Z,2277.40,1000.00,-10.57,-1.0565,719.62
6023,SHORT,2025-06-24T02:38:59.999Z,2394.60,2025-06-24T03:26:59.999Z,2405.39,1000.00,-4.51,-0.4506,715.11
6024,SHORT,2025-06-24T04:16:59.999Z,2393.20,2025-06-24T04:53:59.999Z,2402.83,1000.00,-4.02,-0.4024,711.09
6025,SHORT,2025-06-24T07:43:59.999Z,2404.10,2025-06-24T09:27:59.999Z,2423.60,1000.00,-8.11,-0.8111,702.98
6026,SHORT,2025-06-24T11:21:59.999Z,2399.17,2025-06-24T11:35:59.999Z,2416.91,1000.00,-7.39,-0.7394,695.58
6027,SHORT,2025-06-24T11:40:59.999Z,2406.38,2025-06-24T12:11:59.999Z,2415.11,1000.00,-3.63,-0.3628,691.95
6028,SHORT,2025-06-24T12:22:59.999Z,2407.64,2025-06-24T12:48:59.999Z,2416.23,1000.00,-3.57,-0.3568,688.39
6029,SHORT,2025-06-24T18:42:59.999Z,2441.93,2025-06-24T20:47:59.999Z,2446.65,1000.00,-1.93,-0.1933,686.45
6030,SHORT,2025-06-24T22:20:59.999Z,2436.15,2025-06-24T23:46:59.999Z,2445.77,1000.00,-3.95,-0.3949,682.50
6031,SHORT,2025-06-25T03:55:59.999Z,2444.94,2025-06-25T06:53:59.999Z,2444.63,1000.00,0.13,0.0127,682.63
6032,SHORT,2025-06-25T08:24:59.999Z,2436.48,2025-06-25T09:22:59.999Z,2446.20,1000.00,-3.99,-0.3989,678.64
6033,SHORT,2025-06-25T09:38:59.999Z,2421.07,2025-06-25T13:14:59.999Z,2435.27,1000.00,-5.87,-0.5865,672.78
6034,SHORT,2025-06-25T14:20:59.999Z,2397.37,2025-06-25T17:26:59.999Z,2427.65,1000.00,-12.63,-1.2631,660.15
6035,SHORT,2025-06-25T17:46:59.999Z,2410.73,2025-06-25T17:57:59.999Z,2422.25,1000.00,-4.78,-0.4779,655.37
6036,SHORT,2025-06-25T18:51:59.999Z,2416.00,2025-06-25T18:57:59.999Z,2418.42,1000.00,-1.00,-0.1002,654.37
6037,SHORT,2025-06-25T18:58:59.999Z,2417.04,2025-06-25T18:59:59.999Z,2418.40,1000.00,-0.56,-0.0563,653.80
6038,SHORT,2025-06-25T22:11:59.999Z,2422.24,2025-06-26T00:39:59.999Z,2425.77,1000.00,-1.46,-0.1457,652.35
6039,SHORT,2025-06-26T09:12:59.999Z,2473.33,2025-06-26T14:58:59.999Z,2446.78,1000.00,10.73,1.0735,663.08
6040,SHORT,2025-06-26T15:29:59.999Z,2417.40,2025-06-26T19:29:59.999Z,2429.80,1000.00,-5.13,-0.5129,657.95
6041,SHORT,2025-06-26T21:22:59.999Z,2425.90,2025-06-27T01:35:59.999Z,2425.56,1000.00,0.14,0.0140,658.09
6042,SHORT,2025-06-27T06:10:59.999Z,2437.20,2025-06-27T06:14:59.999Z,2443.42,1000.00,-2.55,-0.2552,655.54
6043,SHORT,2025-06-27T07:54:59.999Z,2438.55,2025-06-27T08:44:59.999Z,2449.69,1000.00,-4.57,-0.4568,650.97
6044,SHORT,2025-06-27T11:28:59.999Z,2444.33,2025-06-27T12:23:59.999Z,2455.61,1000.00,-4.61,-0.4615,646.36
6045,SHORT,2025-06-27T12:34:59.999Z,2445.16,2025-06-27T15:52:59.999Z,2439.52,1000.00,2.31,0.2307,648.66
6046,SHORT,2025-06-27T17:07:59.999Z,2420.54,2025-06-27T20:08:59.999Z,2421.10,1000.00,-0.23,-0.0231,648.43
6047,SHORT,2025-06-27T23:31:59.999Z,2418.48,2025-06-27T23:51:59.999Z,2422.51,1000.00,-1.67,-0.1666,646.76
6048,SHORT,2025-06-28T00:14:59.999Z,2417.30,2025-06-28T02:31:59.999Z,2420.57,1000.00,-1.35,-0.1353,645.41
6049,SHORT,2025-06-28T08:42:59.999Z,2422.68,2025-06-28T09:46:59.999Z,2427.51,1000.00,-1.99,-0.1994,643.42
6050,SHORT,2025-06-28T12:21:59.999Z,2424.35,2025-06-28T13:00:59.999Z,2426.92,1000.00,-1.06,-0.1060,642.36
6051,SHORT,2025-06-28T13:27:59.999Z,2423.36,2025-06-28T14:39:59.999Z,2426.24,1000.00,-1.19,-0.1188,641.17
6052,SHORT,2025-06-28T14:41:59.999Z,2425.33,2025-06-28T14:42:59.999Z,2426.08,1000.00,-0.31,-0.0309,640.86
6053,SHORT,2025-06-28T15:26:59.999Z,2424.40,2025-06-28T15:35:59.999Z,2426.06,1000.00,-0.68,-0.0685,640.18
6054,SHORT,2025-06-28T15:38:59.999Z,2425.18,2025-06-28T15:40:59.999Z,2425.63,1000.00,-0.19,-0.0186,639.99
6055,SHORT,2025-06-28T19:44:59.999Z,2433.86,2025-06-28T22:02:59.999Z,2435.74,1000.00,-0.77,-0.0772,639.22
6056,SHORT,2025-06-29T00:09:59.999Z,2433.86,2025-06-29T00:32:59.999Z,2440.98,1000.00,-2.93,-0.2925,636.29
6057,SHORT,2025-06-29T01:27:59.999Z,2434.67,2025-06-29T05:51:59.999Z,2433.52,1000.00,0.47,0.0472,636.76
6058,SHORT,2025-06-29T13:33:59.999Z,2449.31,2025-06-29T18:45:59.999Z,2440.56,1000.00,3.57,0.3572,640.34
6059,SHORT,2025-06-29T19:05:59.999Z,2435.96,2025-06-29T22:05:59.999Z,2443.93,1000.00,-3.27,-0.3272,637.06
6060,SHORT,2025-06-30T03:20:59.999Z,2499.20,2025-06-30T06:03:59.999Z,2503.38,1000.00,-1.67,-0.1673,635.39
6061,SHORT,2025-06-30T06:19:59.999Z,2498.26,2025-06-30T13:21:59.999Z,2471.00,1000.00,10.91,1.0912,646.30
6062,SHORT,2025-06-30T14:06:59.999Z,2460.56,2025-06-30T15:48:59.999Z,2479.98,1000.00,-7.89,-0.7893,638.41
6063,SHORT,2025-06-30T21:45:59.999Z,2493.77,2025-07-01T01:13:59.999Z,2495.35,1000.00,-0.63,-0.0634,637.78
6064,SHORT,2025-07-01T02:02:59.999Z,2487.29,2025-07-01T02:30:59.999Z,2495.47,1000.00,-3.29,-0.3289,634.49
6065,SHORT,2025-07-01T02:37:59.999Z,2489.84,2025-07-01T18:10:59.999Z,2429.71,1000.00,24.15,2.4150,658.64
6066,SHORT,2025-07-01T18:17:59.999Z,2424.74,2025-07-02T00:33:59.999Z,2408.01,1000.00,6.90,0.6900,665.54
6067,SHORT,2025-07-02T00:48:59.999Z,2399.57,2025-07-02T01:49:59.999Z,2411.08,1000.00,-4.80,-0.4797,660.74
6068,SHORT,2025-07-02T11:54:59.999Z,2443.61,2025-07-02T13:41:59.999Z,2449.40,1000.00,-2.37,-0.2369,658.37
6069,SHORT,2025-07-02T23:37:59.999Z,2583.02,2025-07-03T05:11:59.999Z,2578.21,1000.00,1.86,0.1862,660.24
6070,SHORT,2025-07-03T10:30:59.999Z,2591.16,2025-07-03T12:08:59.999Z,2598.99,1000.00,-3.02,-0.3022,657.21
6071,SHORT,2025-07-03T12:37:59.999Z,2578.27,2025-07-03T13:35:59.999Z,2604.17,1000.00,-10.05,-1.0045,647.17
6072,SHORT,2025-07-03T14:58:59.999Z,2596.20,2025-07-03T18:39:59.999Z,2586.38,1000.00,3.78,0.3782,650.95
6073,SHORT,2025-07-03T23:25:59.999Z,2588.65,2025-07-04T00:39:59.999Z,2592.57,1000.00,-1.51,-0.1514,649.44
6074,SHORT,2025-07-04T01:54:59.999Z,2590.18,2025-07-04T09:45:59.999Z,2555.69,1000.00,13.32,1.3316,662.75
6075,SHORT,2025-07-04T09:55:59.999Z,2550.99,2025-07-04T10:02:59.999Z,2555.50,1000.00,-1.77,-0.1768,660.98
6076,SHORT,2025-07-04T10:20:59.999Z,2548.46,2025-07-04T11:32:59.999Z,2554.23,1000.00,-2.26,-0.2264,658.72
6077,SHORT,2025-07-04T11:58:59.999Z,2549.43,2025-07-04T20:36:59.999Z,2493.98,1000.00,21.75,2.1750,680.47
6078,SHORT,2025-07-05T02:35:59.999Z,2509.26,2025-07-05T02:37:59.999Z,2512.78,1000.00,-1.40,-0.1403,679.07
6079,SHORT,2025-07-05T08:35:59.999Z,2516.92,2025-07-05T10:09:59.999Z,2520.36,1000.00,-1.37,-0.1367,677.70
6080,SHORT,2025-07-05T12:08:59.999Z,2514.62,2025-07-05T15:15:59.999Z,2517.87,1000.00,-1.29,-0.1292,676.41
6081,SHORT,2025-07-05T15:18:59.999Z,2516.25,2025-07-05T19:57:59.999Z,2505.89,1000.00,4.12,0.4117,680.52
6082,SHORT,2025-07-06T02:38:59.999Z,2514.42,2025-07-06T04:15:59.999Z,2516.73,1000.00,-0.92,-0.0919,679.61
6083,SHORT,2025-07-06T04:25:59.999Z,2512.26,2025-07-06T06:18:59.999Z,2525.64,1000.00,-5.33,-0.5326,674.28
6084,SHORT,2025-07-06T08:17:59.999Z,2512.39,2025-07-06T11:55:59.999Z,2513.69,1000.00,-0.52,-0.0517,673.76
6085,SHORT,2025-07-06T17:20:59.999Z,2544.78,2025-07-06T17:27:59.999Z,2550.71,1000.00,-2.33,-0.2330,671.43
6086,SHORT,2025-07-06T18:02:59.999Z,2546.25,2025-07-06T20:15:59.999Z,2546.67,1000.00,-0.16,-0.0165,671.27
6087,SHORT,2025-07-06T23:59:59.999Z,2570.35,2025-07-07T00:07:59.999Z,2574.78,1000.00,-1.72,-0.1724,669.54
6088,SHORT,2025-07-07T00:10:59.999Z,2567.99,2025-07-07T00:14:59.999Z,2573.27,1000.00,-2.06,-0.2056,667.49
6089,SHORT,2025-07-07T00:18:59.999Z,2566.01,2025-07-07T02:12:59.999Z,2574.83,1000.00,-3.44,-0.3437,664.05
6090,SHORT,2025-07-07T04:58:59.999Z,2573.44,2025-07-07T05:04:59.999Z,2576.99,1000.00,-1.38,-0.1379,662.67
6091,SHORT,2025-07-07T05:32:59.999Z,2570.99,2025-07-07T07:49:59.999Z,2575.89,1000.00,-1.91,-0.1906,660.77
6092,SHORT,2025-07-07T09:53:59.999Z,2570.21,2025-07-07T14:05:59.999Z,2565.01,1000.00,2.02,0.2023,662.79
6093,SHORT,2025-07-07T14:14:59.999Z,2543.26,2025-07-07T19:06:59.999Z,2540.45,1000.00,1.10,0.1105,663.89
6094,SHORT,2025-07-07T20:48:59.999Z,2530.79,2025-07-07T23:07:59.999Z,2540.99,1000.00,-4.03,-0.4030,659.86
6095,SHORT,2025-07-08T01:15:59.999Z,2535.36,2025-07-08T03:49:59.999Z,2536.52,1000.00,-0.46,-0.0458,659.41
6096,SHORT,2025-07-08T08:58:59.999Z,2547.41,2025-07-08T09:45:59.999Z,2554.42,1000.00,-2.75,-0.2752,656.65
6097,SHORT,2025-07-08T14:52:59.999Z,2564.94,2025-07-08T16:42:59.999Z,2575.75,1000.00,-4.21,-0.4215,652.44
6098,SHORT,2025-07-08T21:01:59.999Z,2599.09,2025-07-08T21:39:59.999Z,2608.78,1000.00,-3.73,-0.3728,648.71
6099,SHORT,2025-07-08T22:21:59.999Z,2604.41,2025-07-08T22:38:59.999Z,2608.13,1000.00,-1.43,-0.1428,647.28
6100,SHORT,2025-07-09T00:32:59.999Z,2604.22,2025-07-09T00:58:59.999Z,2611.83,1000.00,-2.92,-0.2922,644.36
6101,SHORT,2025-07-09T01:38:59.999Z,2603.89,2025-07-09T05:05:59.999Z,2609.09,1000.00,-2.00,-0.1997,642.36
6102,SHORT,2025-07-09T08:52:59.999Z,2612.86,2025-07-09T10:57:59.999Z,2617.70,1000.00,-1.85,-0.1852,640.51
6103,SHORT,2025-07-09T14:49:59.999Z,2632.00,2025-07-09T15:26:59.999Z,2652.08,1000.00,-7.63,-0.7629,632.88
6104,SHORT,2025-07-10T01:04:59.999Z,2760.04,2025-07-10T01:15:59.999Z,2765.87,1000.00,-2.11,-0.2112,630.77
6105,SHORT,2025-07-10T04:07:59.999Z,2769.10,2025-07-10T04:50:59.999Z,2778.70,1000.00,-3.47,-0.3467,627.30
6106,SHORT,2025-07-10T08:57:59.999Z,2788.00,2025-07-10T13:18:59.999Z,2785.59,1000.00,0.86,0.0864,628.17
6107,SHORT,2025-07-10T14:28:59.999Z,2765.71,2025-07-10T16:24:59.999Z,2792.33,1000.00,-9.63,-0.9625,618.54
6108,SHORT,2025-07-11T08:00:59.999Z,2975.58,2025-07-11T08:47:59.999Z,3002.94,1000.00,-9.19,-0.9195,609.35
6109,SHORT,2025-07-11T11:13:59.999Z,2990.52,2025-07-11T13:55:59.999Z,2996.73,1000.00,-2.08,-0.2077,607.27
6110,SHORT,2025-07-11T15:06:59.999Z,2982.24,2025-07-11T17:25:59.999Z,2988.86,1000.00,-2.22,-0.2220,605.05
6111,SHORT,2025-07-11T20:50:59.999Z,2988.14,2025-07-12T01:31:59.999Z,2966.27,1000.00,7.32,0.7319,612.37
6112,SHORT,2025-07-12T04:47:59.999Z,2950.91,2025-07-12T06:50:59.999Z,2961.73,1000.00,-3.67,-0.3667,608.70
6113,SHORT,2025-07-12T11:56:59.999Z,2961.22,2025-07-12T17:23:59.999Z,2936.60,1000.00,8.31,0.8314,617.02
6114,SHORT,2025-07-12T20:20:59.999Z,2929.53,2025-07-12T21:53:59.999Z,2939.33,1000.00,-3.35,-0.3345,613.67
6115,SHORT,2025-07-12T22:20:59.999Z,2928.78,2025-07-12T22:31:59.999Z,2936.83,1000.00,-2.75,-0.2749,610.92
6116,SHORT,2025-07-13T08:47:59.999Z,2952.83,2025-07-13T11:16:59.999Z,2961.77,1000.00,-3.03,-0.3028,607.90
6117,SHORT,2025-07-13T16:55:59.999Z,2980.44,2025-07-13T17:41:59.999Z,2994.99,1000.00,-4.88,-0.4882,603.01
6118,SHORT,2025-07-13T20:08:59.999Z,2984.10,2025-07-14T00:21:59.999Z,2975.46,1000.00,2.90,0.2895,605.91
6119,SHORT,2025-07-14T01:26:59.999Z,2967.38,2025-07-14T02:08:59.999Z,2980.64,1000.00,-4.47,-0.4469,601.44
6120,SHORT,2025-07-14T06:53:59.999Z,3023.05,2025-07-14T07:33:59.999Z,3037.00,1000.00,-4.61,-0.4615,596.83
6121,SHORT,2025-07-14T08:30:59.999Z,3026.49,2025-07-14T08:51:59.999Z,3040.30,1000.00,-4.56,-0.4563,592.26
6122,SHORT,2025-07-14T12:25:59.999Z,3044.53,2025-07-14T13:54:59.999Z,3064.01,1000.00,-6.40,-0.6398,585.86
6123,SHORT,2025-07-14T14:32:59.999Z,3038.56,2025-07-14T21:02:59.999Z,3006.51,1000.00,10.55,1.0548,596.41
6124,SHORT,2025-07-15T00:43:59.999Z,2998.40,2025-07-15T05:15:59.999Z,2967.51,1000.00,10.30,1.0302,606.71
6125,SHORT,2025-07-15T05:16:59.999Z,2964.07,2025-07-15T05:17:59.999Z,2967.70,1000.00,-1.22,-0.1225,605.49
6126,SHORT,2025-07-15T08:15:59.999Z,2970.34,2025-07-15T08:43:59.999Z,2982.12,1000.00,-3.97,-0.3966,601.52
6127,SHORT,2025-07-15T08:59:59.999Z,2973.99,2025-07-15T09:05:59.999Z,2980.91,1000.00,-2.33,-0.2327,599.20
6128,SHORT,2025-07-15T10:00:59.999Z,2971.51,2025-07-15T12:08:59.999Z,2979.01,1000.00,-2.52,-0.2524,596.67
6129,SHORT,2025-07-15T15:02:59.999Z,2978.80,2025-07-15T15:48:59.999Z,3045.70,1000.00,-22.46,-2.2459,574.21
6130,SHORT,2025-07-15T19:49:59.999Z,3041.04,2025-07-15T21:30:59.999Z,3060.86,1000.00,-6.52,-0.6518,567.70
6131,SHORT,2025-07-16T02:38:59.999Z,3116.79,2025-07-16T04:56:59.999Z,3121.89,1000.00,-1.64,-0.1636,566.06
6132,SHORT,2025-07-16T10:17:59.999Z,3151.97,2025-07-16T12:30:59.999Z,3165.52,1000.00,-4.30,-0.4299,561.76
6133,SHORT,2025-07-16T22:51:59.999Z,3351.00,2025-07-17T00:03:59.999Z,3379.33,1000.00,-8.45,-0.8454,553.31
6134,SHORT,2025-07-17T01:38:59.999Z,3345.98,2025-07-17T05:21:59.999Z,3347.70,1000.00,-0.51,-0.0514,552.79
6135,SHORT,2025-07-17T11:34:59.999Z,3433.39,2025-07-17T17:59:59.999Z,3424.05,1000.00,2.72,0.2720,555.51
6136,SHORT,2025-07-17T20:06:59.999Z,3389.01,2025-07-17T21:08:59.999Z,3451.79,1000.00,-18.52,-1.8525,536.99
6137,SHORT,2025-07-18T07:57:59.999Z,3615.46,2025-07-18T11:07:59.999Z,3621.99,1000.00,-1.81,-0.1806,535.18
6138,SHORT,2025-07-18T11:14:59.999Z,3607.26,2025-07-18T12:56:59.999Z,3620.52,1000.00,-3.68,-0.3676,531.51
6139,SHORT,2025-07-18T14:33:59.999Z,3583.96,2025-07-18T17:28:59.999Z,3603.96,1000.00,-5.58,-0.5580,525.93
6140,SHORT,2025-07-18T18:58:59.999Z,3572.76,2025-07-18T21:49:59.999Z,3565.57,1000.00,2.01,0.2012,527.94
6141,SHORT,2025-07-18T22:07:59.999Z,3532.61,2025-07-18T22:29:59.999Z,3571.36,1000.00,-10.97,-1.0969,516.97
6142,SHORT,2025-07-18T23:01:59.999Z,3533.93,2025-07-19T00:15:59.999Z,3552.73,1000.00,-5.32,-0.5320,511.65
6143,SHORT,2025-07-19T00:54:59.999Z,3532.60,2025-07-19T01:55:59.999Z,3551.09,1000.00,-5.23,-0.5234,506.42
6144,SHORT,2025-07-19T02:16:59.999Z,3538.44,2025-07-19T02:18:59.999Z,3545.21,1000.00,-1.91,-0.1913,504.50
6145,SHORT,2025-07-19T06:28:59.999Z,3570.70,2025-07-19T11:33:59.999Z,3567.99,1000.00,0.76,0.0759,505.26
6146,SHORT,2025-07-19T11:51:59.999Z,3551.71,2025-07-19T13:16:59.999Z,3565.19,1000.00,-3.80,-0.3795,501.47
6147,SHORT,2025-07-19T14:09:59.999Z,3550.48,2025-07-19T15:48:59.999Z,3556.89,1000.00,-1.81,-0.1805,499.66
6148,SHORT,2025-07-19T16:02:59.999Z,3543.69,2025-07-19T16:36:59.999Z,3562.97,1000.00,-5.44,-0.5441,494.22
6149,SHORT,2025-07-19T17:25:59.999Z,3545.84,2025-07-19T18:33:59.999Z,3556.19,1000.00,-2.92,-0.2919,491.30
6150,SHORT,2025-07-19T21:20:59.999Z,3546.13,2025-07-19T22:08:59.999Z,3574.76,1000.00,-8.07,-0.8074,483.23
6151,SHORT,2025-07-20T17:50:59.999Z,3753.28,2025-07-20T19:40:59.999Z,3769.29,1000.00,-4.27,-0.4266,478.96
6152,SHORT,2025-07-20T20:02:59.999Z,3736.38,2025-07-20T21:42:59.999Z,3764.22,1000.00,-7.45,-0.7451,471.51
6153,SHORT,2025-07-20T22:13:59.999Z,3721.86,2025-07-20T23:43:59.999Z,3761.13,1000.00,-10.55,-1.0551,460.96
6154,SHORT,2025-07-21T00:17:59.999Z,3727.57,2025-07-21T02:42:59.999Z,3747.61,1000.00,-5.38,-0.5376,455.58
6155,SHORT,2025-07-21T09:11:59.999Z,3780.78,2025-07-21T10:46:59.999Z,3802.00,1000.00,-5.61,-0.5613,449.97
6156,SHORT,2025-07-21T13:15:59.999Z,3778.21,2025-07-21T13:49:59.999Z,3816.72,1000.00,-10.19,-1.0193,439.78
6157,SHORT,2025-07-21T16:07:59.999Z,3793.36,2025-07-21T22:27:59.999Z,3762.99,1000.00,8.01,0.8006,447.78
6158,SHORT,2025-07-22T00:42:59.999Z,3745.89,2025-07-22T01:52:59.999Z,3788.60,1000.00,-11.40,-1.1402,436.38
6159,SHORT,2025-07-22T03:00:59.999Z,3738.41,2025-07-22T10:30:59.999Z,3676.94,1000.00,16.44,1.6443,452.83
6160,SHORT,2025-07-22T13:46:59.999Z,3672.24,2025-07-22T15:03:59.999Z,3705.11,1000.00,-8.95,-0.8951,443.87
6161,SHORT,2025-07-22T17:23:59.999Z,3686.96,2025-07-22T18:58:59.999Z,3711.22,1000.00,-6.58,-0.6580,437.29
6162,SHORT,2025-07-22T19:40:59.999Z,3683.99,2025-07-22T20:57:59.999Z,3704.21,1000.00,-5.49,-0.5489,431.81
6163,SHORT,2025-07-23T04:01:59.999Z,3724.41,2025-07-23T12:14:59.999Z,3679.40,1000.00,12.09,1.2085,443.89
6164,SHORT,2025-07-23T12:43:59.999Z,3652.82,2025-07-23T18:50:59.999Z,3601.07,1000.00,14.17,1.4167,458.06
6165,SHORT,2025-07-23T19:40:59.999Z,3592.80,2025-07-23T19:51:59.999Z,3599.11,1000.00,-1.76,-0.1756,456.30
6166,SHORT,2025-07-23T19:58:59.999Z,3591.51,2025-07-23T22:10:59.999Z,3596.03,1000.00,-1.26,-0.1259,455.04
6167,SHORT,2025-07-24T04:34:59.999Z,3629.19,2025-07-24T08:10:59.999Z,3610.55,1000.00,5.14,0.5136,460.18
6168,SHORT,2025-07-24T10:44:59.999Z,3607.39,2025-07-24T10:48:59.999Z,3622.78,1000.00,-4.27,-0.4266,455.91
6169,SHORT,2025-07-24T14:16:59.999Z,3627.47,2025-07-24T14:30:59.999Z,3657.06,1000.00,-8.16,-0.8157,447.76
6170,SHORT,2025-07-24T17:00:59.999Z,3683.36,2025-07-24T17:04:59.999Z,3707.88,1000.00,-6.66,-0.6657,441.10
6171,SHORT,2025-07-24T21:32:59.999Z,3718.50,2025-07-25T06:48:59.999Z,3642.09,1000.00,20.55,2.0549,461.65
6172,SHORT,2025-07-25T07:07:59.999Z,3619.59,2025-07-25T07:15:59.999Z,3653.09,1000.00,-9.26,-0.9255,452.39
6173,SHORT,2025-07-25T07:44:59.999Z,3615.50,2025-07-25T08:08:59.999Z,3646.09,1000.00,-8.46,-0.8461,443.93
6174,SHORT,2025-07-25T13:22:59.999Z,3706.67,2025-07-25T18:33:59.999Z,3648.54,1000.00,15.68,1.5683,459.61
6175,SHORT,2025-07-25T20:15:59.999Z,3646.97,2025-07-25T20:19:59.999Z,3654.46,1000.00,-2.05,-0.2054,457.56
6176,SHORT,2025-07-26T01:55:59.999Z,3708.01,2025-07-26T02:21:59.999Z,3724.97,1000.00,-4.57,-0.4574,452.99
6177,SHORT,2025-07-26T06:54:59.999Z,3739.76,2025-07-26T07:15:59.999Z,3748.10,1000.00,-2.23,-0.2230,450.76
6178,SHORT,2025-07-26T11:33:59.999Z,3744.50,2025-07-26T18:41:59.999Z,3750.47,1000.00,-1.59,-0.1594,449.16
6179,SHORT,2025-07-26T23:32:59.999Z,3737.95,2025-07-27T00:57:59.999Z,3754.40,1000.00,-4.40,-0.4401,444.76
6180,SHORT,2025-07-27T06:38:59.999Z,3776.75,2025-07-27T10:19:59.999Z,3790.43,1000.00,-3.62,-0.3622,441.14
6181,SHORT,2025-07-27T14:45:59.999Z,3793.38,2025-07-27T15:50:59.999Z,3819.25,1000.00,-6.82,-0.6820,434.32
6182,SHORT,2025-07-27T19:58:59.999Z,3827.62,2025-07-27T20:10:59.999Z,3841.60,1000.00,-3.65,-0.3652,430.67
6183,SHORT,2025-07-27T20:20:59.999Z,3830.31,2025-07-27T22:06:59.999Z,3844.47,1000.00,-3.70,-0.3697,426.97
6184,SHORT,2025-07-28T01:36:59.999Z,3851.00,2025-07-28T02:27:59.999Z,3871.60,1000.00,-5.35,-0.5349,421.62
6185,SHORT,2025-07-28T07:15:59.999Z,3886.20,2025-07-28T21:38:59.999Z,3797.11,1000.00,22.92,2.2925,444.55
6186,SHORT,2025-07-28T22:42:59.999Z,3774.45,2025-07-28T23:27:59.999Z,3790.08,1000.00,-4.14,-0.4141,440.41
6187,SHORT,2025-07-28T23:29:59.999Z,3786.01,2025-07-28T23:31:59.999Z,3792.73,1000.00,-1.77,-0.1775,438.63
6188,SHORT,2025-07-29T00:47:59.999Z,3765.22,2025-07-29T03:35:59.999Z,3777.22,1000.00,-3.19,-0.3187,435.44
6189,SHORT,2025-07-29T10:44:59.999Z,3846.98,2025-07-29T12:40:59.999Z,3857.40,1000.00,-2.71,-0.2709,432.73
6190,SHORT,2025-07-29T14:03:59.999Z,3818.82,2025-07-29T19:13:59.999Z,3778.41,1000.00,10.58,1.0582,443.32
6191,SHORT,2025-07-29T19:35:59.999Z,3766.65,2025-07-29T21:48:59.999Z,3772.20,1000.00,-1.47,-0.1473,441.84
6192,SHORT,2025-07-30T00:36:59.999Z,3765.37,2025-07-30T01:41:59.999Z,3795.87,1000.00,-8.10,-0.8100,433.74
6193,SHORT,2025-07-30T05:14:59.999Z,3792.57,2025-07-30T06:00:59.999Z,3810.68,1000.00,-4.78,-0.4775,428.97
6194,SHORT,2025-07-30T08:13:59.999Z,3801.77,2025-07-30T08:45:59.999Z,3821.88,1000.00,-5.29,-0.5290,423.68
6195,SHORT,2025-07-30T09:13:59.999Z,3805.87,2025-07-30T14:26:59.999Z,3778.49,1000.00,7.19,0.7194,430.87
6196,SHORT,2025-07-30T18:49:59.999Z,3761.57,2025-07-30T20:41:59.999Z,3775.80,1000.00,-3.78,-0.3783,427.09
6197,SHORT,2025-07-30T21:23:59.999Z,3762.84,2025-07-30T23:05:59.999Z,3779.15,1000.00,-4.33,-0.4334,422.75
6198,SHORT,2025-07-31T09:13:59.999Z,3861.47,2025-07-31T16:40:59.999Z,3813.94,1000.00,12.31,1.2309,435.06
6199,SHORT,2025-07-31T17:11:59.999Z,3795.66,2025-08-01T02:21:59.999Z,3713.87,1000.00,21.55,2.1548,456.61
6200,SHORT,2025-08-01T04:09:59.999Z,3687.85,2025-08-01T11:54:59.999Z,3642.12,1000.00,12.40,1.2400,469.01
6201,SHORT,2025-08-01T13:50:59.999Z,3593.94,2025-08-02T01:03:59.999Z,3518.93,1000.00,20.87,2.0871,489.88
6202,SHORT,2025-08-02T05:56:59.999Z,3519.79,2025-08-02T07:55:59.999Z,3517.04,1000.00,0.78,0.0781,490.66
6203,SHORT,2025-08-02T08:51:59.999Z,3497.46,2025-08-02T11:29:59.999Z,3513.94,1000.00,-4.71,-0.4712,485.95
6204,SHORT,2025-08-02T14:24:59.999Z,3494.37,2025-08-02T21:36:59.999Z,3423.25,1000.00,20.35,2.0353,506.31
6205,SHORT,2025-08-02T22:21:59.999Z,3394.98,2025-08-03T01:11:59.999Z,3415.63,1000.00,-6.08,-0.6083,500.22
6206,SHORT,2025-08-03T14:22:59.999Z,3473.16,2025-08-03T16:38:59.999Z,3487.84,1000.00,-4.23,-0.4227,496.00
6207,SHORT,2025-08-03T20:32:59.999Z,3489.43,2025-08-03T20:41:59.999Z,3497.00,1000.00,-2.17,-0.2169,493.83
6208,SHORT,2025-08-03T22:25:59.999Z,3485.02,2025-08-03T22:49:59.999Z,3501.03,1000.00,-4.59,-0.4594,489.23
6209,SHORT,2025-08-04T00:13:59.999Z,3495.80,2025-08-04T00:17:59.999Z,3499.90,1000.00,-1.17,-0.1173,488.06
6210,SHORT,2025-08-04T04:55:59.999Z,3537.13,2025-08-04T07:16:59.999Z,3546.06,1000.00,-2.52,-0.2525,485.54
6211,SHORT,2025-08-04T20:01:59.999Z,3666.25,2025-08-04T20:14:59.999Z,3680.34,1000.00,-3.84,-0.3843,481.69
6212,SHORT,2025-08-05T00:16:59.999Z,3698.35,2025-08-05T06:10:59.999Z,3672.70,1000.00,6.94,0.6936,488.63
6213,SHORT,2025-08-05T06:51:59.999Z,3639.37,2025-08-05T09:33:59.999Z,3654.64,1000.00,-4.20,-0.4196,484.43
6214,SHORT,2025-08-05T12:32:59.999Z,3646.01,2025-08-05T17:35:59.999Z,3602.23,1000.00,12.01,1.2008,496.44
6215,SHORT,2025-08-05T18:40:59.999Z,3583.22,2025-08-05T20:35:59.999Z,3593.00,1000.00,-2.73,-0.2729,493.71
6216,SHORT,2025-08-05T20:41:59.999Z,3582.09,2025-08-05T21:34:59.999Z,3590.32,1000.00,-2.30,-0.2298,491.41
6217,SHORT,2025-08-05T21:44:59.999Z,3582.87,2025-08-05T22:40:59.999Z,3589.58,1000.00,-1.87,-0.1873,489.54
6218,SHORT,2025-08-06T00:48:59.999Z,3577.66,2025-08-06T02:56:59.999Z,3592.44,1000.00,-4.13,-0.4131,485.41
6219,SHORT,2025-08-06T03:16:59.999Z,3581.21,2025-08-06T05:12:59.999Z,3611.78,1000.00,-8.54,-0.8536,476.87
6220,SHORT,2025-08-06T08:45:59.999Z,3610.88,2025-08-06T09:18:59.999Z,3635.99,1000.00,-6.95,-0.6954,469.92
6221,SHORT,2025-08-06T10:10:59.999Z,3620.53,2025-08-06T10:15:59.999Z,3629.85,1000.00,-2.57,-0.2574,467.34
6222,SHORT,2025-08-06T10:20:59.999Z,3615.41,2025-08-06T14:46:59.999Z,3612.06,1000.00,0.93,0.0927,468.27
6223,SHORT,2025-08-06T21:42:59.999Z,3661.40,2025-08-06T22:13:59.999Z,3677.64,1000.00,-4.44,-0.4435,463.84
6224,SHORT,2025-08-07T00:20:59.999Z,3669.25,2025-08-07T01:18:59.999Z,3678.19,1000.00,-2.44,-0.2436,461.40
6225,SHORT,2025-08-07T02:11:59.999Z,3672.66,2025-08-07T05:24:59.999Z,3675.51,1000.00,-0.78,-0.0776,460.62
6226,SHORT,2025-08-07T14:53:59.999Z,3819.08,2025-08-07T15:33:59.999Z,3831.40,1000.00,-3.23,-0.3226,457.40
6227,SHORT,2025-08-07T16:45:59.999Z,3807.35,2025-08-07T18:00:59.999Z,3829.13,1000.00,-5.72,-0.5721,451.68
6228,SHORT,2025-08-07T18:12:59.999Z,3816.70,2025-08-07T19:10:59.999Z,3826.29,1000.00,-2.51,-0.2513,449.16
6229,SHORT,2025-08-08T01:53:59.999Z,3890.00,2025-08-08T02:51:59.999Z,3902.83,1000.00,-3.30,-0.3298,445.87
6230,SHORT,2025-08-08T05:25:59.999Z,3896.47,2025-08-08T06:58:59.999Z,3915.99,1000.00,-5.01,-0.5010,440.86
6231,SHORT,2025-08-08T07:07:59.999Z,3906.76,2025-08-08T07:18:59.999Z,3926.39,1000.00,-5.02,-0.5025,435.83
6232,SHORT,2025-08-08T08:34:59.999Z,3895.87,2025-08-08T11:17:59.999Z,3912.87,1000.00,-4.36,-0.4364,431.47
6233,SHORT,2025-08-08T12:44:59.999Z,3900.08,2025-08-08T13:33:59.999Z,3906.22,1000.00,-1.57,-0.1574,429.89
6234,SHORT,2025-08-08T22:11:59.999Z,4029.59,2025-08-09T01:49:59.999Z,4027.92,1000.00,0.41,0.0414,430.31
6235,SHORT,2025-08-09T12:01:59.999Z,4188.60,2025-08-09T14:59:59.999Z,4197.16,1000.00,-2.04,-0.2044,428.26
6236,SHORT,2025-08-09T23:10:59.999Z,4260.21,2025-08-10T00:38:59.999Z,4281.25,1000.00,-4.94,-0.4939,423.33
6237,SHORT,2025-08-10T02:30:59.999Z,4264.64,2025-08-10T09:27:59.999Z,4218.53,1000.00,10.81,1.0812,434.14
6238,SHORT,2025-08-10T10:37:59.999Z,4199.49,2025-08-10T14:30:59.999Z,4214.07,1000.00,-3.47,-0.3472,430.67
6239,SHORT,2025-08-10T20:29:59.999Z,4213.98,2025-08-10T22:36:59.999Z,4233.06,1000.00,-4.53,-0.4528,426.14
6240,SHORT,2025-08-11T05:56:59.999Z,4300.73,2025-08-11T13:47:59.999Z,4298.54,1000.00,0.51,0.0509,426.65
6241,SHORT,2025-08-11T18:02:59.999Z,4287.79,2025-08-11T19:23:59.999Z,4305.79,1000.00,-4.20,-0.4198,422.45
6242,SHORT,2025-08-11T19:36:59.999Z,4286.95,2025-08-12T00:18:59.999Z,4252.99,1000.00,7.92,0.7922,430.37
6243,SHORT,2025-08-12T05:45:59.999Z,4273.59,2025-08-12T06:28:59.999Z,4299.99,1000.00,-6.18,-0.6177,424.19
6244,SHORT,2025-08-12T09:32:59.999Z,4299.18,2025-08-12T12:29:59.999Z,4306.05,1000.00,-1.60,-0.1598,422.60
6245,SHORT,2025-08-13T01:31:59.999Z,4580.86,2025-08-13T02:38:59.999Z,4606.58,1000.00,-5.61,-0.5615,416.98
6246,SHORT,2025-08-13T06:19:59.999Z,4635.00,2025-08-13T09:23:59.999Z,4643.02,1000.00,-1.73,-0.1730,415.25
6247,SHORT,2025-08-13T14:10:59.999Z,4682.98,2025-08-13T16:18:59.999Z,4697.67,1000.00,-3.14,-0.3137,412.11
6248,SHORT,2025-08-14T00:43:59.999Z,4721.50,2025-08-14T02:38:59.999Z,4757.43,1000.00,-7.61,-0.7610,404.50
6249,SHORT,2025-08-14T05:21:59.999Z,4746.00,2025-08-14T06:45:59.999Z,4768.51,1000.00,-4.74,-0.4743,399.76
6250,SHORT,2025-08-14T07:22:59.999Z,4735.69,2025-08-14T09:41:59.999Z,4745.24,1000.00,-2.02,-0.2017,397.74
6251,SHORT,2025-08-14T10:43:59.999Z,4699.04,2025-08-14T14:40:59.999Z,4683.54,1000.00,3.30,0.3299,401.04
6252,SHORT,2025-08-14T15:30:59.999Z,4617.12,2025-08-14T23:01:59.999Z,4535.75,1000.00,17.62,1.7624,418.67
6253,SHORT,2025-08-15T05:38:59.999Z,4609.35,2025-08-15T06:04:59.999Z,4638.77,1000.00,-6.38,-0.6383,412.28
6254,SHORT,2025-08-15T09:35:59.999Z,4630.70,2025-08-15T10:35:59.999Z,4645.65,1000.00,-3.23,-0.3228,409.05
6255,SHORT,2025-08-15T11:24:59.999Z,4629.79,2025-08-15T11:54:59.999Z,4638.78,1000.00,-1.94,-0.1942,407.11
6256,SHORT,2025-08-15T11:56:59.999Z,4636.03,2025-08-15T21:56:59.999Z,4424.33,1000.00,45.66,4.5664,452.78
6257,SHORT,2025-08-16T02:57:59.999Z,4445.62,2025-08-16T07:35:59.999Z,4452.99,1000.00,-1.66,-0.1658,451.12
6258,SHORT,2025-08-16T09:59:59.999Z,4398.16,2025-08-16T13:20:59.999Z,4425.25,1000.00,-6.16,-0.6159,444.96
6259,SHORT,2025-08-16T13:48:59.999Z,4390.33,2025-08-16T14:59:59.999Z,4413.48,1000.00,-5.27,-0.5273,439.69
6260,SHORT,2025-08-16T15:41:59.999Z,4388.83,2025-08-16T16:19:59.999Z,4414.48,1000.00,-5.84,-0.5844,433.84
6261,SHORT,2025-08-16T16:35:59.999Z,4400.01,2025-08-16T16:58:59.999Z,4409.52,1000.00,-2.16,-0.2161,431.68
6262,SHORT,2025-08-16T17:09:59.999Z,4404.06,2025-08-16T18:13:59.999Z,4411.65,1000.00,-1.72,-0.1723,429.96
6263,SHORT,2025-08-16T21:58:59.999Z,4411.72,2025-08-16T22:34:59.999Z,4425.00,1000.00,-3.01,-0.3010,426.95
6264,SHORT,2025-08-16T23:31:59.999Z,4413.83,2025-08-17T02:52:59.999Z,4422.52,1000.00,-1.97,-0.1969,424.98
6265,SHORT,2025-08-17T07:06:59.999Z,4452.06,2025-08-17T07:23:59.999Z,4469.24,1000.00,-3.86,-0.3859,421.12
6266,SHORT,2025-08-17T13:10:59.999Z,4529.40,2025-08-17T14:07:59.999Z,4544.65,1000.00,-3.37,-0.3367,417.75
6267,SHORT,2025-08-17T16:34:59.999Z,4535.59,2025-08-17T22:13:59.999Z,4496.09,1000.00,8.71,0.8709,426.46
6268,SHORT,2025-08-17T23:50:59.999Z,4482.35,2025-08-18T09:51:59.999Z,4310.26,1000.00,38.39,3.8393,464.85
6269,SHORT,2025-08-18T11:05:59.999Z,4266.67,2025-08-18T12:09:59.999Z,4299.64,1000.00,-7.73,-0.7727,457.13
6270,SHORT,2025-08-18T14:45:59.999Z,4297.49,2025-08-18T14:59:59.999Z,4333.54,1000.00,-8.39,-0.8389,448.74
6271,SHORT,2025-08-18T20:42:59.999Z,4336.65,2025-08-18T22:03:59.999Z,4368.12,1000.00,-7.26,-0.7257,441.48
6272,SHORT,2025-08-18T23:10:59.999Z,4340.69,2025-08-19T08:51:59.999Z,4261.98,1000.00,18.13,1.8133,459.62
6273,SHORT,2025-08-19T13:51:59.999Z,4278.49,2025-08-19T13:56:59.999Z,4301.37,1000.00,-5.35,-0.5348,454.27
6274,SHORT,2025-08-19T13:59:59.999Z,4292.03,2025-08-19T14:01:59.999Z,4302.02,1000.00,-2.33,-0.2328,451.94
6275,SHORT,2025-08-19T14:08:59.999Z,4278.58,2025-08-20T02:16:59.999Z,4134.07,1000.00,33.78,3.3775,485.72
6276,SHORT,2025-08-20T11:30:59.999Z,4198.78,2025-08-20T14:51:59.999Z,4223.88,1000.00,-5.98,-0.5978,479.74
6277,SHORT,2025-08-20T23:50:59.999Z,4329.98,2025-08-21T05:47:59.999Z,4317.55,1000.00,2.87,0.2871,482.61
6278,SHORT,2025-08-21T06:13:59.999Z,4291.15,2025-08-21T07:53:59.999Z,4309.99,1000.00,-4.39,-0.4390,478.22
6279,SHORT,2025-08-21T08:32:59.999Z,4294.31,2025-08-21T10:52:59.999Z,4292.94,1000.00,0.32,0.0319,478.54
6280,SHORT,2025-08-21T11:49:59.999Z,4270.72,2025-08-21T14:13:59.999Z,4298.96,1000.00,-6.61,-0.6612,471.92
6281,SHORT,2025-08-21T15:05:59.999Z,4246.76,2025-08-21T18:40:59.999Z,4254.39,1000.00,-1.80,-0.1797,470.13
6282,SHORT,2025-08-21T18:48:59.999Z,4237.88,2025-08-21T18:51:59.999Z,4257.36,1000.00,-4.60,-0.4597,465.53
6283,SHORT,2025-08-21T19:36:59.999Z,4221.77,2025-08-21T21:35:59.999Z,4256.29,1000.00,-8.18,-0.8177,457.35
6284,SHORT,2025-08-21T23:23:59.999Z,4229.12,2025-08-22T00:34:59.999Z,4254.49,1000.00,-6.00,-0.5999,451.36
6285,SHORT,2025-08-22T01:13:59.999Z,4226.00,2025-08-22T01:20:59.999Z,4245.99,1000.00,-4.73,-0.4730,446.63
6286,SHORT,2025-08-22T10:20:59.999Z,4312.20,2025-08-22T13:50:59.999Z,4314.24,1000.00,-0.47,-0.0473,446.15
6287,SHORT,2025-08-22T22:40:59.999Z,4804.99,2025-08-22T23:35:59.999Z,4833.86,1000.00,-6.01,-0.6008,440.14
6288,SHORT,2025-08-23T00:09:59.999Z,4811.16,2025-08-23T05:20:59.999Z,4742.72,1000.00,14.23,1.4225,454.37
6289,SHORT,2025-08-23T07:27:59.999Z,4724.70,2025-08-23T09:50:59.999Z,4736.52,1000.00,-2.50,-0.2502,451.87
6290,SHORT,2025-08-23T10:33:59.999Z,4720.56,2025-08-23T12:46:59.999Z,4727.88,1000.00,-1.55,-0.1551,450.32
6291,SHORT,2025-08-23T12:53:59.999Z,4712.03,2025-08-23T13:50:59.999Z,4730.60,1000.00,-3.94,-0.3941,446.38
6292,SHORT,2025-08-23T21:08:59.999Z,4747.22,2025-08-23T22:09:59.999Z,4758.34,1000.00,-2.34,-0.2342,444.03
6293,SHORT,2025-08-24T03:02:59.999Z,4763.72,2025-08-24T03:55:59.999Z,4793.79,1000.00,-6.31,-0.6312,437.72
6294,SHORT,2025-08-24T06:19:59.999Z,4772.01,2025-08-24T08:57:59.999Z,4777.68,1000.00,-1.19,-0.1188,436.53
6295,SHORT,2025-08-24T09:12:59.999Z,4764.36,2025-08-24T09:35:59.999Z,4783.15,1000.00,-3.94,-0.3944,432.59
6296,SHORT,2025-08-24T10:13:59.999Z,4767.60,2025-08-24T13:07:59.999Z,4768.86,1000.00,-0.26,-0.0264,432.32
6297,SHORT,2025-08-24T19:48:59.999Z,4821.39,2025-08-25T02:31:59.999Z,4764.39,1000.00,11.82,1.1822,444.15
6298,SHORT,2025-08-25T03:32:59.999Z,4733.50,2025-08-25T12:05:59.999Z,4595.05,1000.00,29.25,2.9249,473.40
6299,SHORT,2025-08-25T15:46:59.999Z,4611.01,2025-08-26T01:48:59.999Z,4419.68,1000.00,41.49,4.1494,514.89
6300,SHORT,2025-08-26T06:53:59.999Z,4407.33,2025-08-26T07:44:59.999Z,4427.23,1000.00,-4.52,-0.4515,510.37
6301,SHORT,2025-08-26T08:34:59.999Z,4409.55,2025-08-26T09:16:59.999Z,4433.05,1000.00,-5.33,-0.5329,505.05
6302,SHORT,2025-08-26T09:49:59.999Z,4416.32,2025-08-26T10:11:59.999Z,4427.97,1000.00,-2.64,-0.2638,502.41
6303,SHORT,2025-08-26T11:35:59.999Z,4410.91,2025-08-26T12:36:59.999Z,4480.30,1000.00,-15.73,-1.5731,486.68
6304,SHORT,2025-08-27T00:47:59.999Z,4573.46,2025-08-27T02:50:59.999Z,4583.74,1000.00,-2.25,-0.2248,484.43
6305,SHORT,2025-08-27T03:15:59.999Z,4564.63,2025-08-27T03:50:59.999Z,4614.18,1000.00,-10.86,-1.0855,473.57
6306,SHORT,2025-08-27T06:23:59.999Z,4597.79,2025-08-27T09:15:59.999Z,4601.96,1000.00,-0.91,-0.0907,472.67
6307,SHORT,2025-08-27T10:44:59.999Z,4578.82,2025-08-27T11:30:59.999Z,4595.65,1000.00,-3.68,-0.3676,468.99
6308,SHORT,2025-08-27T12:43:59.999Z,4587.69,2025-08-27T12:55:59.999Z,4603.00,1000.00,-3.34,-0.3337,465.65
6309,SHORT,2025-08-27T17:15:59.999Z,4615.01,2025-08-27T17:38:59.999Z,4630.00,1000.00,-3.25,-0.3248,462.41
6310,SHORT,2025-08-27T18:34:59.999Z,4616.78,2025-08-28T02:06:59.999Z,4524.50,1000.00,19.99,1.9988,482.39
6311,SHORT,2025-08-28T03:03:59.999Z,4507.62,2025-08-28T03:05:59.999Z,4518.85,1000.00,-2.49,-0.2491,479.90
6312,SHORT,2025-08-28T11:57:59.999Z,4591.12,2025-08-28T12:42:59.999Z,4606.32,1000.00,-3.31,-0.3311,476.59
6313,SHORT,2025-08-28T13:47:59.999Z,4577.42,2025-08-28T21:46:59.999Z,4477.98,1000.00,21.72,2.1724,498.32
6314,SHORT,2025-08-29T00:46:59.999Z,4482.01,2025-08-29T03:22:59.999Z,4481.42,1000.00,0.13,0.0132,498.45
6315,SHORT,2025-08-29T05:02:59.999Z,4478.45,2025-08-29T12:25:59.999Z,4366.47,1000.00,25.00,2.5004,523.45
6316,SHORT,2025-08-29T13:48:59.999Z,4331.35,2025-08-29T16:34:59.999Z,4341.35,1000.00,-2.31,-0.2309,521.14
6317,SHORT,2025-08-29T16:52:59.999Z,4329.10,2025-08-29T16:53:59.999Z,4334.74,1000.00,-1.30,-0.1303,519.84
6318,SHORT,2025-08-29T17:09:59.999Z,4331.01,2025-08-29T17:23:59.999Z,4343.26,1000.00,-2.83,-0.2828,517.01
6319,SHORT,2025-08-29T18:18:59.999Z,4322.84,2025-08-29T19:19:59.999Z,4352.01,1000.00,-6.75,-0.6748,510.26
6320,SHORT,2025-08-29T20:51:59.999Z,4320.04,2025-08-29T21:33:59.999Z,4356.02,1000.00,-8.33,-0.8329,501.93
6321,SHORT,2025-08-30T00:34:59.999Z,4347.84,2025-08-30T03:25:59.999Z,4368.06,1000.00,-4.65,-0.4651,497.28
6322,SHORT,2025-08-30T09:35:59.999Z,4383.67,2025-08-30T09:53:59.999Z,4394.86,1000.00,-2.55,-0.2553,494.73
6323,SHORT,2025-08-30T11:41:59.999Z,4387.09,2025-08-30T15:23:59.999Z,4373.30,1000.00,3.14,0.3143,497.87
6324,SHORT,2025-08-30T17:00:59.999Z,4361.19,2025-08-30T17:12:59.999Z,4371.26,1000.00,-2.31,-0.2309,495.57
6325,SHORT,2025-08-30T17:35:59.999Z,4361.37,2025-08-30T22:34:59.999Z,4351.35,1000.00,2.30,0.2297,497.86
6326,SHORT,2025-08-31T06:19:59.999Z,4450.24,2025-08-31T08:02:59.999Z,4452.10,1000.00,-0.42,-0.0418,497.44
6327,SHORT,2025-08-31T10:23:59.999Z,4452.18,2025-08-31T11:38:59.999Z,4466.08,1000.00,-3.12,-0.3122,494.32
6328,SHORT,2025-08-31T14:08:59.999Z,4457.94,2025-08-31T15:17:59.999Z,4471.90,1000.00,-3.13,-0.3131,491.19
6329,SHORT,2025-08-31T16:39:59.999Z,4466.41,2025-08-31T17:05:59.999Z,4476.99,1000.00,-2.37,-0.2369,488.82
6330,SHORT,2025-08-31T19:27:59.999Z,4470.25,2025-08-31T21:52:59.999Z,4472.74,1000.00,-0.56,-0.0557,488.27
6331,SHORT,2025-08-31T22:05:59.999Z,4456.59,2025-08-31T22:20:59.999Z,4473.31,1000.00,-3.75,-0.3752,484.51
6332,SHORT,2025-08-31T22:34:59.999Z,4456.64,2025-09-01T04:13:59.999Z,4407.30,1000.00,11.07,1.1071,495.58
6333,SHORT,2025-09-01T04:21:59.999Z,4388.47,2025-09-01T05:46:59.999Z,4401.12,1000.00,-2.88,-0.2883,492.70
6334,SHORT,2025-09-01T06:09:59.999Z,4381.19,2025-09-01T06:24:59.999Z,4400.84,1000.00,-4.49,-0.4485,488.22
6335,SHORT,2025-09-01T10:24:59.999Z,4434.83,2025-09-01T19:23:59.999Z,4358.68,1000.00,17.17,1.7171,505.39
6336,SHORT,2025-09-01T20:35:59.999Z,4338.07,2025-09-01T23:47:59.999Z,4311.02,1000.00,6.24,0.6235,511.62
6337,SHORT,2025-09-02T08:01:59.999Z,4378.36,2025-09-02T08:33:59.999Z,4389.77,1000.00,-2.61,-0.2606,509.02
6338,SHORT,2025-09-02T10:28:59.999Z,4385.92,2025-09-02T14:00:59.999Z,4384.01,1000.00,0.44,0.0435,509.45
6339,SHORT,2025-09-02T15:11:59.999Z,4332.66,2025-09-02T20:35:59.999Z,4307.27,1000.00,5.86,0.5860,515.31
6340,SHORT,2025-09-03T00:54:59.999Z,4306.63,2025-09-03T02:16:59.999Z,4325.10,1000.00,-4.29,-0.4289,511.02
6341,SHORT,2025-09-03T05:34:59.999Z,4324.61,2025-09-03T08:17:59.999Z,4329.52,1000.00,-1.14,-0.1135,509.89
6342,SHORT,2025-09-03T09:13:59.999Z,4305.80,2025-09-03T09:22:59.999Z,4319.05,1000.00,-3.08,-0.3077,506.81
6343,SHORT,2025-09-03T21:05:59.999Z,4462.43,2025-09-03T21:23:59.999Z,4471.27,1000.00,-1.98,-0.1981,504.83
6344,SHORT,2025-09-03T21:37:59.999Z,4460.76,2025-09-03T22:16:59.999Z,4470.66,1000.00,-2.22,-0.2219,502.61
6345,SHORT,2025-09-03T22:35:59.999Z,4463.09,2025-09-03T22:58:59.999Z,4469.10,1000.00,-1.35,-0.1347,501.26
6346,SHORT,2025-09-03T23:15:59.999Z,4459.91,2025-09-04T00:31:59.999Z,4473.21,1000.00,-2.98,-0.2982,498.28
6347,SHORT,2025-09-04T01:17:59.999Z,4457.18,2025-09-04T01:42:59.999Z,4468.18,1000.00,-2.47,-0.2468,495.81
6348,SHORT,2025-09-04T02:15:59.999Z,4456.52,2025-09-04T08:27:59.999Z,4385.73,1000.00,15.88,1.5885,511.70
6349,SHORT,2025-09-04T08:47:59.999Z,4371.60,2025-09-04T09:18:59.999Z,4381.73,1000.00,-2.32,-0.2317,509.38
6350,SHORT,2025-09-04T12:42:59.999Z,4389.38,2025-09-04T13:06:59.999Z,4408.94,1000.00,-4.46,-0.4456,504.93
6351,SHORT,2025-09-04T13:14:59.999Z,4397.87,2025-09-04T20:38:59.999Z,4305.50,1000.00,21.00,2.1003,525.93
6352,SHORT,2025-09-04T23:58:59.999Z,4296.13,2025-09-05T01:32:59.999Z,4319.23,1000.00,-5.38,-0.5377,520.55
6353,SHORT,2025-09-05T03:17:59.999Z,4307.82,2025-09-05T03:56:59.999Z,4327.58,1000.00,-4.59,-0.4587,515.97
6354,SHORT,2025-09-05T14:17:59.999Z,4370.86,2025-09-05T18:57:59.999Z,4315.85,1000.00,12.59,1.2586,528.55
6355,SHORT,2025-09-05T21:34:59.999Z,4305.10,2025-09-06T00:35:59.999Z,4322.16,1000.00,-3.96,-0.3963,524.59
6356,SHORT,2025-09-06T02:19:59.999Z,4311.26,2025-09-06T02:56:59.999Z,4319.25,1000.00,-1.85,-0.1853,522.74
6357,SHORT,2025-09-06T04:15:59.999Z,4311.01,2025-09-06T07:43:59.999Z,4309.65,1000.00,0.32,0.0315,523.05
6358,SHORT,2025-09-06T09:13:59.999Z,4297.13,2025-09-06T12:12:59.999Z,4304.51,1000.00,-1.72,-0.1717,521.33
6359,SHORT,2025-09-06T12:36:59.999Z,4294.99,2025-09-06T13:01:59.999Z,4301.12,1000.00,-1.43,-0.1427,519.91
6360,SHORT,2025-09-06T13:32:59.999Z,4292.32,2025-09-06T20:58:59.999Z,4274.93,1000.00,4.05,0.4051,523.96
6361,SHORT,2025-09-07T00:35:59.999Z,4273.42,2025-09-07T00:37:59.999Z,4278.50,1000.00,-1.19,-0.1189,522.77
6362,SHORT,2025-09-07T06:06:59.999Z,4293.49,2025-09-07T07:42:59.999Z,4299.74,1000.00,-1.46,-0.1456,521.31
6363,SHORT,2025-09-07T10:09:59.999Z,4298.29,2025-09-07T10:10:59.999Z,4301.07,1000.00,-0.65,-0.0647,520.67
6364,SHORT,2025-09-07T12:24:59.999Z,4298.08,2025-09-07T13:58:59.999Z,4305.88,1000.00,-1.81,-0.1815,518.85
6365,SHORT,2025-09-07T15:05:59.999Z,4297.32,2025-09-07T15:44:59.999Z,4305.08,1000.00,-1.81,-0.1806,517.05
6366,SHORT,2025-09-07T15:49:59.999Z,4300.49,2025-09-07T19:44:59.999Z,4295.88,1000.00,1.07,0.1072,518.12
6367,SHORT,2025-09-08T01:01:59.999Z,4293.94,2025-09-08T02:55:59.999Z,4301.26,1000.00,-1.70,-0.1705,516.41
6368,SHORT,2025-09-08T04:51:59.999Z,4298.66,2025-09-08T07:27:59.999Z,4305.67,1000.00,-1.63,-0.1631,514.78
6369,SHORT,2025-09-08T07:47:59.999Z,4292.24,2025-09-08T08:50:59.999Z,4302.75,1000.00,-2.45,-0.2449,512.33
6370,SHORT,2025-09-08T11:39:59.999Z,4301.35,2025-09-08T12:37:59.999Z,4319.19,1000.00,-4.15,-0.4148,508.19
6371,SHORT,2025-09-08T16:57:59.999Z,4343.45,2025-09-08T21:51:59.999Z,4317.33,1000.00,6.01,0.6014,514.20
6372,SHORT,2025-09-08T23:32:59.999Z,4299.20,2025-09-09T03:32:59.999Z,4299.21,1000.00,-0.00,-0.0002,514.20
6373,SHORT,2025-09-09T10:37:59.999Z,4348.58,2025-09-09T10:41:59.999Z,4359.01,1000.00,-2.40,-0.2398,511.80
6374,SHORT,2025-09-09T10:52:59.999Z,4349.30,2025-09-09T12:20:59.999Z,4362.39,1000.00,-3.01,-0.3010,508.79
6375,SHORT,2025-09-09T12:59:59.999Z,4345.19,2025-09-09T19:31:59.999Z,4297.11,1000.00,11.07,1.1065,519.85
6376,SHORT,2025-09-09T20:13:59.999Z,4289.81,2025-09-09T20:56:59.999Z,4305.29,1000.00,-3.61,-0.3609,516.25
6377,SHORT,2025-09-10T00:29:59.999Z,4298.07,2025-09-10T02:02:59.999Z,4312.37,1000.00,-3.33,-0.3327,512.92
6378,SHORT,2025-09-10T05:00:59.999Z,4310.71,2025-09-10T05:43:59.999Z,4316.10,1000.00,-1.25,-0.1250,511.67
6379,SHORT,2025-09-10T05:54:59.999Z,4296.89,2025-09-10T06:50:59.999Z,4314.71,1000.00,-4.15,-0.4147,507.52
6380,SHORT,2025-09-10T16:21:59.999Z,4381.22,2025-09-10T21:38:59.999Z,4345.46,1000.00,8.16,0.8162,515.68
6381,SHORT,2025-09-11T00:21:59.999Z,4342.64,2025-09-11T00:30:59.999Z,4347.11,1000.00,-1.03,-0.1029,514.65
6382,SHORT,2025-09-11T00:34:59.999Z,4341.23,2025-09-11T00:43:59.999Z,4347.51,1000.00,-1.45,-0.1447,513.21
6383,SHORT,2025-09-11T09:21:59.999Z,4413.56,2025-09-11T10:57:59.999Z,4430.24,1000.00,-3.78,-0.3779,509.43
6384,SHORT,2025-09-11T12:44:59.999Z,4414.57,2025-09-11T12:49:59.999Z,4440.78,1000.00,-5.94,-0.5937,503.49
6385,SHORT,2025-09-11T13:01:59.999Z,4412.50,2025-09-11T14:49:59.999Z,4427.10,1000.00,-3.31,-0.3309,500.18
6386,SHORT,2025-09-11T15:39:59.999Z,4412.21,2025-09-11T17:10:59.999Z,4431.26,1000.00,-4.32,-0.4318,495.86
6387,SHORT,2025-09-11T18:31:59.999Z,4414.12,2025-09-11T19:46:59.999Z,4425.20,1000.00,-2.51,-0.2510,493.35
6388,SHORT,2025-09-11T20:14:59.999Z,4415.88,2025-09-11T21:47:59.999Z,4422.22,1000.00,-1.44,-0.1436,491.92
6389,SHORT,2025-09-12T08:03:59.999Z,4523.55,2025-09-12T11:24:59.999Z,4531.93,1000.00,-1.85,-0.1853,490.07
6390,SHORT,2025-09-12T12:07:59.999Z,4506.20,2025-09-12T12:56:59.999Z,4530.19,1000.00,-5.32,-0.5324,484.74
6391,SHORT,2025-09-12T13:37:59.999Z,4510.51,2025-09-12T13:57:59.999Z,4538.55,1000.00,-6.22,-0.6217,478.53
6392,SHORT,2025-09-13T05:45:59.999Z,4724.01,2025-09-13T08:40:59.999Z,4725.23,1000.00,-0.26,-0.0258,478.27
6393,SHORT,2025-09-13T10:46:59.999Z,4716.00,2025-09-13T12:41:59.999Z,4725.84,1000.00,-2.09,-0.2087,476.18
6394,SHORT,2025-09-13T13:10:59.999Z,4716.41,2025-09-13T13:25:59.999Z,4722.53,1000.00,-1.30,-0.1298,474.88
6395,SHORT,2025-09-13T13:34:59.999Z,4713.35,2025-09-13T20:09:59.999Z,4660.12,1000.00,11.29,1.1293,486.18
6396,SHORT,2025-09-14T01:21:59.999Z,4654.76,2025-09-14T01:50:59.999Z,4673.74,1000.00,-4.08,-0.4078,482.10
6397,SHORT,2025-09-14T03:58:59.999Z,4661.51,2025-09-14T05:24:59.999Z,4673.50,1000.00,-2.57,-0.2572,479.53
6398,SHORT,2025-09-14T06:40:59.999Z,4664.51,2025-09-14T09:25:59.999Z,4671.96,1000.00,-1.60,-0.1597,477.93
6399,SHORT,2025-09-14T10:35:59.999Z,4658.17,2025-09-14T17:27:59.999Z,4621.11,1000.00,7.96,0.7956,485.89
6400,SHORT,2025-09-14T19:00:59.999Z,4602.62,2025-09-14T19:20:59.999Z,4619.16,1000.00,-3.59,-0.3594,482.29
6401,SHORT,2025-09-14T23:24:59.999Z,4612.05,2025-09-15T01:53:59.999Z,4617.31,1000.00,-1.14,-0.1140,481.15
6402,SHORT,2025-09-15T06:52:59.999Z,4626.12,2025-09-15T19:06:59.999Z,4513.02,1000.00,24.45,2.4448,505.60
6403,SHORT,2025-09-15T19:23:59.999Z,4493.61,2025-09-15T20:20:59.999Z,4508.88,1000.00,-3.40,-0.3398,502.20
6404,SHORT,2025-09-16T00:35:59.999Z,4512.07,2025-09-16T01:08:59.999Z,4521.56,1000.00,-2.10,-0.2103,500.10
6405,SHORT,2025-09-16T02:57:59.999Z,4514.31,2025-09-16T03:37:59.999Z,4529.48,1000.00,-3.36,-0.3360,496.74
6406,SHORT,2025-09-16T04:11:59.999Z,4511.46,2025-09-16T05:14:59.999Z,4528.40,1000.00,-3.75,-0.3755,492.98
6407,SHORT,2025-09-16T06:35:59.999Z,4499.11,2025-09-16T08:13:59.999Z,4526.61,1000.00,-6.11,-0.6112,486.87
6408,SHORT,2025-09-16T08:34:59.999Z,4503.71,2025-09-16T13:31:59.999Z,4509.52,1000.00,-1.29,-0.1290,485.58
6409,SHORT,2025-09-16T13:37:59.999Z,4487.98,2025-09-16T17:02:59.999Z,4475.93,1000.00,2.68,0.2685,488.27
6410,SHORT,2025-09-17T00:08:59.999Z,4499.00,2025-09-17T00:24:59.999Z,4513.05,1000.00,-3.12,-0.3123,485.14
6411,SHORT,2025-09-17T03:50:59.999Z,4502.28,2025-09-17T06:07:59.999Z,4509.56,1000.00,-1.62,-0.1617,483.53
6412,SHORT,2025-09-17T08:34:59.999Z,4503.71,2025-09-17T12:36:59.999Z,4505.46,1000.00,-0.39,-0.0389,483.14
6413,SHORT,2025-09-17T13:45:59.999Z,4486.33,2025-09-17T13:51:59.999Z,4501.63,1000.00,-3.41,-0.3410,479.73
6414,SHORT,2025-09-17T14:01:59.999Z,4493.58,2025-09-17T14:06:59.999Z,4500.42,1000.00,-1.52,-0.1522,478.20
6415,SHORT,2025-09-17T14:11:59.999Z,4494.33,2025-09-17T17:42:59.999Z,4528.64,1000.00,-7.63,-0.7634,470.57
6416,SHORT,2025-09-17T18:15:59.999Z,4455.01,2025-09-17T19:29:59.999Z,4507.68,1000.00,-11.82,-1.1823,458.75
6417,SHORT,2025-09-18T04:40:59.999Z,4602.48,2025-09-18T08:32:59.999Z,4591.73,1000.00,2.34,0.2336,461.08
6418,SHORT,2025-09-18T10:25:59.999Z,4577.40,2025-09-18T13:34:59.999Z,4594.41,1000.00,-3.72,-0.3716,457.37
6419,SHORT,2025-09-18T19:25:59.999Z,4599.52,2025-09-19T00:27:59.999Z,4599.34,1000.00,0.04,0.0039,457.41
6420,SHORT,2025-09-19T02:30:59.999Z,4592.98,2025-09-19T08:25:59.999Z,4545.03,1000.00,10.44,1.0440,467.85
6421,SHORT,2025-09-19T08:30:59.999Z,4540.80,2025-09-19T13:26:59.999Z,4531.50,1000.00,2.05,0.2048,469.89
6422,SHORT,2025-09-19T13:35:59.999Z,4518.15,2025-09-19T13:42:59.999Z,4526.40,1000.00,-1.83,-0.1826,468.07
6423,SHORT,2025-09-19T13:43:59.999Z,4518.93,2025-09-19T13:47:59.999Z,4526.67,1000.00,-1.71,-0.1713,466.36
6424,SHORT,2025-09-19T14:51:59.999Z,4501.18,2025-09-19T21:34:59.999Z,4467.81,1000.00,7.41,0.7414,473.77
6425,SHORT,2025-09-19T23:21:59.999Z,4456.35,2025-09-20T00:07:59.999Z,4469.60,1000.00,-2.97,-0.2973,470.80
6426,SHORT,2025-09-20T02:08:59.999Z,4462.35,2025-09-20T04:13:59.999Z,4468.15,1000.00,-1.30,-0.1300,469.50
6427,SHORT,2025-09-20T08:58:59.999Z,4466.07,2025-09-20T13:47:59.999Z,4470.80,1000.00,-1.06,-0.1059,468.44
6428,SHORT,2025-09-20T14:08:59.999Z,4465.01,2025-09-20T14:37:59.999Z,4472.89,1000.00,-1.76,-0.1765,466.67
6429,SHORT,2025-09-20T17:33:59.999Z,4484.24,2025-09-20T20:34:59.999Z,4484.43,1000.00,-0.04,-0.0042,466.63
6430,SHORT,2025-09-20T23:26:59.999Z,4485.05,2025-09-21T01:27:59.999Z,4485.75,1000.00,-0.16,-0.0156,466.47
6431,SHORT,2025-09-21T01:38:59.999Z,4483.40,2025-09-21T06:05:59.999Z,4479.81,1000.00,0.80,0.0801,467.27
6432,SHORT,2025-09-21T08:10:59.999Z,4473.83,2025-09-21T12:25:59.999Z,4467.99,1000.00,1.31,0.1305,468.58
6433,SHORT,2025-09-21T16:48:59.999Z,4468.26,2025-09-21T17:56:59.999Z,4489.10,1000.00,-4.66,-0.4664,463.92
6434,SHORT,2025-09-21T20:50:59.999Z,4479.47,2025-09-22T12:51:59.999Z,4198.98,1000.00,62.62,6.2617,526.53
6435,SHORT,2025-09-22T15:10:59.999Z,4183.71,2025-09-22T20:44:59.999Z,4176.02,1000.00,1.84,0.1838,528.37
6436,SHORT,2025-09-23T01:09:59.999Z,4182.47,2025-09-23T03:48:59.999Z,4191.42,1000.00,-2.14,-0.2140,526.23
6437,SHORT,2025-09-23T04:33:59.999Z,4157.49,2025-09-23T05:01:59.999Z,4179.00,1000.00,-5.17,-0.5174,521.06
6438,SHORT,2025-09-23T05:07:59.999Z,4166.81,2025-09-23T05:14:59.999Z,4182.13,1000.00,-3.68,-0.3677,517.38
6439,SHORT,2025-09-23T09:49:59.999Z,4188.67,2025-09-23T12:50:59.999Z,4198.56,1000.00,-2.36,-0.2361,515.02
6440,SHORT,2025-09-23T13:06:59.999Z,4192.33,2025-09-23T13:07:59.999Z,4195.08,1000.00,-0.66,-0.0656,514.36
6441,SHORT,2025-09-23T13:20:59.999Z,4188.25,2025-09-23T13:28:59.999Z,4196.22,1000.00,-1.90,-0.1903,512.46
6442,SHORT,2025-09-23T13:45:59.999Z,4183.12,2025-09-23T21:04:59.999Z,4169.95,1000.00,3.15,0.3148,515.61
6443,SHORT,2025-09-23T23:34:59.999Z,4169.59,2025-09-23T23:38:59.999Z,4176.81,1000.00,-1.73,-0.1732,513.88
6444,SHORT,2025-09-23T23:42:59.999Z,4170.71,2025-09-24T00:24:59.999Z,4188.86,1000.00,-4.35,-0.4352,509.53
6445,SHORT,2025-09-24T02:23:59.999Z,4168.79,2025-09-24T05:37:59.999Z,4160.85,1000.00,1.90,0.1905,511.43
6446,SHORT,2025-09-24T10:50:59.999Z,4171.55,2025-09-24T11:01:59.999Z,4176.32,1000.00,-1.14,-0.1143,510.29
6447,SHORT,2025-09-24T13:19:59.999Z,4175.76,2025-09-24T14:49:59.999Z,4194.11,1000.00,-4.39,-0.4394,505.89
6448,SHORT,2025-09-24T16:03:59.999Z,4164.61,2025-09-24T17:32:59.999Z,4189.07,1000.00,-5.87,-0.5873,500.02
6449,SHORT,2025-09-24T18:20:59.999Z,4171.17,2025-09-24T21:30:59.999Z,4171.46,1000.00,-0.07,-0.0070,499.95
6450,SHORT,2025-09-24T21:40:59.999Z,4163.29,2025-09-25T08:28:59.999Z,4032.08,1000.00,31.52,3.1516,531.47
6451,SHORT,2025-09-25T08:45:59.999Z,4010.62,2025-09-25T09:15:59.999Z,4034.67,1000.00,-6.00,-0.5997,525.47
6452,SHORT,2025-09-25T10:51:59.999Z,4013.31,2025-09-25T14:27:59.999Z,4017.85,1000.00,-1.13,-0.1131,524.34
6453,SHORT,2025-09-25T15:31:59.999Z,3991.23,2025-09-25T15:36:59.999Z,4003.58,1000.00,-3.09,-0.3094,521.24
6454,SHORT,2025-09-25T16:16:59.999Z,3992.19,2025-09-25T19:25:59.999Z,3944.84,1000.00,11.86,1.1861,533.10
6455,SHORT,2025-09-25T20:07:59.999Z,3901.14,2025-09-25T22:14:59.999Z,3929.20,1000.00,-7.19,-0.7193,525.91
6456,SHORT,2025-09-25T22:46:59.999Z,3889.09,2025-09-26T00:57:59.999Z,3932.02,1000.00,-11.04,-1.1039,514.87
6457,SHORT,2025-09-26T05:48:59.999Z,3933.86,2025-09-26T08:44:59.999Z,3939.52,1000.00,-1.44,-0.1439,513.43
6458,SHORT,2025-09-26T09:05:59.999Z,3930.00,2025-09-26T09:06:59.999Z,3936.36,1000.00,-1.62,-0.1618,511.82
6459,SHORT,2025-09-26T09:19:59.999Z,3930.34,2025-09-26T12:37:59.999Z,3944.29,1000.00,-3.55,-0.3549,508.27
6460,SHORT,2025-09-26T20:44:59.999Z,4009.67,2025-09-26T21:59:59.999Z,4023.34,1000.00,-3.41,-0.3409,504.86
6461,SHORT,2025-09-27T00:51:59.999Z,4020.79,2025-09-27T00:52:59.999Z,4024.78,1000.00,-0.99,-0.0992,503.86
6462,SHORT,2025-09-27T01:13:59.999Z,4020.16,2025-09-27T03:39:59.999Z,4024.68,1000.00,-1.12,-0.1124,502.74
6463,SHORT,2025-09-27T05:13:59.999Z,4012.94,2025-09-27T07:06:59.999Z,4022.00,1000.00,-2.26,-0.2258,500.48
6464,SHORT,2025-09-27T07:25:59.999Z,4014.59,2025-09-27T10:42:59.999Z,4009.02,1000.00,1.39,0.1387,501.87
6465,SHORT,2025-09-27T12:13:59.999Z,3995.39,2025-09-27T12:45:59.999Z,4012.66,1000.00,-4.32,-0.4322,497.55
6466,SHORT,2025-09-27T15:09:59.999Z,4003.95,2025-09-27T15:48:59.999Z,4018.29,1000.00,-3.58,-0.3581,493.97
6467,SHORT,2025-09-27T16:31:59.999Z,4009.19,2025-09-27T20:03:59.999Z,4001.65,1000.00,1.88,0.1881,495.85
6468,SHORT,2025-09-28T01:09:59.999Z,4007.66,2025-09-28T05:17:59.999Z,4007.23,1000.00,0.11,0.0107,495.95
6469,SHORT,2025-09-28T06:42:59.999Z,4001.58,2025-09-28T07:21:59.999Z,4010.29,1000.00,-2.18,-0.2177,493.78
6470,SHORT,2025-09-28T08:36:59.999Z,4003.00,2025-09-28T13:35:59.999Z,4003.22,1000.00,-0.05,-0.0055,493.72
6471,SHORT,2025-09-29T02:21:59.999Z,4115.08,2025-09-29T02:23:59.999Z,4121.94,1000.00,-1.67,-0.1667,492.06
6472,SHORT,2025-09-29T02:41:59.999Z,4111.72,2025-09-29T04:08:59.999Z,4120.40,1000.00,-2.11,-0.2111,489.94
6473,SHORT,2025-09-29T05:11:59.999Z,4109.95,2025-09-29T08:05:59.999Z,4113.26,1000.00,-0.81,-0.0805,489.14
6474,SHORT,2025-09-29T11:05:59.999Z,4111.86,2025-09-29T13:44:59.999Z,4147.76,1000.00,-8.73,-0.8731,480.41
6475,SHORT,2025-09-29T16:52:59.999Z,4148.81,2025-09-29T18:49:59.999Z,4161.94,1000.00,-3.16,-0.3165,477.24
6476,SHORT,2025-09-30T00:21:59.999Z,4200.31,2025-09-30T00:50:59.999Z,4233.94,1000.00,-8.01,-0.8007,469.24
6477,SHORT,2025-09-30T00:56:59.999Z,4210.09,2025-09-30T01:24:59.999Z,4224.95,1000.00,-3.53,-0.3530,465.71
6478,SHORT,2025-09-30T01:34:59.999Z,4205.63,2025-09-30T06:46:59.999Z,4195.99,1000.00,2.29,0.2292,468.00
6479,SHORT,2025-09-30T07:35:59.999Z,4181.20,2025-09-30T11:52:59.999Z,4165.56,1000.00,3.74,0.3741,471.74
6480,SHORT,2025-09-30T13:07:59.999Z,4149.80,2025-09-30T19:10:59.999Z,4120.00,1000.00,7.18,0.7181,478.92
6481,SHORT,2025-09-30T22:40:59.999Z,4139.44,2025-10-01T01:21:59.999Z,4146.22,1000.00,-1.64,-0.1638,477.28
6482,SHORT,2025-10-01T03:19:59.999Z,4147.83,2025-10-01T05:36:59.999Z,4152.19,1000.00,-1.05,-0.1051,476.23
6483,SHORT,2025-10-01T06:02:59.999Z,4142.68,2025-10-01T08:01:59.999Z,4146.14,1000.00,-0.84,-0.0835,475.40
6484,SHORT,2025-10-01T17:39:59.999Z,4305.23,2025-10-01T19:23:59.999Z,4325.72,1000.00,-4.76,-0.4759,470.64
6485,SHORT,2025-10-01T21:33:59.999Z,4307.44,2025-10-01T23:20:59.999Z,4330.28,1000.00,-5.30,-0.5302,465.34
6486,SHORT,2025-10-02T04:44:59.999Z,4369.38,2025-10-02T05:28:59.999Z,4391.06,1000.00,-4.96,-0.4962,460.37
6487,SHORT,2025-10-02T07:58:59.999Z,4374.34,2025-10-02T08:49:59.999Z,4390.86,1000.00,-3.78,-0.3777,456.60
6488,SHORT,2025-10-02T09:04:59.999Z,4382.15,2025-10-02T09:18:59.999Z,4390.39,1000.00,-1.88,-0.1880,454.72
6489,SHORT,2025-10-02T10:22:59.999Z,4384.71,2025-10-02T11:47:59.999Z,4389.89,1000.00,-1.18,-0.1181,453.54
6490,SHORT,2025-10-02T14:55:59.999Z,4379.28,2025-10-02T15:32:59.999Z,4406.03,1000.00,-6.11,-0.6108,447.43
6491,SHORT,2025-10-02T21:55:59.999Z,4474.54,2025-10-02T23:59:59.999Z,4484.35,1000.00,-2.19,-0.2192,445.23
6492,SHORT,2025-10-03T00:11:59.999Z,4468.91,2025-10-03T02:05:59.999Z,4476.91,1000.00,-1.79,-0.1790,443.44
6493,SHORT,2025-10-03T04:46:59.999Z,4494.85,2025-10-03T09:33:59.999Z,4471.28,1000.00,5.24,0.5244,448.69
6494,SHORT,2025-10-03T13:08:59.999Z,4457.57,2025-10-03T13:28:59.999Z,4492.73,1000.00,-7.89,-0.7888,440.80
6495,SHORT,2025-10-03T14:00:59.999Z,4464.61,2025-10-03T14:59:59.999Z,4482.84,1000.00,-4.08,-0.4083,436.72
6496,SHORT,2025-10-03T15:04:59.999Z,4466.28,2025-10-03T15:21:59.999Z,4487.99,1000.00,-4.86,-0.4861,431.86
6497,SHORT,2025-10-03T17:47:59.999Z,4491.47,2025-10-03T19:08:59.999Z,4506.27,1000.00,-3.30,-0.3295,428.56
6498,SHORT,2025-10-03T23:24:59.999Z,4518.98,2025-10-04T04:47:59.999Z,4499.46,1000.00,4.32,0.4320,432.88
6499,SHORT,2025-10-04T07:57:59.999Z,4498.59,2025-10-04T10:29:59.999Z,4502.24,1000.00,-0.81,-0.0811,432.07
6500,SHORT,2025-10-04T10:40:59.999Z,4490.70,2025-10-04T13:12:59.999Z,4502.42,1000.00,-2.61,-0.2610,429.46
6501,SHORT,2025-10-04T14:56:59.999Z,4477.40,2025-10-04T19:43:59.999Z,4466.51,1000.00,2.43,0.2432,431.89
6502,SHORT,2025-10-05T00:51:59.999Z,4472.06,2025-10-05T01:54:59.999Z,4487.09,1000.00,-3.36,-0.3361,428.53
6503,SHORT,2025-10-05T02:23:59.999Z,4480.00,2025-10-05T02:28:59.999Z,4488.22,1000.00,-1.83,-0.1835,426.70
6504,SHORT,2025-10-05T09:38:59.999Z,4556.00,2025-10-05T14:28:59.999Z,4548.02,1000.00,1.75,0.1752,428.45
6505,SHORT,2025-10-05T14:35:59.999Z,4537.55,2025-10-05T22:05:59.999Z,4516.87,1000.00,4.56,0.4558,433.01
6506,SHORT,2025-10-06T00:54:59.999Z,4493.45,2025-10-06T01:30:59.999Z,4534.07,1000.00,-9.04,-0.9040,423.97
6507,SHORT,2025-10-06T05:07:59.999Z,4518.31,2025-10-06T06:06:59.999Z,4544.55,1000.00,-5.81,-0.5807,418.16
6508,SHORT,2025-10-06T21:00:59.999Z,4691.94,2025-10-06T22:19:59.999Z,4698.76,1000.00,-1.45,-0.1454,416.70
6509,SHORT,2025-10-06T22:37:59.999Z,4689.90,2025-10-06T22:56:59.999Z,4696.35,1000.00,-1.38,-0.1375,415.33
6510,SHORT,2025-10-06T23:58:59.999Z,4685.13,2025-10-07T03:12:59.999Z,4694.25,1000.00,-1.95,-0.1947,413.38
6511,SHORT,2025-10-07T06:30:59.999Z,4677.35,2025-10-07T09:48:59.999Z,4678.66,1000.00,-0.28,-0.0280,413.10
6512,SHORT,2025-10-07T14:07:59.999Z,4680.97,2025-10-07T20:25:59.999Z,4507.67,1000.00,37.02,3.7022,450.12
6513,SHORT,2025-10-07T21:54:59.999Z,4486.44,2025-10-08T01:36:59.999Z,4477.69,1000.00,1.95,0.1950,452.07
6514,SHORT,2025-10-08T03:08:59.999Z,4466.02,2025-10-08T07:02:59.999Z,4452.79,1000.00,2.96,0.2962,455.04
6515,SHORT,2025-10-08T12:31:59.999Z,4473.95,2025-10-08T14:07:59.999Z,4509.36,1000.00,-7.91,-0.7915,447.12
6516,SHORT,2025-10-08T14:44:59.999Z,4466.07,2025-10-08T16:55:59.999Z,4488.39,1000.00,-5.00,-0.4998,442.12
6517,SHORT,2025-10-08T20:59:59.999Z,4503.66,2025-10-08T21:23:59.999Z,4522.27,1000.00,-4.13,-0.4132,437.99
6518,SHORT,2025-10-09T00:34:59.999Z,4514.11,2025-10-09T11:38:59.999Z,4379.50,1000.00,29.82,2.9820,467.81
6519,SHORT,2025-10-09T13:57:59.999Z,4360.66,2025-10-09T18:16:59.999Z,4338.04,1000.00,5.19,0.5187,473.00
6520,SHORT,2025-10-09T18:42:59.999Z,4308.19,2025-10-09T19:25:59.999Z,4330.78,1000.00,-5.24,-0.5244,467.76
6521,SHORT,2025-10-10T02:37:59.999Z,4366.32,2025-10-10T03:38:59.999Z,4385.02,1000.00,-4.28,-0.4283,463.47
6522,SHORT,2025-10-10T03:59:59.999Z,4347.13,2025-10-10T05:59:59.999Z,4368.34,1000.00,-4.88,-0.4879,458.59
6523,SHORT,2025-10-10T06:38:59.999Z,4342.13,2025-10-10T09:27:59.999Z,4347.92,1000.00,-1.33,-0.1333,457.26
6524,SHORT,2025-10-10T09:54:59.999Z,4325.80,2025-10-10T11:02:59.999Z,4344.72,1000.00,-4.37,-0.4374,452.89
6525,SHORT,2025-10-10T14:28:59.999Z,4325.85,2025-10-11T02:57:59.999Z,3844.94,1000.00,111.17,11.1171,564.06
6526,SHORT,2025-10-11T03:12:59.999Z,3785.87,2025-10-11T05:04:59.999Z,3816.15,1000.00,-8.00,-0.7998,556.06
6527,SHORT,2025-10-11T05:24:59.999Z,3789.75,2025-10-11T08:32:59.999Z,3793.58,1000.00,-1.01,-0.1011,555.05
6528,SHORT,2025-10-11T13:03:59.999Z,3817.67,2025-10-11T14:04:59.999Z,3834.00,1000.00,-4.28,-0.4277,550.77
6529,SHORT,2025-10-11T14:20:59.999Z,3819.31,2025-10-11T15:12:59.999Z,3837.61,1000.00,-4.79,-0.4791,545.98
6530,SHORT,2025-10-11T16:50:59.999Z,3820.68,2025-10-11T17:11:59.999Z,3833.46,1000.00,-3.34,-0.3345,542.64
6531,SHORT,2025-10-11T17:47:59.999Z,3814.20,2025-10-11T22:43:59.999Z,3746.69,1000.00,17.70,1.7700,560.34
6532,SHORT,2025-10-12T00:14:59.999Z,3732.99,2025-10-12T03:06:59.999Z,3749.95,1000.00,-4.54,-0.4543,555.79
6533,SHORT,2025-10-12T10:54:59.999Z,3822.74,2025-10-12T11:15:59.999Z,3829.14,1000.00,-1.67,-0.1674,554.12
6534,SHORT,2025-10-12T11:16:59.999Z,3822.61,2025-10-12T12:13:59.999Z,3838.66,1000.00,-4.20,-0.4199,549.92
6535,SHORT,2025-10-12T13:22:59.999Z,3811.67,2025-10-12T14:31:59.999Z,3836.91,1000.00,-6.62,-0.6622,543.30
6536,SHORT,2025-10-12T23:21:59.999Z,4119.56,2025-10-12T23:24:59.999Z,4137.49,1000.00,-4.35,-0.4352,538.94
6537,SHORT,2025-10-13T03:39:59.999Z,4141.78,2025-10-13T06:25:59.999Z,4150.00,1000.00,-1.98,-0.1985,536.96
6538,SHORT,2025-10-13T09:20:59.999Z,4153.31,2025-10-13T13:38:59.999Z,4131.92,1000.00,5.15,0.5150,542.11
6539,SHORT,2025-10-13T14:43:59.999Z,4112.70,2025-10-13T15:46:59.999Z,4132.94,1000.00,-4.92,-0.4921,537.19
6540,SHORT,2025-10-13T23:39:59.999Z,4248.07,2025-10-14T14:17:59.999Z,4003.23,1000.00,57.64,5.7636,594.82
6541,SHORT,2025-10-14T20:16:59.999Z,4093.75,2025-10-14T20:19:59.999Z,4106.05,1000.00,-3.00,-0.3005,591.82
6542,SHORT,2025-10-15T00:24:59.999Z,4102.20,2025-10-15T02:18:59.999Z,4124.70,1000.00,-5.48,-0.5485,586.34
6543,SHORT,2025-10-15T03:15:59.999Z,4100.54,2025-10-15T04:56:59.999Z,4115.70,1000.00,-3.70,-0.3697,582.64
6544,SHORT,2025-10-15T06:16:59.999Z,4093.44,2025-10-15T06:59:59.999Z,4118.52,1000.00,-6.13,-0.6127,576.51
6545,SHORT,2025-10-15T10:31:59.999Z,4122.06,2025-10-15T18:57:59.999Z,4009.65,1000.00,27.27,2.7270,603.78
6546,SHORT,2025-10-15T19:53:59.999Z,3980.32,2025-10-15T23:24:59.999Z,3980.99,1000.00,-0.17,-0.0168,603.61
6547,SHORT,2025-10-16T04:57:59.999Z,4004.60,2025-10-16T06:36:59.999Z,4019.55,1000.00,-3.73,-0.3733,599.88
6548,SHORT,2025-10-16T07:43:59.999Z,4008.42,2025-10-16T09:58:59.999Z,4031.50,1000.00,-5.76,-0.5758,594.12
6549,SHORT,2025-10-16T13:55:59.999Z,4023.74,2025-10-16T23:17:59.999Z,3887.08,1000.00,33.96,3.3963,628.09
6550,SHORT,2025-10-17T05:02:59.999Z,3913.70,2025-10-17T11:23:59.999Z,3794.20,1000.00,30.53,3.0534,658.62
6551,SHORT,2025-10-17T14:28:59.999Z,3759.27,2025-10-17T15:51:59.999Z,3785.74,1000.00,-7.04,-0.7041,651.58
6552,SHORT,2025-10-17T23:09:59.999Z,3844.88,2025-10-18T01:21:59.999Z,3856.64,1000.00,-3.06,-0.3059,648.52
6553,SHORT,2025-10-18T04:23:59.999Z,3851.59,2025-10-18T05:47:59.999Z,3867.98,1000.00,-4.26,-0.4255,644.26
6554,SHORT,2025-10-18T09:13:59.999Z,3873.55,2025-10-18T10:48:59.999Z,3883.00,1000.00,-2.44,-0.2440,641.82
6555,SHORT,2025-10-18T10:57:59.999Z,3871.99,2025-10-18T12:10:59.999Z,3884.99,1000.00,-3.36,-0.3357,638.47
6556,SHORT,2025-10-18T13:08:59.999Z,3870.19,2025-10-18T15:04:59.999Z,3878.02,1000.00,-2.02,-0.2023,636.44
6557,SHORT,2025-10-18T15:38:59.999Z,3865.43,2025-10-18T15:45:59.999Z,3875.66,1000.00,-2.65,-0.2647,633.80
6558,SHORT,2025-10-18T16:28:59.999Z,3867.47,2025-10-18T17:28:59.999Z,3885.99,1000.00,-4.79,-0.4789,629.01
6559,SHORT,2025-10-18T21:11:59.999Z,3875.15,2025-10-18T21:48:59.999Z,3891.79,1000.00,-4.29,-0.4294,624.71
6560,SHORT,2025-10-18T23:02:59.999Z,3884.78,2025-10-19T00:00:59.999Z,3889.87,1000.00,-1.31,-0.1310,623.40
6561,SHORT,2025-10-19T00:08:59.999Z,3884.53,2025-10-19T00:09:59.999Z,3888.81,1000.00,-1.10,-0.1102,622.30
6562,SHORT,2025-10-19T00:10:59.999Z,3886.89,2025-10-19T03:24:59.999Z,3883.65,1000.00,0.83,0.0834,623.14
6563,SHORT,2025-10-19T06:26:59.999Z,3889.12,2025-10-19T08:19:59.999Z,3929.46,1000.00,-10.37,-1.0373,612.76
6564,SHORT,2025-10-19T08:25:59.999Z,3843.78,2025-10-19T09:51:59.999Z,3921.87,1000.00,-20.32,-2.0316,592.45
6565,SHORT,2025-10-19T19:49:59.999Z,3983.63,2025-10-19T20:55:59.999Z,3999.96,1000.00,-4.10,-0.4099,588.35
6566,SHORT,2025-10-19T23:39:59.999Z,3984.34,2025-10-20T03:19:59.999Z,3965.72,1000.00,4.67,0.4673,593.02
6567,SHORT,2025-10-20T08:21:59.999Z,4038.83,2025-10-20T14:53:59.999Z,4039.50,1000.00,-0.17,-0.0166,592.86
6568,SHORT,2025-10-20T15:22:59.999Z,4017.76,2025-10-20T19:35:59.999Z,3979.68,1000.00,9.48,0.9478,602.33
6569,SHORT,2025-10-20T22:01:59.999Z,3972.50,2025-10-20T22:18:59.999Z,3984.53,1000.00,-3.03,-0.3028,599.31
6570,SHORT,2025-10-20T23:50:59.999Z,3978.90,2025-10-21T07:27:59.999Z,3890.63,1000.00,22.18,2.2185,621.49
6571,SHORT,2025-10-21T08:24:59.999Z,3878.73,2025-10-21T10:52:59.999Z,3894.99,1000.00,-4.19,-0.4192,617.30
6572,SHORT,2025-10-21T13:27:59.999Z,3881.12,2025-10-21T14:14:59.999Z,3926.89,1000.00,-11.79,-1.1793,605.50
6573,SHORT,2025-10-21T18:08:59.999Z,4011.15,2025-10-21T19:21:59.999Z,4018.74,1000.00,-1.89,-0.1892,603.61
6574,SHORT,2025-10-21T19:23:59.999Z,4003.72,2025-10-22T04:35:59.999Z,3873.81,1000.00,32.45,3.2447,636.06
6575,SHORT,2025-10-22T05:27:59.999Z,3844.93,2025-10-22T08:01:59.999Z,3865.06,1000.00,-5.24,-0.5235,630.82
6576,SHORT,2025-10-22T08:20:59.999Z,3854.15,2025-10-22T12:31:59.999Z,3843.55,1000.00,2.75,0.2750,633.57
6577,SHORT,2025-10-22T14:24:59.999Z,3809.69,2025-10-22T16:02:59.999Z,3841.25,1000.00,-8.28,-0.8284,625.29
6578,SHORT,2025-10-22T17:24:59.999Z,3825.53,2025-10-22T23:26:59.999Z,3802.98,1000.00,5.89,0.5895,631.19
6579,SHORT,2025-10-23T11:06:59.999Z,3875.40,2025-10-23T15:20:59.999Z,3850.94,1000.00,6.31,0.6312,637.50
6580,SHORT,2025-10-23T15:21:59.999Z,3847.92,2025-10-23T15:22:59.999Z,3851.88,1000.00,-1.03,-0.1029,636.47
6581,SHORT,2025-10-23T18:49:59.999Z,3864.64,2025-10-23T23:03:59.999Z,3849.10,1000.00,4.02,0.4021,640.49
6582,SHORT,2025-10-24T08:01:59.999Z,3946.69,2025-10-24T09:12:59.999Z,3963.97,1000.00,-4.38,-0.4378,636.11
6583,SHORT,2025-10-24T10:35:59.999Z,3953.88,2025-10-24T10:55:59.999Z,3958.66,1000.00,-1.21,-0.1209,634.90
6584,SHORT,2025-10-24T11:33:59.999Z,3936.37,2025-10-24T12:31:59.999Z,3997.44,1000.00,-15.51,-1.5514,619.39
6585,SHORT,2025-10-24T13:47:59.999Z,3934.36,2025-10-24T18:25:59.999Z,3911.67,1000.00,5.77,0.5767,625.15
6586,SHORT,2025-10-24T23:18:59.999Z,3927.05,2025-10-24T23:36:59.999Z,3934.41,1000.00,-1.87,-0.1874,623.28
6587,SHORT,2025-10-24T23:41:59.999Z,3930.78,2025-10-25T00:01:59.999Z,3935.62,1000.00,-1.23,-0.1231,622.05
6588,SHORT,2025-10-25T00:06:59.999Z,3928.57,2025-10-25T01:59:59.999Z,3933.20,1000.00,-1.18,-0.1179,620.87
6589,SHORT,2025-10-25T03:50:59.999Z,3924.49,2025-10-25T05:58:59.999Z,3930.54,1000.00,-1.54,-0.1542,619.33
6590,SHORT,2025-10-25T13:28:59.999Z,3939.72,2025-10-25T14:26:59.999Z,3947.30,1000.00,-1.92,-0.1924,617.40
6591,SHORT,2025-10-25T14:27:59.999Z,3939.30,2025-10-25T18:21:59.999Z,3939.16,1000.00,0.04,0.0036,617.44
6592,SHORT,2025-10-25T21:16:59.999Z,3945.15,2025-10-25T22:21:59.999Z,3954.30,1000.00,-2.32,-0.2319,615.12
6593,SHORT,2025-10-26T00:08:59.999Z,3946.50,2025-10-26T00:35:59.999Z,3959.64,1000.00,-3.33,-0.3330,611.79
6594,SHORT,2025-10-26T01:05:59.999Z,3951.62,2025-10-26T01:17:59.999Z,3954.36,1000.00,-0.69,-0.0693,611.10
6595,SHORT,2025-10-26T01:18:59.999Z,3952.10,2025-10-26T05:00:59.999Z,3938.00,1000.00,3.57,0.3568,614.67
6596,SHORT,2025-10-26T16:23:59.999Z,4052.90,2025-10-26T17:35:59.999Z,4066.10,1000.00,-3.26,-0.3257,611.41
6597,SHORT,2025-10-26T20:06:59.999Z,4063.68,2025-10-26T20:47:59.999Z,4069.99,1000.00,-1.55,-0.1553,609.86
6598,SHORT,2025-10-26T20:59:59.999Z,4062.09,2025-10-26T21:14:59.999Z,4070.82,1000.00,-2.15,-0.2149,607.71
6599,SHORT,2025-10-27T07:40:59.999Z,4197.13,2025-10-27T13:58:59.999Z,4178.06,1000.00,4.54,0.4544,612.25
6600,SHORT,2025-10-27T14:11:59.999Z,4145.96,2025-10-27T15:21:59.999Z,4165.32,1000.00,-4.67,-0.4670,607.58
6601,SHORT,2025-10-27T19:54:59.999Z,4202.02,2025-10-28T01:42:59.999Z,4136.26,1000.00,15.65,1.5650,623.23
6602,SHORT,2025-10-28T02:26:59.999Z,4112.58,2025-10-28T06:55:59.999Z,4109.89,1000.00,0.65,0.0654,623.88
6603,SHORT,2025-10-28T10:42:59.999Z,4110.49,2025-10-28T10:52:59.999Z,4115.99,1000.00,-1.34,-0.1338,622.55
6604,SHORT,2025-10-28T10:53:59.999Z,4114.74,2025-10-28T10:54:59.999Z,4117.79,1000.00,-0.74,-0.0741,621.81
6605,SHORT,2025-10-28T11:06:59.999Z,4113.52,2025-10-28T11:17:59.999Z,4119.38,1000.00,-1.42,-0.1425,620.38
6606,SHORT,2025-10-28T12:02:59.999Z,4109.74,2025-10-28T12:57:59.999Z,4124.01,1000.00,-3.47,-0.3472,616.91
6607,SHORT,2025-10-28T14:52:59.999Z,4100.74,2025-10-28T16:55:59.999Z,4138.66,1000.00,-9.25,-0.9247,607.66
6608,SHORT,2025-10-28T18:45:59.999Z,4105.01,2025-10-29T02:27:59.999Z,3995.93,1000.00,26.57,2.6572,634.23
6609,SHORT,2025-10-29T08:21:59.999Z,4016.97,2025-10-29T11:38:59.999Z,4006.61,1000.00,2.58,0.2579,636.81
6610,SHORT,2025-10-29T13:48:59.999Z,3988.76,2025-10-29T17:41:59.999Z,4001.79,1000.00,-3.27,-0.3267,633.55
6611,SHORT,2025-10-29T18:39:59.999Z,3862.45,2025-10-29T21:23:59.999Z,3945.01,1000.00,-21.38,-2.1375,612.17
6612,SHORT,2025-10-29T23:01:59.999Z,3937.20,2025-10-30T01:49:59.999Z,3928.01,1000.00,2.33,0.2334,614.51
6613,SHORT,2025-10-30T04:08:59.999Z,3909.58,2025-10-30T06:07:59.999Z,3918.65,1000.00,-2.32,-0.2320,612.19
6614,SHORT,2025-10-30T09:15:59.999Z,3911.70,2025-10-30T21:02:59.999Z,3751.90,1000.00,40.85,4.0852,653.04
6615,SHORT,2025-10-31T06:20:59.999Z,3832.44,2025-10-31T08:51:59.999Z,3842.76,1000.00,-2.69,-0.2693,650.34
6616,SHORT,2025-10-31T11:06:59.999Z,3833.39,2025-10-31T11:50:59.999Z,3858.01,1000.00,-6.42,-0.6423,643.92
6617,SHORT,2025-10-31T13:07:59.999Z,3843.33,2025-10-31T13:19:59.999Z,3860.00,1000.00,-4.34,-0.4337,639.58
6618,SHORT,2025-10-31T13:42:59.999Z,3838.26,2025-10-31T14:00:59.999Z,3855.27,1000.00,-4.43,-0.4432,635.15
6619,SHORT,2025-10-31T16:22:59.999Z,3846.92,2025-10-31T16:28:59.999Z,3863.04,1000.00,-4.19,-0.4190,630.96
6620,SHORT,2025-10-31T16:45:59.999Z,3847.48,2025-10-31T18:53:59.999Z,3853.20,1000.00,-1.49,-0.1487,629.48
6621,SHORT,2025-10-31T21:18:59.999Z,3851.49,2025-11-01T03:00:59.999Z,3853.01,1000.00,-0.39,-0.0395,629.08
6622,SHORT,2025-11-01T06:13:59.999Z,3857.25,2025-11-01T07:14:59.999Z,3861.73,1000.00,-1.16,-0.1161,627.92
6623,SHORT,2025-11-01T13:38:59.999Z,3873.21,2025-11-01T15:07:59.999Z,3888.01,1000.00,-3.82,-0.3821,624.10
6624,SHORT,2025-11-01T17:24:59.999Z,3874.85,2025-11-01T20:00:59.999Z,3880.07,1000.00,-1.35,-0.1347,622.75
6625,SHORT,2025-11-01T21:47:59.999Z,3874.63,2025-11-02T02:12:59.999Z,3873.69,1000.00,0.24,0.0243,622.99
6626,SHORT,2025-11-02T09:02:59.999Z,3897.00,2025-11-02T09:08:59.999Z,3900.89,1000.00,-1.00,-0.0998,622.00
6627,SHORT,2025-11-02T09:34:59.999Z,3888.32,2025-11-02T11:44:59.999Z,3890.65,1000.00,-0.60,-0.0599,621.40
6628,SHORT,2025-11-02T12:48:59.999Z,3874.98,2025-11-02T18:32:59.999Z,3862.49,1000.00,3.22,0.3223,624.62
6629,SHORT,2025-11-02T19:26:59.999Z,3854.59,2025-11-02T21:04:59.999Z,3861.01,1000.00,-1.67,-0.1666,622.95
6630,SHORT,2025-11-02T21:16:59.999Z,3850.00,2025-11-02T21:43:59.999Z,3860.00,1000.00,-2.60,-0.2597,620.36
6631,SHORT,2025-11-02T22:37:59.999Z,3847.09,2025-11-02T23:08:59.999Z,3871.72,1000.00,-6.40,-0.6402,613.95
6632,SHORT,2025-11-03T01:08:59.999Z,3858.67,2025-11-03T12:11:59.999Z,3718.45,1000.00,36.34,3.6339,650.29
6633,SHORT,2025-11-03T13:09:59.999Z,3699.92,2025-11-03T13:45:59.999Z,3715.62,1000.00,-4.24,-0.4243,646.05
6634,SHORT,2025-11-03T15:18:59.999Z,3701.57,2025-11-03T17:51:59.999Z,3667.34,1000.00,9.25,0.9247,655.30
6635,SHORT,2025-11-03T18:48:59.999Z,3645.52,2025-11-04T00:13:59.999Z,3600.46,1000.00,12.36,1.2360,667.66
6636,SHORT,2025-11-04T00:20:59.999Z,3594.68,2025-11-04T00:40:59.999Z,3629.99,1000.00,-9.82,-0.9823,657.84
6637,SHORT,2025-11-04T04:53:59.999Z,3624.46,2025-11-04T11:19:59.999Z,3515.98,1000.00,29.93,2.9930,687.77
6638,SHORT,2025-11-04T14:17:59.999Z,3503.87,2025-11-04T14:49:59.999Z,3536.68,1000.00,-9.36,-0.9364,678.40
6639,SHORT,2025-11-04T16:11:59.999Z,3490.48,2025-11-04T22:34:59.999Z,3272.74,1000.00,62.38,6.2381,740.78
6640,SHORT,2025-11-05T00:48:59.999Z,3233.11,2025-11-05T02:14:59.999Z,3266.11,1000.00,-10.21,-1.0207,730.58
6641,SHORT,2025-11-05T08:16:59.999Z,3310.33,2025-11-05T11:50:59.999Z,3317.77,1000.00,-2.25,-0.2248,728.33
6642,SHORT,2025-11-05T21:19:59.999Z,3438.13,2025-11-06T02:49:59.999Z,3429.67,1000.00,2.46,0.2461,730.79
6643,SHORT,2025-11-06T05:30:59.999Z,3413.22,2025-11-06T10:36:59.999Z,3402.11,1000.00,3.25,0.3255,734.04
6644,SHORT,2025-11-06T12:25:59.999Z,3380.99,2025-11-06T13:48:59.999Z,3394.07,1000.00,-3.87,-0.3869,730.17
6645,SHORT,2025-11-06T14:12:59.999Z,3365.49,2025-11-06T18:05:59.999Z,3315.76,1000.00,14.78,1.4776,744.95
6646,SHORT,2025-11-06T18:06:59.999Z,3312.50,2025-11-06T18:37:59.999Z,3326.07,1000.00,-4.10,-0.4097,740.85
6647,SHORT,2025-11-06T20:28:59.999Z,3314.07,2025-11-06T21:52:59.999Z,3332.71,1000.00,-5.62,-0.5625,735.23
6648,SHORT,2025-11-06T22:37:59.999Z,3308.26,2025-11-07T00:09:59.999Z,3322.98,1000.00,-4.45,-0.4449,730.78
6649,SHORT,2025-11-07T00:24:59.999Z,3305.61,2025-11-07T00:38:59.999Z,3321.10,1000.00,-4.69,-0.4686,726.09
6650,SHORT,2025-11-07T01:36:59.999Z,3282.72,2025-11-07T02:14:59.999Z,3317.18,1000.00,-10.50,-1.0497,715.60
6651,SHORT,2025-11-07T02:29:59.999Z,3304.92,2025-11-07T02:34:59.999Z,3322.50,1000.00,-5.32,-0.5319,710.28
6652,SHORT,2025-11-07T07:37:59.999Z,3341.30,2025-11-07T07:54:59.999Z,3356.67,1000.00,-4.60,-0.4600,705.68
6653,SHORT,2025-11-07T08:35:59.999Z,3343.37,2025-11-07T14:55:59.999Z,3281.62,1000.00,18.47,1.8469,724.15
6654,SHORT,2025-11-07T23:28:59.999Z,3435.72,2025-11-08T02:13:59.999Z,3450.73,1000.00,-4.37,-0.4369,719.78
6655,SHORT,2025-11-08T05:27:59.999Z,3446.73,2025-11-08T08:08:59.999Z,3451.22,1000.00,-1.30,-0.1303,718.48
6656,SHORT,2025-11-08T10:03:59.999Z,3436.85,2025-11-08T11:21:59.999Z,3454.34,1000.00,-5.09,-0.5089,713.39
6657,SHORT,2025-11-08T11:34:59.999Z,3441.99,2025-11-08T17:48:59.999Z,3397.84,1000.00,12.83,1.2827,726.21
6658,SHORT,2025-11-08T19:29:59.999Z,3373.44,2025-11-08T20:33:59.999Z,3392.93,1000.00,-5.78,-0.5777,720.44
6659,SHORT,2025-11-09T00:13:59.999Z,3391.66,2025-11-09T02:00:59.999Z,3399.40,1000.00,-2.28,-0.2282,718.15
6660,SHORT,2025-11-09T02:15:59.999Z,3391.84,2025-11-09T02:19:59.999Z,3396.02,1000.00,-1.23,-0.1232,716.92
6661,SHORT,2025-11-09T02:31:59.999Z,3386.92,2025-11-09T05:17:59.999Z,3398.37,1000.00,-3.38,-0.3381,713.54
6662,SHORT,2025-11-09T10:01:59.999Z,3391.53,2025-11-09T11:16:59.999Z,3423.53,1000.00,-9.44,-0.9435,704.11
6663,SHORT,2025-11-10T00:06:59.999Z,3562.91,2025-11-10T00:16:59.999Z,3581.18,1000.00,-5.13,-0.5128,698.98
6664,SHORT,2025-11-10T04:28:59.999Z,3610.54,2025-11-10T07:23:59.999Z,3614.99,1000.00,-1.23,-0.1233,697.75
6665,SHORT,2025-11-10T07:54:59.999Z,3608.17,2025-11-10T09:44:59.999Z,3617.66,1000.00,-2.63,-0.2630,695.12
6666,SHORT,2025-11-10T11:08:59.999Z,3604.41,2025-11-10T11:11:59.999Z,3614.31,1000.00,-2.75,-0.2747,692.37
6667,SHORT,2025-11-10T11:19:59.999Z,3606.48,2025-11-10T11:31:59.999Z,3613.72,1000.00,-2.01,-0.2007,690.36
6668,SHORT,2025-11-10T12:04:59.999Z,3593.38,2025-11-10T13:36:59.999Z,3617.62,1000.00,-6.75,-0.6746,683.62
6669,SHORT,2025-11-10T14:32:59.999Z,3592.31,2025-11-10T18:39:59.999Z,3548.99,1000.00,12.06,1.2059,695.67
6670,SHORT,2025-11-10T19:00:59.999Z,3533.21,2025-11-10T19:17:59.999Z,3549.98,1000.00,-4.75,-0.4746,690.93
6671,SHORT,2025-11-10T19:22:59.999Z,3542.92,2025-11-10T19:41:59.999Z,3570.45,1000.00,-7.77,-0.7770,683.16
6672,SHORT,2025-11-10T21:24:59.999Z,3543.31,2025-11-10T22:49:59.999Z,3572.64,1000.00,-8.28,-0.8278,674.88
6673,SHORT,2025-11-11T04:26:59.999Z,3587.11,2025-11-11T09:05:59.999Z,3574.47,1000.00,3.52,0.3524,678.40
6674,SHORT,2025-11-11T10:16:59.999Z,3561.50,2025-11-11T11:11:59.999Z,3568.96,1000.00,-2.09,-0.2095,676.31
6675,SHORT,2025-11-11T12:43:59.999Z,3549.25,2025-11-12T01:18:59.999Z,3447.10,1000.00,28.78,2.8781,705.09
6676,SHORT,2025-11-12T02:45:59.999Z,3426.19,2025-11-12T03:25:59.999Z,3441.19,1000.00,-4.38,-0.4378,700.71
6677,SHORT,2025-11-12T07:54:59.999Z,3439.73,2025-11-12T08:29:59.999Z,3459.62,1000.00,-5.78,-0.5782,694.93
6678,SHORT,2025-11-12T14:52:59.999Z,3500.90,2025-11-12T21:20:59.999Z,3427.06,1000.00,21.09,2.1092,716.02
6679,SHORT,2025-11-12T21:30:59.999Z,3417.20,2025-11-12T21:34:59.999Z,3424.19,1000.00,-2.05,-0.2046,713.98
6680,SHORT,2025-11-12T21:43:59.999Z,3416.16,2025-11-13T00:18:59.999Z,3420.43,1000.00,-1.25,-0.1250,712.73
6681,SHORT,2025-11-13T00:21:59.999Z,3408.00,2025-11-13T00:39:59.999Z,3426.62,1000.00,-5.46,-0.5464,707.26
6682,SHORT,2025-11-13T01:00:59.999Z,3411.34,2025-11-13T01:02:59.999Z,3417.64,1000.00,-1.85,-0.1847,705.42
6683,SHORT,2025-11-13T03:16:59.999Z,3410.74,2025-11-13T03:27:59.999Z,3441.03,1000.00,-8.88,-0.8881,696.53
6684,SHORT,2025-11-13T09:13:59.999Z,3506.65,2025-11-13T22:39:59.999Z,3228.30,1000.00,79.38,7.9378,775.91
6685,SHORT,2025-11-14T00:48:59.999Z,3209.94,2025-11-14T02:14:59.999Z,3231.96,1000.00,-6.86,-0.6860,769.05
6686,SHORT,2025-11-14T03:54:59.999Z,3219.99,2025-11-14T03:59:59.999Z,3227.93,1000.00,-2.47,-0.2466,766.59
6687,SHORT,2025-11-14T04:05:59.999Z,3212.85,2025-11-14T07:13:59.999Z,3216.18,1000.00,-1.04,-0.1036,765.55
6688,SHORT,2025-11-14T09:27:59.999Z,3190.70,2025-11-14T14:27:59.999Z,3145.22,1000.00,14.25,1.4254,779.80
6689,SHORT,2025-11-14T18:02:59.999Z,3175.15,2025-11-14T19:30:59.999Z,3209.66,1000.00,-10.87,-1.0869,768.94
6690,SHORT,2025-11-14T20:26:59.999Z,3174.39,2025-11-15T01:31:59.999Z,3152.99,1000.00,6.74,0.6741,775.68
6691,SHORT,2025-11-15T05:12:59.999Z,3161.36,2025-11-15T05:25:59.999Z,3173.09,1000.00,-3.71,-0.3710,771.97
6692,SHORT,2025-11-15T05:30:59.999Z,3169.43,2025-11-15T05:31:59.999Z,3172.32,1000.00,-0.91,-0.0912,771.05
6693,SHORT,2025-11-15T08:02:59.999Z,3168.13,2025-11-15T10:53:59.999Z,3170.56,1000.00,-0.77,-0.0767,770.29
6694,SHORT,2025-11-15T11:48:59.999Z,3153.28,2025-11-15T12:36:59.999Z,3165.65,1000.00,-3.92,-0.3923,766.36
6695,SHORT,2025-11-15T12:46:59.999Z,3156.75,2025-11-15T12:55:59.999Z,3163.40,1000.00,-2.11,-0.2107,764.26
6696,SHORT,2025-11-15T16:28:59.999Z,3171.01,2025-11-15T16:49:59.999Z,3184.58,1000.00,-4.28,-0.4279,759.98
6697,SHORT,2025-11-15T19:58:59.999Z,3198.31,2025-11-16T02:30:59.999Z,3176.48,1000.00,6.83,0.6825,766.80
6698,SHORT,2025-11-16T11:21:59.999Z,3192.00,2025-11-16T15:22:59.999Z,3179.50,1000.00,3.92,0.3916,770.72
6699,SHORT,2025-11-16T15:32:59.999Z,3166.68,2025-11-16T15:40:59.999Z,3173.23,1000.00,-2.07,-0.2068,768.65
6700,SHORT,2025-11-16T15:47:59.999Z,3166.98,2025-11-16T19:36:59.999Z,3101.47,1000.00,20.69,2.0685,789.34
6701,SHORT,2025-11-16T21:07:59.999Z,3071.51,2025-11-16T23:36:59.999Z,3100.00,1000.00,-9.28,-0.9276,780.06
6702,SHORT,2025-11-17T09:09:59.999Z,3188.38,2025-11-17T09:11:59.999Z,3198.47,1000.00,-3.16,-0.3165,776.90
6703,SHORT,2025-11-17T12:20:59.999Z,3193.14,2025-11-17T22:32:59.999Z,3022.52,1000.00,53.43,5.3433,830.33
6704,SHORT,2025-11-18T00:43:59.999Z,2997.08,2025-11-18T00:52:59.999Z,3037.70,1000.00,-13.55,-1.3553,816.78
6705,SHORT,2025-11-18T02:02:59.999Z,3000.38,2025-11-18T02:42:59.999Z,3030.14,1000.00,-9.92,-0.9919,806.86
6706,SHORT,2025-11-18T02:55:59.999Z,3006.02,2025-11-18T05:23:59.999Z,3017.70,1000.00,-3.89,-0.3886,802.97
6707,SHORT,2025-11-18T06:36:59.999Z,2986.45,2025-11-18T07:36:59.999Z,3022.36,1000.00,-12.02,-1.2024,790.95
6708,SHORT,2025-11-18T13:00:59.999Z,3047.36,2025-11-18T14:33:59.999Z,3080.92,1000.00,-11.01,-1.1013,779.94
6709,SHORT,2025-11-18T20:41:59.999Z,3135.76,2025-11-19T02:18:59.999Z,3117.71,1000.00,5.76,0.5756,785.69
6710,SHORT,2025-11-19T03:20:59.999Z,3096.66,2025-11-19T07:32:59.999Z,3056.52,1000.00,12.96,1.2962,798.65
6711,SHORT,2025-11-19T13:43:59.999Z,3076.65,2025-11-19T20:54:59.999Z,2938.31,1000.00,44.96,4.4964,843.62
6712,SHORT,2025-11-20T04:23:59.999Z,3022.95,2025-11-20T04:59:59.999Z,3054.01,1000.00,-10.27,-1.0275,833.34
6713,SHORT,2025-11-20T06:23:59.999Z,3027.50,2025-11-20T07:53:59.999Z,3041.81,1000.00,-4.73,-0.4727,828.62
6714,SHORT,2025-11-20T09:05:59.999Z,3025.69,2025-11-20T12:00:59.999Z,3023.76,1000.00,0.64,0.0638,829.26
6715,SHORT,2025-11-20T13:45:59.999Z,3003.30,2025-11-20T21:18:59.999Z,2854.40,1000.00,49.58,4.9579,878.83
6716,SHORT,2025-11-20T23:36:59.999Z,2850.36,2025-11-21T01:15:59.999Z,2866.20,1000.00,-5.56,-0.5557,873.28
6717,SHORT,2025-11-21T01:17:59.999Z,2859.37,2025-11-21T01:23:59.999Z,2877.39,1000.00,-6.30,-0.6302,866.97
6718,SHORT,2025-11-21T02:07:59.999Z,2853.19,2025-11-21T12:57:59.999Z,2730.85,1000.00,42.88,4.2878,909.85
6719,SHORT,2025-11-21T15:40:59.999Z,2697.78,2025-11-21T16:58:59.999Z,2762.04,1000.00,-23.82,-2.3820,886.03
6720,SHORT,2025-11-21T20:02:59.999Z,2749.06,2025-11-21T21:32:59.999Z,2765.12,1000.00,-5.84,-0.5842,880.19
6721,SHORT,2025-11-21T22:39:59.999Z,2739.93,2025-11-21T23:44:59.999Z,2764.99,1000.00,-9.15,-0.9146,871.05
6722,SHORT,2025-11-22T02:27:59.999Z,2755.82,2025-11-22T06:30:59.999Z,2753.00,1000.00,1.02,0.1023,872.07
6723,SHORT,2025-11-22T08:18:59.999Z,2736.26,2025-11-22T11:42:59.999Z,2740.16,1000.00,-1.43,-0.1425,870.64
6724,SHORT,2025-11-22T12:14:59.999Z,2716.45,2025-11-22T14:10:59.999Z,2729.48,1000.00,-4.80,-0.4797,865.85
6725,SHORT,2025-11-22T20:47:59.999Z,2744.18,2025-11-22T22:15:59.999Z,2767.60,1000.00,-8.53,-0.8534,857.31
6726,SHORT,2025-11-23T06:40:59.999Z,2811.62,2025-11-23T08:59:59.999Z,2811.53,1000.00,0.03,0.0032,857.34
6727,SHORT,2025-11-23T10:35:59.999Z,2804.72,2025-11-23T10:45:59.999Z,2811.69,1000.00,-2.49,-0.2485,854.86
6728,SHORT,2025-11-23T11:05:59.999Z,2807.09,2025-11-23T11:26:59.999Z,2815.40,1000.00,-2.96,-0.2960,851.90
6729,SHORT,2025-11-23T14:55:59.999Z,2815.43,2025-11-23T15:49:59.999Z,2832.80,1000.00,-6.17,-0.6170,845.73
6730,SHORT,2025-11-23T16:53:59.999Z,2821.14,2025-11-23T19:20:59.999Z,2823.12,1000.00,-0.70,-0.0702,845.03
6731,SHORT,2025-11-23T23:15:59.999Z,2816.93,2025-11-24T02:06:59.999Z,2850.80,1000.00,-12.02,-1.2024,833.00
6732,SHORT,2025-11-24T04:39:59.999Z,2824.80,2025-11-24T05:09:59.999Z,2873.37,1000.00,-17.19,-1.7194,815.81
6733,SHORT,2025-11-24T06:40:59.999Z,2841.41,2025-11-24T13:10:59.999Z,2821.42,1000.00,7.04,0.7035,822.84
6734,SHORT,2025-11-24T14:29:59.999Z,2798.36,2025-11-24T14:31:59.999Z,2832.43,1000.00,-12.17,-1.2175,810.67
6735,SHORT,2025-11-24T23:58:59.999Z,2953.99,2025-11-25T04:47:59.999Z,2932.17,1000.00,7.39,0.7387,818.06
6736,SHORT,2025-11-25T06:12:59.999Z,2923.13,2025-11-25T11:42:59.999Z,2896.47,1000.00,9.12,0.9120,827.18
6737,SHORT,2025-11-25T11:55:59.999Z,2889.12,2025-11-25T12:06:59.999Z,2896.27,1000.00,-2.47,-0.2475,824.70
6738,SHORT,2025-11-25T14:40:59.999Z,2904.30,2025-11-25T16:23:59.999Z,2921.20,1000.00,-5.82,-0.5819,818.88
6739,SHORT,2025-11-25T19:11:59.999Z,2900.40,2025-11-25T20:20:59.999Z,2937.06,1000.00,-12.64,-1.2640,806.24
6740,SHORT,2025-11-25T22:13:59.999Z,2910.62,2025-11-25T22:34:59.999Z,2934.75,1000.00,-8.29,-0.8290,797.95
6741,SHORT,2025-11-26T03:14:59.999Z,2956.36,2025-11-26T03:23:59.999Z,2961.50,1000.00,-1.74,-0.1739,796.21
6742,SHORT,2025-11-26T03:31:59.999Z,2950.28,2025-11-26T06:05:59.999Z,2949.16,1000.00,0.38,0.0380,796.59
6743,SHORT,2025-11-26T06:25:59.999Z,2939.68,2025-11-26T07:00:59.999Z,2946.22,1000.00,-2.22,-0.2225,794.37
6744,SHORT,2025-11-26T07:10:59.999Z,2941.69,2025-11-26T07:20:59.999Z,2946.00,1000.00,-1.47,-0.1465,792.90
6745,SHORT,2025-11-26T07:42:59.999Z,2937.91,2025-11-26T13:38:59.999Z,2925.29,1000.00,4.30,0.4296,797.20
6746,SHORT,2025-11-27T00:11:59.999Z,3014.76,2025-11-27T00:49:59.999Z,3045.14,1000.00,-10.08,-1.0077,787.12
6747,SHORT,2025-11-27T03:51:59.999Z,3033.49,2025-11-27T04:16:59.999Z,3050.11,1000.00,-5.48,-0.5479,781.64
6748,SHORT,2025-11-27T05:11:59.999Z,3035.76,2025-11-27T09:29:59.999Z,3030.74,1000.00,1.65,0.1654,783.30
6749,SHORT,2025-11-27T10:37:59.999Z,3024.83,2025-11-27T10:54:59.999Z,3034.06,1000.00,-3.05,-0.3051,780.25
6750,SHORT,2025-11-27T11:29:59.999Z,3028.37,2025-11-27T15:51:59.999Z,3012.13,1000.00,5.36,0.5363,785.61
6751,SHORT,2025-11-27T22:24:59.999Z,3029.24,2025-11-28T04:10:59.999Z,3015.48,1000.00,4.54,0.4542,790.15
6752,SHORT,2025-11-28T06:38:59.999Z,3006.26,2025-11-28T07:30:59.999Z,3018.37,1000.00,-4.03,-0.4028,786.12
6753,SHORT,2025-11-28T07:40:59.999Z,3012.45,2025-11-28T08:33:59.999Z,3015.82,1000.00,-1.12,-0.1119,785.00
6754,SHORT,2025-11-28T11:27:59.999Z,3029.19,2025-11-28T13:40:59.999Z,3053.58,1000.00,-8.05,-0.8052,776.95
6755,SHORT,2025-11-28T16:23:59.999Z,3033.81,2025-11-28T19:21:59.999Z,3050.82,1000.00,-5.61,-0.5607,771.35
6756,SHORT,2025-11-28T21:56:59.999Z,3040.19,2025-11-29T01:15:59.999Z,3045.70,1000.00,-1.81,-0.1812,769.53
6757,SHORT,2025-11-29T01:51:59.999Z,3034.79,2025-11-29T02:01:59.999Z,3039.94,1000.00,-1.70,-0.1697,767.84
6758,SHORT,2025-11-29T02:04:59.999Z,3035.62,2025-11-29T04:57:59.999Z,3034.79,1000.00,0.27,0.0273,768.11
6759,SHORT,2025-11-29T06:23:59.999Z,3015.63,2025-11-29T15:27:59.999Z,3001.36,1000.00,4.73,0.4732,772.84
6760,SHORT,2025-11-29T17:18:59.999Z,2996.18,2025-11-29T19:13:59.999Z,2998.49,1000.00,-0.77,-0.0771,772.07
6761,SHORT,2025-11-29T19:57:59.999Z,2989.24,2025-11-29T20:52:59.999Z,2993.52,1000.00,-1.43,-0.1432,770.64
6762,SHORT,2025-11-29T22:19:59.999Z,2985.29,2025-11-29T23:45:59.999Z,2992.05,1000.00,-2.26,-0.2264,768.37
6763,SHORT,2025-11-30T00:02:59.999Z,2988.42,2025-11-30T00:07:59.999Z,2991.95,1000.00,-1.18,-0.1181,767.19
6764,SHORT,2025-11-30T02:56:59.999Z,2992.56,2025-11-30T04:05:59.999Z,3000.98,1000.00,-2.81,-0.2814,764.38
6765,SHORT,2025-11-30T05:04:59.999Z,2995.08,2025-11-30T06:40:59.999Z,2998.16,1000.00,-1.03,-0.1028,763.35
6766,SHORT,2025-11-30T11:35:59.999Z,3002.00,2025-11-30T12:24:59.999Z,3011.77,1000.00,-3.25,-0.3254,760.10
6767,SHORT,2025-11-30T16:01:59.999Z,3028.25,2025-11-30T16:02:59.999Z,3031.74,1000.00,-1.15,-0.1152,758.94
6768,SHORT,2025-11-30T18:34:59.999Z,3033.78,2025-11-30T20:10:59.999Z,3039.65,1000.00,-1.93,-0.1935,757.01
6769,SHORT,2025-11-30T20:29:59.999Z,3029.95,2025-12-01T07:39:59.999Z,2836.88,1000.00,63.72,6.3721,820.73
6770,SHORT,2025-12-01T12:06:59.999Z,2828.53,2025-12-01T20:12:59.999Z,2762.56,1000.00,23.32,2.3323,844.05
6771,SHORT,2025-12-02T03:26:59.999Z,2789.06,2025-12-02T03:52:59.999Z,2804.32,1000.00,-5.47,-0.5471,838.58
6772,SHORT,2025-12-02T05:39:59.999Z,2798.55,2025-12-02T06:34:59.999Z,2808.53,1000.00,-3.57,-0.3566,835.02
6773,SHORT,2025-12-02T08:09:59.999Z,2798.91,2025-12-02T09:28:59.999Z,2806.16,1000.00,-2.59,-0.2590,832.42
6774,SHORT,2025-12-02T09:45:59.999Z,2796.27,2025-12-02T10:11:59.999Z,2808.00,1000.00,-4.19,-0.4195,828.23
6775,SHORT,2025-12-02T20:28:59.999Z,2987.10,2025-12-02T22:13:59.999Z,3014.95,1000.00,-9.32,-0.9323,818.91
6776,SHORT,2025-12-02T23:58:59.999Z,2996.68,2025-12-03T01:12:59.999Z,3010.76,1000.00,-4.70,-0.4699,814.21
6777,SHORT,2025-12-03T08:21:59.999Z,3054.61,2025-12-03T10:00:59.999Z,3060.12,1000.00,-1.80,-0.1804,812.40
6778,SHORT,2025-12-03T14:11:59.999Z,3053.41,2025-12-03T14:42:59.999Z,3144.08,1000.00,-29.69,-2.9695,782.71
6779,SHORT,2025-12-03T16:16:59.999Z,3074.99,2025-12-03T16:29:59.999Z,3084.07,1000.00,-2.95,-0.2953,779.76
6780,SHORT,2025-12-04T04:42:59.999Z,3197.14,2025-12-04T06:38:59.999Z,3213.91,1000.00,-5.25,-0.5245,774.51
6781,SHORT,2025-12-04T07:49:59.999Z,3193.23,2025-12-04T09:35:59.999Z,3199.62,1000.00,-2.00,-0.2001,772.51
6782,SHORT,2025-12-04T10:53:59.999Z,3185.91,2025-12-04T15:39:59.999Z,3219.14,1000.00,-10.43,-1.0430,762.08
6783,SHORT,2025-12-04T16:58:59.999Z,3169.88,2025-12-04T21:10:59.999Z,3149.11,1000.00,6.55,0.6552,768.63
6784,SHORT,2025-12-04T21:49:59.999Z,3128.47,2025-12-04T22:27:59.999Z,3138.33,1000.00,-3.15,-0.3152,765.48
6785,SHORT,2025-12-04T23:51:59.999Z,3134.40,2025-12-05T00:06:59.999Z,3143.63,1000.00,-2.94,-0.2945,762.54
6786,SHORT,2025-12-05T00:20:59.999Z,3135.46,2025-12-05T00:21:59.999Z,3140.04,1000.00,-1.46,-0.1461,761.08
6787,SHORT,2025-12-05T04:42:59.999Z,3156.67,2025-12-05T06:51:59.999Z,3169.07,1000.00,-3.93,-0.3928,757.15
6788,SHORT,2025-12-05T08:19:59.999Z,3161.37,2025-12-05T15:14:59.999Z,3141.46,1000.00,6.30,0.6298,763.44
6789,SHORT,2025-12-05T16:02:59.999Z,3097.73,2025-12-05T20:23:59.999Z,3046.03,1000.00,16.69,1.6690,780.13
6790,SHORT,2025-12-05T20:39:59.999Z,3025.13,2025-12-06T01:00:59.999Z,3025.60,1000.00,-0.16,-0.0155,779.98
6791,SHORT,2025-12-06T02:18:59.999Z,3022.69,2025-12-06T02:38:59.999Z,3025.64,1000.00,-0.98,-0.0976,779.00
6792,SHORT,2025-12-06T07:33:59.999Z,3030.91,2025-12-06T09:55:59.999Z,3030.08,1000.00,0.27,0.0274,779.28
6793,SHORT,2025-12-06T13:03:59.999Z,3031.45,2025-12-06T13:32:59.999Z,3034.98,1000.00,-1.16,-0.1164,778.11
6794,SHORT,2025-12-06T15:37:59.999Z,3033.83,2025-12-06T15:42:59.999Z,3047.84,1000.00,-4.62,-0.4618,773.49
6795,SHORT,2025-12-06T18:50:59.999Z,3044.39,2025-12-06T21:38:59.999Z,3041.63,1000.00,0.91,0.0907,774.40
6796,SHORT,2025-12-06T23:11:59.999Z,3035.77,2025-12-07T00:40:59.999Z,3046.67,1000.00,-3.59,-0.3591,770.81
6797,SHORT,2025-12-07T04:50:59.999Z,3047.32,2025-12-07T10:48:59.999Z,3042.87,1000.00,1.46,0.1460,772.27
6798,SHORT,2025-12-07T13:33:59.999Z,3035.73,2025-12-07T16:18:59.999Z,3018.00,1000.00,5.84,0.5840,778.11
6799,SHORT,2025-12-07T21:48:59.999Z,3088.08,2025-12-08T01:11:59.999Z,3078.82,1000.00,3.00,0.2999,781.11
6800,SHORT,2025-12-08T11:50:59.999Z,3141.58,2025-12-08T13:54:59.999Z,3148.88,1000.00,-2.32,-0.2324,778.79
6801,SHORT,2025-12-08T15:06:59.999Z,3135.68,2025-12-08T18:20:59.999Z,3131.68,1000.00,1.28,0.1276,780.06
6802,SHORT,2025-12-08T18:33:59.999Z,3106.41,2025-12-08T19:53:59.999Z,3126.47,1000.00,-6.46,-0.6458,773.60
6803,SHORT,2025-12-08T23:18:59.999Z,3126.02,2025-12-09T00:20:59.999Z,3141.84,1000.00,-5.06,-0.5061,768.54
6804,SHORT,2025-12-09T00:42:59.999Z,3124.81,2025-12-09T03:54:59.999Z,3122.35,1000.00,0.79,0.0787,769.33
6805,SHORT,2025-12-09T04:49:59.999Z,3106.39,2025-12-09T07:14:59.999Z,3111.92,1000.00,-1.78,-0.1780,767.55
6806,SHORT,2025-12-09T09:40:59.999Z,3109.21,2025-12-09T12:00:59.999Z,3117.40,1000.00,-2.63,-0.2634,764.92
6807,SHORT,2025-12-09T14:02:59.999Z,3120.54,2025-12-09T15:05:59.999Z,3143.58,1000.00,-7.38,-0.7383,757.53
6808,SHORT,2025-12-09T20:31:59.999Z,3326.46,2025-12-09T23:41:59.999Z,3333.19,1000.00,-2.02,-0.2023,755.51
6809,SHORT,2025-12-09T23:53:59.999Z,3321.93,2025-12-10T03:46:59.999Z,3312.00,1000.00,2.99,0.2989,758.50
6810,SHORT,2025-12-10T07:31:59.999Z,3315.00,2025-12-10T07:41:59.999Z,3319.92,1000.00,-1.48,-0.1484,757.02
6811,SHORT,2025-12-10T09:19:59.999Z,3317.02,2025-12-10T09:49:59.999Z,3336.51,1000.00,-5.88,-0.5876,751.14
6812,SHORT,2025-12-10T10:53:59.999Z,3318.09,2025-12-10T13:07:59.999Z,3328.55,1000.00,-3.15,-0.3152,747.99
6813,SHORT,2025-12-10T14:50:59.999Z,3314.03,2025-12-10T15:11:59.999Z,3335.05,1000.00,-6.34,-0.6343,741.64
6814,SHORT,2025-12-10T15:36:59.999Z,3310.20,2025-12-10T16:03:59.999Z,3328.34,1000.00,-5.48,-0.5480,736.16
6815,SHORT,2025-12-10T21:04:59.999Z,3347.05,2025-12-11T09:23:59.999Z,3209.72,1000.00,41.03,4.1030,777.19
6816,SHORT,2025-12-11T10:17:59.999Z,3197.69,2025-12-11T12:36:59.999Z,3205.18,1000.00,-2.34,-0.2342,774.85
6817,SHORT,2025-12-11T13:45:59.999Z,3191.48,2025-12-11T17:27:59.999Z,3197.52,1000.00,-1.89,-0.1893,772.96
6818,SHORT,2025-12-12T00:48:59.999Z,3224.30,2025-12-12T01:44:59.999Z,3234.61,1000.00,-3.20,-0.3198,769.76
6819,SHORT,2025-12-12T05:25:59.999Z,3233.12,2025-12-12T05:56:59.999Z,3247.92,1000.00,-4.58,-0.4578,765.18
6820,SHORT,2025-12-12T08:01:59.999Z,3243.82,2025-12-12T10:02:59.999Z,3250.99,1000.00,-2.21,-0.2210,762.97
6821,SHORT,2025-12-12T10:55:59.999Z,3246.29,2025-12-12T13:04:59.999Z,3245.26,1000.00,0.32,0.0317,763.29
6822,SHORT,2025-12-12T14:04:59.999Z,3239.46,2025-12-12T21:33:59.999Z,3088.06,1000.00,46.74,4.6736,810.03
6823,SHORT,2025-12-13T00:45:59.999Z,3084.90,2025-12-13T01:16:59.999Z,3089.73,1000.00,-1.57,-0.1566,808.46
6824,SHORT,2025-12-13T01:41:59.999Z,3082.46,2025-12-13T03:15:59.999Z,3090.99,1000.00,-2.77,-0.2767,805.69
6825,SHORT,2025-12-13T05:41:59.999Z,3086.97,2025-12-13T06:50:59.999Z,3093.98,1000.00,-2.27,-0.2271,803.42
6826,SHORT,2025-12-13T12:40:59.999Z,3116.99,2025-12-13T15:10:59.999Z,3118.76,1000.00,-0.57,-0.0568,802.86
6827,SHORT,2025-12-13T15:55:59.999Z,3109.95,2025-12-13T19:38:59.999Z,3109.53,1000.00,0.14,0.0135,802.99
6828,SHORT,2025-12-13T20:58:59.999Z,3102.66,2025-12-13T22:03:59.999Z,3118.39,1000.00,-5.07,-0.5070,797.92
6829,SHORT,2025-12-14T04:40:59.999Z,3115.70,2025-12-14T07:58:59.999Z,3115.51,1000.00,0.06,0.0061,797.98
6830,SHORT,2025-12-14T09:19:59.999Z,3112.00,2025-12-14T14:13:59.999Z,3101.49,1000.00,3.38,0.3377,801.36
6831,SHORT,2025-12-14T14:31:59.999Z,3091.34,2025-12-14T16:29:59.999Z,3100.04,1000.00,-2.81,-0.2814,798.54
6832,SHORT,2025-12-14T17:22:59.999Z,3081.13,2025-12-14T18:18:59.999Z,3094.80,1000.00,-4.44,-0.4437,794.11
6833,SHORT,2025-12-14T20:10:59.999Z,3069.54,2025-12-14T20:27:59.999Z,3092.99,1000.00,-7.64,-0.7640,786.47
6834,SHORT,2025-12-14T20:28:59.999Z,3089.49,2025-12-14T20:45:59.999Z,3092.54,1000.00,-0.99,-0.0987,785.48
6835,SHORT,2025-12-14T20:49:59.999Z,3090.00,2025-12-15T01:20:59.999Z,3077.24,1000.00,4.13,0.4129,789.61
6836,SHORT,2025-12-15T13:08:59.999Z,3140.44,2025-12-15T23:00:59.999Z,2952.38,1000.00,59.88,5.9883,849.49
6837,SHORT,2025-12-16T01:19:59.999Z,2946.77,2025-12-16T02:38:59.999Z,2959.48,1000.00,-4.31,-0.4313,845.18
6838,SHORT,2025-12-16T02:54:59.999Z,2945.25,2025-12-16T06:22:59.999Z,2939.70,1000.00,1.88,0.1884,847.07
6839,SHORT,2025-12-16T07:43:59.999Z,2920.74,2025-12-16T10:38:59.999Z,2936.48,1000.00,-5.39,-0.5389,841.68
6840,SHORT,2025-12-16T13:45:59.999Z,2931.78,2025-12-16T15:53:59.999Z,2960.78,1000.00,-9.89,-0.9892,831.78
6841,SHORT,2025-12-16T16:59:59.999Z,2938.59,2025-12-16T17:02:59.999Z,2946.15,1000.00,-2.57,-0.2573,829.21
6842,SHORT,2025-12-16T17:30:59.999Z,2934.69,2025-12-16T18:45:59.999Z,2957.90,1000.00,-7.91,-0.7909,821.30
6843,SHORT,2025-12-16T19:18:59.999Z,2922.79,2025-12-16T19:48:59.999Z,2952.41,1000.00,-10.13,-1.0134,811.17
6844,SHORT,2025-12-17T00:38:59.999Z,2948.71,2025-12-17T01:16:59.999Z,2959.16,1000.00,-3.54,-0.3544,807.63
6845,SHORT,2025-12-17T02:10:59.999Z,2947.73,2025-12-17T02:54:59.999Z,2957.26,1000.00,-3.23,-0.3233,804.39
6846,SHORT,2025-12-17T03:39:59.999Z,2946.38,2025-12-17T07:33:59.999Z,2945.00,1000.00,0.47,0.0468,804.86
6847,SHORT,2025-12-17T08:32:59.999Z,2926.05,2025-12-17T11:42:59.999Z,2932.15,1000.00,-2.08,-0.2085,802.78
6848,SHORT,2025-12-17T12:48:59.999Z,2924.88,2025-12-17T13:45:59.999Z,2940.28,1000.00,-5.27,-0.5265,797.51
6849,SHORT,2025-12-17T14:48:59.999Z,2900.03,2025-12-17T14:54:59.999Z,2964.42,1000.00,-22.20,-2.2203,775.31
6850,SHORT,2025-12-17T16:02:59.999Z,2915.64,2025-12-17T22:49:59.999Z,2830.50,1000.00,29.20,2.9201,804.51
6851,SHORT,2025-12-17T23:18:59.999Z,2822.60,2025-12-17T23:46:59.999Z,2831.07,1000.00,-3.00,-0.3001,801.51
6852,SHORT,2025-12-18T01:31:59.999Z,2824.93,2025-12-18T02:16:59.999Z,2839.94,1000.00,-5.31,-0.5313,796.19
6853,SHORT,2025-12-18T03:35:59.999Z,2827.22,2025-12-18T04:04:59.999Z,2840.50,1000.00,-4.70,-0.4697,791.50
6854,SHORT,2025-12-18T05:21:59.999Z,2827.30,2025-12-18T07:15:59.999Z,2836.96,1000.00,-3.42,-0.3417,788.08
6855,SHORT,2025-12-18T17:08:59.999Z,2883.13,2025-12-18T22:04:59.999Z,2832.61,1000.00,17.52,1.7523,805.60
6856,SHORT,2025-12-19T00:40:59.999Z,2817.43,2025-12-19T01:14:59.999Z,2828.33,1000.00,-3.87,-0.3869,801.73
6857,SHORT,2025-12-19T01:31:59.999Z,2820.64,2025-12-19T02:41:59.999Z,2829.80,1000.00,-3.25,-0.3247,798.49
6858,SHORT,2025-12-19T17:45:59.999Z,2956.50,2025-12-19T19:19:59.999Z,2980.55,1000.00,-8.13,-0.8135,790.35
6859,SHORT,2025-12-19T23:39:59.999Z,2980.27,2025-12-20T02:42:59.999Z,2983.23,1000.00,-0.99,-0.0993,789.36
6860,SHORT,2025-12-20T06:01:59.999Z,2981.92,2025-12-20T08:10:59.999Z,2985.06,1000.00,-1.05,-0.1053,788.31
6861,SHORT,2025-12-20T10:10:59.999Z,2983.55,2025-12-20T11:35:59.999Z,2986.51,1000.00,-0.99,-0.0992,787.31
6862,SHORT,2025-12-20T13:17:59.999Z,2974.22,2025-12-20T17:06:59.999Z,2978.62,1000.00,-1.48,-0.1479,785.83
6863,SHORT,2025-12-20T17:08:59.999Z,2977.50,2025-12-20T17:19:59.999Z,2979.99,1000.00,-0.84,-0.0836,785.00
6864,SHORT,2025-12-20T18:10:59.999Z,2976.87,2025-12-20T19:17:59.999Z,2978.15,1000.00,-0.43,-0.0430,784.57
6865,SHORT,2025-12-20T22:10:59.999Z,2976.58,2025-12-21T00:28:59.999Z,2980.90,1000.00,-1.45,-0.1451,783.12
6866,SHORT,2025-12-21T01:14:59.999Z,2975.52,2025-12-21T03:58:59.999Z,2973.19,1000.00,0.78,0.0783,783.90
6867,SHORT,2025-12-21T12:49:59.999Z,2987.76,2025-12-21T16:10:59.999Z,2976.49,1000.00,3.77,0.3772,787.67
6868,SHORT,2025-12-21T18:24:59.999Z,2973.17,2025-12-21T18:34:59.999Z,2980.72,1000.00,-2.54,-0.2539,785.13
6869,SHORT,2025-12-21T21:43:59.999Z,2981.89,2025-12-21T22:40:59.999Z,2991.34,1000.00,-3.17,-0.3169,781.96
6870,SHORT,2025-12-22T02:15:59.999Z,2994.16,2025-12-22T03:24:59.999Z,3027.68,1000.00,-11.20,-1.1195,770.77
6871,SHORT,2025-12-22T15:21:59.999Z,3041.14,2025-12-22T16:28:59.999Z,3057.52,1000.00,-5.39,-0.5386,765.38
6872,SHORT,2025-12-22T16:34:59.999Z,3045.14,2025-12-22T22:52:59.999Z,3011.26,1000.00,11.13,1.1126,776.51
6873,SHORT,2025-12-23T02:40:59.999Z,2993.99,2025-12-23T10:38:59.999Z,2967.67,1000.00,8.79,0.8791,785.30
6874,SHORT,2025-12-23T12:22:59.999Z,2959.81,2025-12-23T16:23:59.999Z,2957.72,1000.00,0.71,0.0706,786.01
6875,SHORT,2025-12-23T17:47:59.999Z,2931.25,2025-12-23T18:46:59.999Z,2945.98,1000.00,-5.03,-0.5025,780.98
6876,SHORT,2025-12-23T19:33:59.999Z,2931.52,2025-12-23T20:05:59.999Z,2944.77,1000.00,-4.52,-0.4520,776.46
6877,SHORT,2025-12-23T23:09:59.999Z,2957.79,2025-12-23T23:34:59.999Z,2967.00,1000.00,-3.11,-0.3114,773.35
6878,SHORT,2025-12-24T00:33:59.999Z,2959.05,2025-12-24T00:37:59.999Z,2966.46,1000.00,-2.50,-0.2504,770.84
6879,SHORT,2025-12-24T02:06:59.999Z,2958.04,2025-12-24T07:42:59.999Z,2941.46,1000.00,5.61,0.5605,776.45
6880,SHORT,2025-12-24T08:07:59.999Z,2933.99,2025-12-24T10:53:59.999Z,2932.07,1000.00,0.65,0.0654,777.10
6881,SHORT,2025-12-24T10:59:59.999Z,2927.68,2025-12-24T11:00:59.999Z,2929.81,1000.00,-0.73,-0.0728,776.37
6882,SHORT,2025-12-24T11:59:59.999Z,2925.02,2025-12-24T12:30:59.999Z,2931.50,1000.00,-2.22,-0.2215,774.16
6883,SHORT,2025-12-24T13:41:59.999Z,2928.64,2025-12-24T14:04:59.999Z,2934.00,1000.00,-1.83,-0.1830,772.33
6884,SHORT,2025-12-24T14:33:59.999Z,2920.49,2025-12-24T16:12:59.999Z,2928.65,1000.00,-2.79,-0.2794,769.53
6885,SHORT,2025-12-24T23:55:59.999Z,2948.49,2025-12-25T02:17:59.999Z,2948.15,1000.00,0.12,0.0115,769.65
6886,SHORT,2025-12-25T03:43:59.999Z,2945.46,2025-12-25T12:35:59.999Z,2928.40,1000.00,5.79,0.5792,775.44
6887,SHORT,2025-12-25T13:12:59.999Z,2925.41,2025-12-25T13:51:59.999Z,2930.33,1000.00,-1.68,-0.1682,773.76
6888,SHORT,2025-12-25T20:31:59.999Z,2946.01,2025-12-26T01:57:59.999Z,2920.49,1000.00,8.66,0.8663,782.42
6889,SHORT,2025-12-26T07:55:59.999Z,2958.32,2025-12-26T09:46:59.999Z,2972.81,1000.00,-4.90,-0.4898,777.52
6890,SHORT,2025-12-26T11:25:59.999Z,2964.92,2025-12-26T12:31:59.999Z,2969.13,1000.00,-1.42,-0.1420,776.10
6891,SHORT,2025-12-26T14:44:59.999Z,2957.09,2025-12-26T20:23:59.999Z,2928.40,1000.00,9.70,0.9702,785.81
6892,SHORT,2025-12-26T22:14:59.999Z,2925.45,2025-12-26T23:02:59.999Z,2932.72,1000.00,-2.49,-0.2485,783.32
6893,SHORT,2025-12-26T23:48:59.999Z,2927.49,2025-12-27T00:05:59.999Z,2930.55,1000.00,-1.05,-0.1045,782.28
6894,SHORT,2025-12-27T00:22:59.999Z,2924.94,2025-12-27T02:49:59.999Z,2928.56,1000.00,-1.24,-0.1238,781.04
6895,SHORT,2025-12-27T03:12:59.999Z,2926.34,2025-12-27T03:17:59.999Z,2928.04,1000.00,-0.58,-0.0581,780.46
6896,SHORT,2025-12-27T06:24:59.999Z,2929.44,2025-12-27T07:02:59.999Z,2931.62,1000.00,-0.74,-0.0744,779.71
6897,SHORT,2025-12-27T10:24:59.999Z,2933.30,2025-12-27T12:36:59.999Z,2932.70,1000.00,0.20,0.0205,779.92
6898,SHORT,2025-12-27T13:16:59.999Z,2929.59,2025-12-27T17:58:59.999Z,2928.32,1000.00,0.43,0.0434,780.35
6899,SHORT,2025-12-28T03:38:59.999Z,2943.49,2025-12-28T06:53:59.999Z,2942.55,1000.00,0.32,0.0319,780.67
6900,SHORT,2025-12-28T07:35:59.999Z,2939.13,2025-12-28T08:16:59.999Z,2941.98,1000.00,-0.97,-0.0970,779.70
6901,SHORT,2025-12-28T09:42:59.999Z,2933.49,2025-12-28T10:25:59.999Z,2941.66,1000.00,-2.79,-0.2785,776.92
6902,SHORT,2025-12-28T12:43:59.999Z,2940.30,2025-12-28T13:35:59.999Z,2943.46,1000.00,-1.07,-0.1075,775.84
6903,SHORT,2025-12-28T13:56:59.999Z,2940.38,2025-12-28T14:08:59.999Z,2943.60,1000.00,-1.10,-0.1095,774.75
6904,SHORT,2025-12-28T16:39:59.999Z,2943.60,2025-12-28T17:31:59.999Z,2948.65,1000.00,-1.72,-0.1716,773.03
6905,SHORT,2025-12-28T17:52:59.999Z,2945.61,2025-12-28T21:59:59.999Z,2938.28,1000.00,2.49,0.2488,775.52
6906,SHORT,2025-12-29T07:16:59.999Z,3019.01,2025-12-29T18:00:59.999Z,2943.68,1000.00,24.95,2.4952,800.47
6907,SHORT,2025-12-29T18:40:59.999Z,2934.54,2025-12-29T20:24:59.999Z,2935.93,1000.00,-0.47,-0.0474,800.00
6908,SHORT,2025-12-29T20:26:59.999Z,2932.82,2025-12-29T21:42:59.999Z,2937.30,1000.00,-1.53,-0.1528,798.47
6909,SHORT,2025-12-30T00:39:59.999Z,2933.57,2025-12-30T00:59:59.999Z,2937.99,1000.00,-1.51,-0.1507,796.96
6910,SHORT,2025-12-30T01:01:59.999Z,2936.25,2025-12-30T03:37:59.999Z,2939.28,1000.00,-1.03,-0.1032,795.93
6911,SHORT,2025-12-30T05:45:59.999Z,2938.09,2025-12-30T06:13:59.999Z,2946.89,1000.00,-3.00,-0.2995,792.94
6912,SHORT,2025-12-30T14:14:59.999Z,2975.25,2025-12-30T14:55:59.999Z,2993.05,1000.00,-5.98,-0.5983,786.95
6913,SHORT,2025-12-30T15:19:59.999Z,2974.83,2025-12-30T15:45:59.999Z,2982.72,1000.00,-2.65,-0.2652,784.30
6914,SHORT,2025-12-30T17:19:59.999Z,2977.07,2025-12-30T17:41:59.999Z,2984.40,1000.00,-2.46,-0.2462,781.84
6915,SHORT,2025-12-30T17:44:59.999Z,2981.03,2025-12-30T22:20:59.999Z,2970.28,1000.00,3.61,0.3606,785.45
6916,SHORT,2025-12-30T22:52:59.999Z,2966.08,2025-12-30T22:59:59.999Z,2969.54,1000.00,-1.17,-0.1167,784.28
6917,SHORT,2025-12-31T00:19:59.999Z,2963.98,2025-12-31T01:20:59.999Z,2980.98,1000.00,-5.74,-0.5736,778.54
6918,SHORT,2025-12-31T03:40:59.999Z,2967.28,2025-12-31T05:28:59.999Z,2977.02,1000.00,-3.28,-0.3282,775.26
6919,SHORT,2025-12-31T07:20:59.999Z,2972.68,2025-12-31T07:46:59.999Z,2976.05,1000.00,-1.13,-0.1134,774.13
6920,SHORT,2025-12-31T08:39:59.999Z,2970.28,2025-12-31T09:51:59.999Z,2976.26,1000.00,-2.01,-0.2013,772.11
6921,SHORT,2025-12-31T15:11:59.999Z,2977.66,2025-12-31T21:21:59.999Z,2979.50,1000.00,-0.62,-0.0618,771.50
6922,SHORT,2025-12-31T23:04:59.999Z,2974.13,2026-01-01T00:00:59.999Z,2971.87,1000.00,0.76,0.0760,772.26